doc_number,corp_name,status,filing_type,address_1,address_2,city,state,zip_code,file_date,fei_number,registered_agent,ra_city,ra_state,officer_1_title,officer_1_name,officer_2_title,officer_2_name,officer_3_title,officer_3_name,source_file
L26000175080,AMERICAS HOSPITALITY JOBS LLC,A,FLAL,1222 NW BENTLEY CIRCLE,UNIT B,PORT ST LUCIE,,34986,03262026,,VAZQUEZ             JORGE,PORT ST LUCIE,FL,MGR,JORGE               VAZQUEZ,,,,,20260403_corporate.txt
L26000175090,HAM & EGG LLC,A,FLAL,7901 4TH ST N STE 300,,ST. PETERSBURG,,33702,03262026,,NORTHWEST REGISTERED AGENT LLC,ST. PETERSBURG,FL,,,,,,,20260403_corporate.txt
L26000175100,TECHFINLENS LLC,A,FLAL,7901 4TH ST N STE 300,,ST. PETERSBURG,,33702,03262026,,NORTHWEST REGISTERED AGENT LLC,ST. PETERSBURG,FL,,,,,,,20260403_corporate.txt
L26000175110,CONE ZONE ON ICE CREAM CORNER LLC,A,FLAL,2324 MAYO STREET,,HOLLYWOOD,,33020,03262026,,DORSETT             LAWANDA,MIAMI GARDENS,FL,AMBR,BRYAN               HUGH,,,,,20260403_corporate.txt
L26000175120,MCLEOD INVESTMENTS LLC,A,FLAL,7901 4TH ST N STE 300,,ST. PETERSBURG,,33702,03262026,,NORTHWEST REGISTERED AGENT LLC,ST. PETERSBURG,FL,,,,,,,20260403_corporate.txt
L26000175130,"NATIONAL CLOSERS COLLECTIVE, LLC",A,FLAL,501 E KENNEDY AVE,SUITE 100,TAMPA,,33602,03262026,,BRUNDAGE            BRIAN         R,TAMPA,FL,MGR,BRUNDAGE            BRIAN         R,,,,,20260403_corporate.txt
L26000175140,DESI FIORI & FESTA LLC,A,FLAL,3420 W 106TH ST,,HIALEAH,,33018,03262026,,KAUR                AMANDEEP,HIALEAH,FL,MGR,KAUR                AMANDEEP,,,,,20260403_corporate.txt
L26000175150,SUNBUMS HOLDINGS LLC,A,FLAL,7901 4TH ST N STE 300,,ST. PETERSBURG,,33702,03262026,,NORTHWEST REGISTERED AGENT LLC,ST. PETERSBURG,FL,AMBR,DENGELEGI           PATRICK,,,,,20260403_corporate.txt
L26000175160,BARBY'S BEAUTY & AESTHETICS LLC,A,FLAL,3106 ASHLAND LANE NORTH,,KISSIMMEE,,34741,03272026,,CASTRO VELASQUEZ    VANESSA       E,KISSIMMEE,FL,AMBR,CASTRO VELASQUEZ    VANESSA       E,,,,,20260403_corporate.txt
L26000175170,SERVICES CARE CORE LLC,A,FLAL,465 E 29TH ST,309,HIALEAH,,33013,03262026,,TIER ONE LLC,MIAMI,FL,MGR,GUEVARA             ROSMARY,,,,,20260403_corporate.txt
L26000175180,MOMMY BOSS LLC,A,FLAL,382 NE 191ST ST #202392,,MIAMI,,33179,03262026,,JOHNSON             KENDRA        Y,MIAMI,FL,AMBR,JOHNSON             KENDRA        Y,,,,,20260403_corporate.txt
L26000175190,TRIBB N MANAGEMENT SERVICES LLC,A,FLAL,10649 MASTERS DRIVE,,CLERMONT,,34711,03262026,,TRIBBETT            EUNICE        D,CLERMONT,FL,MGR,TRIBBETT            EUNICE        D,,,,,20260403_corporate.txt
L26000175200,EL FLACO MULTISERVICES LLC,A,FLAL,1868NW 112TH ST,,MIAMI,,33167,04012026,,ALZOLAR MARTINEZ    ENGERL,MIAMI,FL,MGR,ALZOLAR MARTI       ENGERL,,,,,20260403_corporate.txt
L26000175210,ANSER PROPERTY LLC,A,FLAL,225 E ROBINSON STREET,SUITE 220,ORLANDO,,32801,03262026,,CORPORATE AGENT ALLIANCE LLC,ORLANDO,FL,MGR,DELBEN SILVA        ANDRE PAULO,MGR,PEDREIRA MAGALHAES  VICTOR,MGR,REBOUCAS DE MELO    RAFAEL,20260403_corporate.txt
L26000175220,PIZZERIA DONA TATA 2 LLC,A,FLAL,2805 N JEFFERSON ST,,TAMPA,,33602,03252026,,O'FARRILL DIAZ      KABIR,TAMPA,FL,AMBR,O'FARRILL DIAZ      KABIR          AMBR,,,,,20260403_corporate.txt
L26000175230,PINECREST PROPERTY 295 LLC,A,FLAL,295 SW 4TH AVE,,POMPANO BEACH,,33060,03302026,,SCARIA              SHIBU,PARKLAND,FL,MGR,SCARIA              SHIBU,,,,,20260403_corporate.txt
L26000175240,FREDERICI GLADII PROPERTY LLC,A,FLAL,225 E ROBINSON STREET,STE 220,ORLANDO,,32801,03262026,,CORPORATE AGENT ALLIANCE LLC,ORLANDO,FL,MGR,DELBEN SILVA        ANDRE PAULO,MGR,REBOUCAS DE MELO    RAFAEL,MGR,PEDREIRA MAGALHAES  VICTOR,20260403_corporate.txt
L26000175250,"JJTT76, LLC",A,FLAL,10543 SEVERINO LANE,,FORT MYERS,,33913,03252026,,"SIMMONS & COOK, PLLC",FORT MYERS,FL,AMBR,ATTEBERRY           PHILIP,AR,ATTEBERRY           WENDY,AR,ATTEBERRY           JENNIFER,20260403_corporate.txt
L26000175260,ZALDIVAR CONSTRUCTION LLC,A,FLAL,6204 REGIMEN DR,,JACKSONVILLE,,32277,03252026,,ZALDIVAR HERNANDEZ  YORDANIS,JACKSONVILLE,FL,P,ZALDIVAR HERNANDEZ  YORDANIS,,,,,20260403_corporate.txt
L26000175270,"STANDARD HEALTH AGENCY, LLC",A,FLAL,321 NORTHLAKE BOULEVARD,,NORTH PALM BEACH,,33408,03262026,,ZUCKERBERG          MICHAEL       D,WEST PALM BEACH,FL,AMBR,DASHTIZADEH         ANTHONY       K,AMBR,ZUCKERBERG          MICHAEL       D,,,20260403_corporate.txt
L26000175280,IMPACT CHIROPRACTIC LLC,A,FLAL,65 MARSH LANDING N,,FREEPORT,,32439,03262026,,BARRON              NEIL          T,FREEPORT,FL,CEO,BARRON              NEIL          T,COO,BARRON              SAVANNAH      W,,,20260403_corporate.txt
L26000175290,GCDB LLC,A,FLAL,120 SALAMANCA AVE,APT 2A,CORAL GABLES,,33134,03262026,,STULA               NICHOLAS,CORAL GABLES,FL,AMBR,STULA               NICHOLAS,,,,,20260403_corporate.txt
L26000175300,"DVI AGENCY, LLC",A,FLAL,321 NORTHLAKE BOULEVARD,216,NORTH PALM BEACH,,33408,03262026,,ZUCKERBERG          MICHAEL       D,WEST PALM BEACH,FL,AMBR,DASHTIZADEH         ANTHONY       K,AMBR,ZUCKERBERG          MICHAEL       D,,,20260403_corporate.txt
L26000175310,SOLIS PONIATOVII PROPERTY LLC,A,FLAL,225 E ROBINSON STREET,STE 220,ORLANDO,,32801,03262026,,CORPORATE AGENT ALLIANCE LLC,ORLANDO,FL,MGR,DELBEN SILVA        ANDRE PAULO,MGR,REBOUCAS DE MELO    RAFAEL,MGR,PEDREIRA MAGALHAES  VICTOR,20260403_corporate.txt
L26000175320,INFINITY JET GROUP LLC,A,FLAL,"16385 BISCAYNE BLVD, UNIT 2318",,NORTH MIAMI BEACH,,33160,03262026,,ZENBUSINESS INC.,TALLAHASSEE,FL,AMBR,GRULLON             STEVEN        E,,,,,20260403_corporate.txt
L26000175330,GOLDEN YEARS SENIOR FITNESS LLC,A,FLAL,865 SE 1ST ST,,BELLE GLADE,,33430,03262026,,JC TAX SOLUTIONS CORP,BELLE GLADE,FL,AMBR,DEL CAMPO           ANNIEL,,,,,20260403_corporate.txt
L26000175340,GREEN HAVEN LANDSCAPING LLC,A,FLAL,4717 DRAGON STREET,,NORTH PORT,,34288,03262026,,ZENBUSINESS INC.,TALLAHASSEE,FL,AMBR,JN BAPTISTE         MISLANDE,AMBR,JEAN BAPTITE        SANSARICK,,,20260403_corporate.txt
L26000175350,REDDY CREATIVE CLEANING SERVICE LLC,A,FLAL,6625 ARGYLE FOREST BLVD,SUITE 4 PMB 3225,JACKSONVILLE,,32244,03262026,,HINES               KATRELL       L,JACKSONVILLE,FL,MGR,HINES               KATRELL       L,,,,,20260403_corporate.txt
P26000017390,CANTAREIRA BRAZILLIAN BBQ CORP,A,DOMP,1711 AMAZING WAY STE 213,,OCOEE,,34761,04022026,,MEDEIROS SOUZA CORP,OCOEE,FL,DIR,SANTOS DE ARAUJO    GUILHERME,DIR,ALVES DE ARAUJO     LEANDRO,,,20260403_corporate.txt
L26000175360,JAY'S TOWING AND TRANSPORTATION LLC,A,FLAL,1817 7TH AVE N,B5,LAKE WORTH,,33461,03262026,,PAPERWORX USA INC,WEST PALM BEAC,FL,MGR,ALEXANDER           JASON,MGR,CASIANO             ODALIS,,,20260403_corporate.txt
L26000175370,MORGUE MOUNTS LLC,A,FLAL,14314 ANDERSON ST,,DADE CITY,,33523,03262026,,HATSIDIMOU          KATRINA,DADE CITY,FL,AMBR,HATSIDIMOU          KATRINA,,,,,20260403_corporate.txt
L26000175380,REFRESH CONSULTING AND SERVICES LLC,A,FLAL,17155 PRADO BLVD,,LOXAHATCHEE,,33470,03262026,,RODRIGUEZ           ISAAC,LOXAHATCHEE,FL,MGR,RODRIGUEZ           ISAAC,AP,RODRIGUEZ           AVETEI,,,20260403_corporate.txt
N26000004530,"CREEKSIDE ESTATES HOA, INC.",A,DOMNP,"14701 PHILIPS HWY, STE 300",,JACKSONVILLE,,32256,04022026,,RIVA                ROBERT        EJR,JACKSONVILLE,FL,DIR,DEAHL               ROBERT        A,DIR,COWLING             LOUIS,DIR,MINIARD             LARSON        G,20260403_corporate.txt
L26000175390,HENRY CLEANING SOLUTIONS LLC,A,FLAL,2070 ONEIDA COURT,,DELTONA,,32738,03262026,,SCOTT AND ASSOCIATES ACCOUNTING FIRM INC,APOPKA,FL,MGR,HENRY               DENA,,,,,20260403_corporate.txt
F26000001980,"KEEPRIGHT REFRIGERATION, INC.",A,FORP,6032 ALLLIANCE WAY,,KILGORE,,75662,04022026,261381015,C T CORPORATION SYSTEM,PLANTATION,FL,PD,REILLY              JOHN          HIII,AS,LEONARD             KEITH         N,GM,XU                  FRANK,20260403_corporate.txt
M26000005210,"TECH ORCHARD, LLC",A,FORL,5110 W. 164TH TERR,,OVERLAND PARK,,66085,03092026,452047820,TROELSTRUP          MICHAEL        JR,NAPLES,FL,MGR,POJE                PHILIP        A,MBR,POJE                PHILIP        A,AP,POJE                PHILIP        A,20260403_corporate.txt
L26000175400,AXIS & ASSEMBLY LLC,A,FLAL,4410 ROUND LAKE CT,,TAMPA,,33618,03242026,,BROOKS              CHAD          M,"TAMPA,",FL,MGR,BROOKS              CHAD          M,,,,,20260403_corporate.txt
L26000175410,PALM & PINE INVESTMENTS LLC,A,FLAL,706 STONEWOOD CT,18C,JUPITER,,33458,03262026,,KARWOSKI            JESSICA,JUPITER,FL,AR,KARWOSKI            JESSICA,,,,,20260403_corporate.txt
P26000017400,SUNNY ACRE DEVELOPMENT CORP.,A,DOMP,5600 NORTH FEDERAL HIGHWAY,,FORT LAUDERAL,,33308,04012026,,LYNN                MARK          JESQ,FORT LAUDERDALE,FL,PRES,FIDEI               NICHOLAS,,,,,20260403_corporate.txt
L26000175420,SE INVESTMENTS MANAGER LLC,A,FLAL,2108 SW 23RD TER,,MIAMI,,33145,03192026,,PEREZ               ESTEBAN,MIAMI,FL,MGR,PEREZ               ESTEBAN,,,,,20260403_corporate.txt
L26000175430,"KERF COLLECTIVE, LLC",A,FLAL,123 SW 6TH AVENUE,,HOMESTEAD,,33030,03252026,,BOYLE               CONRAD        J,FORT LAUDERDALE,FL,MGR,THOMAS              J. CLAYTON,MGR,SILVA               ALLAN,MGR,GALEA               MICHAEL,20260403_corporate.txt
P26000017410,M&C IMPORTADOS CORP,A,DOMP,3049 GETTY WAY UNIT  207,,ORLANDO,,32835,03272026,,CLAUDIA LIMA TAX & ACCOUNTING LLC,ORLANDO,FL,P,LORENSETTI          MARCO A.,,,,,20260403_corporate.txt
L26000175440,EAST ONE COLLECTIVE LLC,A,FLAL,3940 NW 79TH AVE,APT 722,DORAL,,33166,03262026,,MATA                ADRIANA,DORAL,FL,AMBR,MATA                ADRIANA,,,,,20260403_corporate.txt
N26000004540,"THE VILLAGE AT HUNTERS CREEK BUILDING, INC.",A,DOMNP,711 N. ORLANDO AVE,SUITE 302,MAITLAND,,32751,03272026,,GREENSPOON MARDER LLP,ORLANDO,FL,COBP,ARATO               FRANCESCO,DVPS,RAMOS               MARCIO,DTVS,MARTIN              ALDO          D,20260403_corporate.txt
L26000175450,DDCCKK LLC,A,FLAL,7901 4TH ST N STE 300,,ST. PETERSBURG,,33702,03262026,,REGISTERED AGENTS INC,ST. PETERSBURG,FL,,,,,,,20260403_corporate.txt
P26000017420,HERNANDEZ FLOORING SWFL INC,A,DOMP,1154 NUNA AVE,,FORT MYERS,,33905,03272026,,HERNANDEZ RODRIGUEZ JORGE ANTONIO,FORT MYERS,FL,P,HERNANDEZ RODRIGUEZ JORGE ANTONIO,,,,,20260403_corporate.txt
P26000017430,STORM SYSTEM COMPLIANCE CORPORATION INC.,A,DOMP,1390 WEST LAKE SHORE DRIVE,,CLERMONT,,34711,03272026,,"CRAWFORD, MODICA & HOLT, CHARTERED ATTORNE",CLERMONT,FL,D,SHAFER              STEPHEN       A,D,SMITH               CHRISTOPHER   K,D,FROSCHER            J. JUSTIN     P,20260403_corporate.txt
L26000175460,PLUMBER AROUND ME LLC,A,FLAL,6499 NE SEVENTH AVE,APT. #2,BOCA RATON,,33487,03262026,,DUQUE               KEVIN         KSR.,BOCA RATON,FL,MGR,DUQUE               KEVIN         KSR.,,,,,20260403_corporate.txt
P26000017440,PJHDHDN INC,A,DOMP,15 TOWER MANOR DR,,AUBURNDALE,,33823,03272026,,RIOS                KARYSHA,AUBURNDALE,FL,PDST,RIOS                KARYSHA,,,,,20260403_corporate.txt
L26000175470,LQ INVESTMENTS PORTFOLIO 21 LLC,A,FLAL,2031 HARRISON ST,,HOLLYWOOD,,33020,03262026,,FRIEDMAN            BRENT A.,MIAMI,FL,MGR,DANIELLOU           ROMAIN,MGR,GUEANT              THIBAUT,,,20260403_corporate.txt
P26000017450,MILES COURIER INC,A,DOMP,10005 COBBLESTONE CREEK DR,,BOYNTON BEACH,,33472,03222026,,ALI                 ANTHONY,BOYNTON BEACH,FL,VP,ALI                 ANTHONY,VP,ALI                 ANTHONY,VP,ALI                 ANTHONY,20260403_corporate.txt
L26000175480,HIGHER LIFE TRAVEL HEALTH L.L.C.,A,FLAL,"2125 BISCAYNE BLVD, STE 204 #25622",,MIAMI,,33137,03262026,,REPUBLIC REGISTERED AGENT LLC,JACKSONVILLE,FL,AMBR,EDWARDS             KANDICE,,,,,20260403_corporate.txt
L26000175490,APEX FIELD RESEARCH LLC,A,FLAL,6281 39TH STREET NORTH,,PINELLAS PARK,,33781,03262026,,VONDERHEIDE         NIKOLAUS,ST. PETERSBURG,FL,AMBR,BURROUGHS           ELIJAH,AMBR,SEIP                JARED,AMBR,VONDERHEIDE         NIKOLAUS,20260403_corporate.txt
P26000017460,APGRMYW INC,A,DOMP,1251 FIELDSTONE AVE,,DELTONA,,32725,03272026,,MOREAU              RASHIA,DELTONA,FL,PDST,MOREAU              RASHIA,,,,,20260403_corporate.txt
L26000175500,MIPTAG ATHLETECH MANUFACTURING LLC,A,FLAL,66 WEST FLAGLER STREET,SUIT 900,MIAMI,,33130,03262026,,ZENBUSINESS INC.,TALLAHASSEE,FL,AMBR,LABS                UNIT 52,AMBR,GRANT               XAN,,,20260403_corporate.txt
L26000175510,RIVERO LIFT SERVICES LLC,A,FLAL,349 34TH AVE DR E,,BRADENTON,,34208,03262026,,RIVERO FLORES       JUAN          R,BRADENTON,FL,MGR,RIVERO FLORES       JUAN          R,,,,,20260403_corporate.txt
P26000017470,YVONCHIE'S CORP.,A,DOMP,360 NE 170 STREET,,NORTH MIAMI BEACH,,33162,04012026,,JOSEPH              SYLVANOCHI,NORTH MIAMI BEACH,FL,P,JOSEPH              SYLVANOCHI,VP,JOSEPH              SYLVANOCHI,,,20260403_corporate.txt
L26000175520,MONACO 28 INVESTMENTS LLC,A,FLAL,2445 S HIAWASSEE RD. UNIT 1065,,ORLANDO,,32835,03262026,,REPUBLIC REGISTERED AGENT LLC,JACKSONVILLE,FL,AMBR,HUNG CHENG          BELINO,,,,,20260403_corporate.txt
L26000175530,LAGUERRE CONSULTING GROUP LLC,A,FLAL,1015 NW 7TH ST,,BOYNTON BEACH,,33426,03262026,,LAGUERRE            LENNY,BOYNTON BEACH,FL,MGR,LAGUERRE            LENNY,,,,,20260403_corporate.txt
P26000017480,JCM IMPROVEMENT AND SOLUTIONS INC,A,DOMP,2271 NW,159 AVE,PEMBROKE PINES,,33028,03272026,,MARIN               JUAN CARLOS,PEMBROKE PINES,FL,P,MARIN               JUAN CARLOS,,,,,20260403_corporate.txt
L26000175540,DEL REY BARBER STUDIO LLC,A,FLAL,4961 W. ATLANTIC AVE,SUITE 37,DELRAY BEACH,,33445,03262026,,ORNELAS             BENJAMIN,DELRAY BEACH,FL,MGR,ORNELAS             MELISSA,,,,,20260403_corporate.txt
P26000017490,"REVIVE SPINE AND SPORTS INSTITUTE, P.A.",A,DOMP,5877 HAMMOCK ISLES CIRCLE,,NAPLES,,34119,03272026,,MAZZAGATTI          FRANK         AESQ.,FT. LAUDERDALE,FL,P,VIGNA               FRANCO        EM.D.,,,,,20260403_corporate.txt
L26000175550,GSD ACQUISITION LLC,A,FLAL,2121 PONCE DE LEON BLVD,SUITE 250,CORAL GABLES,,33134,03252026,,HERMAN              DAVID          SR,CORAL GABLES,FL,MGR,HERMAN              DAVID          SR,MGR,GARCIA              PABLO,,,20260403_corporate.txt
L26000175560,"ROSIE IS LIVING PURE, LLC",A,FLAL,6961 RAMOTH DR,,JACKSONVILLE,,32226,03212026,,NEWTON              AMIEE,JACKSONVILLE,FL,MGR,NEWTON              AMIEE,,,,,20260403_corporate.txt
L26000175570,THE 90TH REFERRAL NETWORK LLC,A,FLAL,7284 W. PALMETTO PARK RD.,#101,BOCA RATON,,33433,03262026,,MOONILAL            LARRY,DEERFIELD BEACH,FL,MGR,MOONILAL            LARRY,MGR,MOONILAL            SAVITRI,,,20260403_corporate.txt
N26000004550,"PUENTES DE SUENOS FOUNDATION, INC.",A,DOMNP,1065 SW 8TH ST,2306,MIAMI,,33130,03272026,,"NORTHWEST REGISTERED AGENT, LLC",ST. PETERSBURG,FL,P,GREENFIELD          DEREK,VP,ALBERT              KATRICE,S,CALDWELL            CASSANDRA,20260403_corporate.txt
L26000175580,GARDENERS DELIGHT LLC,A,FLAL,215 PETTEWAY DRIVE,,LAKELAND,,33805,03252026,,MARCY               CHRISTINE     E,LAKELAND,FL,AMBR,MARCY               CHRISTINE     E,,,,,20260403_corporate.txt
L26000175590,JANS GENERAL REPAIR LLC,A,FLAL,836 AZALEA DR,,ROYAL PALM BEACH,,33411,03262026,,ALONSO MENA         JANS          C,ROYAL PALM BEACH,FL,AMBR,ALONSO MENA         JANS          C,,,,,20260403_corporate.txt
L26000175600,"ROSHELL FERNANDEZ, LLC",A,FLAL,1805 LAKESHORE CIRCLE,,WESTON,,33326,03262026,,FERNANDEZ           ROSHELL,WESTON,FL,AMBR,FERNANDEZ           ROSHELL,,,,,20260403_corporate.txt
L26000175610,MEDCAREFIRST LLC,A,FLAL,401 S ARCTURAS AVE,,CLEARWATER,,33765,04012026,,MCANALLEN           WILLIAM,CLEARWATER,FL,MGR,MCANALLEN           WILLIAM,,,,,20260403_corporate.txt
L26000175620,"CHIOCCO LABOR, LLC",A,FLAL,5171 NW 159TH ST UNIT E,,MIAMI GARDENS,,33014,04022026,,"CREATIVE TAX SERVICES, LLC",MIAMI LAKES,FL,MGR,CRUZ                JOSEPH,,,,,20260403_corporate.txt
M26000005220,REFINED CATALYST SOLUTIONS LLC,A,FORL,1120 ONEIL DR,,HEBRON,,43025,04022026,,"CAPITOL CORPORATE SERVICES, INC.",TALLAHASSEE,FL,MBR,WORKMAN             AMBER,MBR,DUANE               SEAN,MBR,GLASER              JOEL,20260403_corporate.txt
L26000175630,"PROOFED IN THE SOUTH, LLC",A,FLAL,8978 ROYAL RIVER CIRCLE,,PARRISH,,34219,03262026,,HOFMANN             ROBIN,PARRISH,FL,AMBR,HOFMANN             ROBIN,AMBR,BYSTEDT             MATTHEW       D,,,20260403_corporate.txt
N26000004560,HEAVEN MOVES INC.,A,DOMNP,8325 NW 40TH CT,,CORAL SPRINGS,,33065,03272026,,BARRERA             STEPHANIE     M,CORAL SPRINGS,FL,D,BARRERA             STEPHANIE     M,D,BARRERA             MICHELLE      M,D,HARDY               ABIGAIL       M,20260403_corporate.txt
L26000175640,"AMERICA'S AUTO AUCTION PENSACOLA, INC.",A,FLAL,TWO MERIDIAN PLAZA,"10401 N. MERIDIAN STREET, SUITE 400",CARMEL,,46290,12162009,,C T CORPORATION SYSTEM,PLANTATION,FL,AMBR,"AUTOMOTIVE REMARKETING GROUP, INC",,,,,20260403_corporate.txt
L26000175650,ROYAL INTERNATIONAL HOLDINGS LLC,A,FLAL,2548 NW 96TH DR,103,GAINESVILLE,,32606,03262026,,RODRIGUEZ           ALEJANDRO,GAINESVILLE,FL,MGR,RODRIGUEZ           ALEJANDRO,MGR,RODRIGUEZ           JUAN PABLO,,,20260403_corporate.txt
L26000175660,CARLSON CARPENTRY & CONTRACTING LLC,A,FLAL,3736 CHIARA DRIVE,,TITUSVILLE,,32796,03262026,,CARLSON             RICHARD       W,TITUSVILLE,FL,AMBR,CARLSON             RICHARD       W,AP,CARLSON             ERIKA         P,,,20260403_corporate.txt
L26000175670,LUCRATIVE BRANDS LLC,A,FLAL,7901 4TH ST N STE 300,,ST. PETERSBURG,,33702,03262026,,NORTHWEST REGISTERED AGENT LLC,ST. PETERSBURG,FL,,,,,,,20260403_corporate.txt
L26000175680,DI LUXE SKIN & NAIL LLC,A,FLAL,16040 NW 18 TH CT,,MIAMI GARDENS,,33054,03262026,,SUAREZ HERNANDEZ    DIANELYS,MIAMI GARDENS,FL,MGR,SUAREZ HERNANDEZ    DIANELYS,,,,,20260403_corporate.txt
L26000175690,2151 NW 1 TERR LLC,A,FLAL,C/O HARRISON DEMAIRA,1761 W FLAGLER STREET,MIAMI,,33135,04012026,,RAMIREZ             MANUEL        AESQ,CORAL GABLES,FL,MGR,VILLASUSO           MAURICIO,MGR,DEMAIRA             HARRISON,,,20260403_corporate.txt
L26000175700,BIBIS FOOD CART LLC,A,FLAL,10140 W OZELLO TRAIL,,CRYSTAL RIVER,,34429,03262026,,ASHLINE             MARIAH,CRYSTAL RIVER,FL,AMBR,ASHLINE             MARIAH,AMBR,VELEZ               PEDRO,,,20260403_corporate.txt
L26000175710,"SNELL 323, LLC",A,FLAL,5810 BIMINI WAY S,,SAINT PETE BEACH,,33706,04012026,,GRAY                WILLIAM,SAINT PETE BEACH,FL,AMBR,GRAY                WILLIAM,,,,,20260403_corporate.txt
L26000175720,"ALWAYS SERVING ALL PEOPLE PSYCHIATRY, LLC",A,FLAL,7315 TIGER TRAIL CT,,SUN CITY CENTER,,33573,04042026,,GARCIA              ALICIA,SUN CITY CENTER,FL,AMBR,GARCIA              ALICIA,,,,,20260403_corporate.txt
L26000175730,"FLAMINGOS REST, LLC",A,FLAL,418 SE KRUEGER PKWY,,STUART,,34996,03312026,,NYE                 TERESA        B,STUART,FL,MGR,NYE                 TERESA,,,,,20260403_corporate.txt
P26000017500,"ACKERSON REGNUM ENTERPRISE, INC.",A,DOMP,12900 BROXTON BAY DR,APT 413,JACKSONVILLE,,32218,03272026,,ACKERSON            SHANIKA       N,JACKSONVILLE,FL,P,ACKERSON            SHANIKA       N,,,,,20260403_corporate.txt
L26000175740,"QUAINT AND CROCHET, LLC",A,FLAL,1447 RIVERGATE DR,,JACKSONVILLE,,32223,03242026,,INC AUTHORITY RA,ORLANDO,FL,MGR,GIL                 DEVORA,,,,,20260403_corporate.txt
F26000001990,HOLY GROVE CO,A,FORP,"9701 COLLINS AVE, 2101",,MIAMI,,33154,04022026,,"VCORP AGENT SERVICES, INC.",PLANTATION,FL,CEO,PRICE               KYLE,,,,,20260403_corporate.txt
L26000175750,"TCB PAINTING & HANDYMAN SERVICES, LLC",A,FLAL,608 BENEDICTINE TERRACE,,SEBASTIAN,,32958,03242026,,INC AUTHORITY RA,ORLANDO,FL,MGR,YOUNG               CHARLES,MGR,KINDELL             WILLIAM,,,20260403_corporate.txt
L26000175760,"FOSSIL AND GEM FORGE, LLC",A,FLAL,621 GARDENVIEW COURT,,PENSACOLA,,32506,03242026,,INC AUTHORITY RA,ORLANDO,FL,MGR,BURGETT             MATTHEW,MGR,EVANS               GREG,,,20260403_corporate.txt
L26000175770,BASH BOUTIQUE LLC.,A,FLAL,7310 SAN MORITZ DR,,"PORT RICHEY,",,34668,03162026,,RODRIGUEZ           ALLIANA,PORT RICHEY,FL,MGR,RODRIGUEZ           ALLIANA       R,MGR,LOZANO              MARIA,,,20260403_corporate.txt
P26000017510,ASHVE CORP,A,DOMP,5955 NW 105TH CT,S-212,DORAL,,33178,03272026,,HERNANDEZ VILLAFANE VALENTINA,DORAL,FL,P,HERNANDEZ VILLAFANE VALENTINA,,,,,20260403_corporate.txt
L26000175780,"NEXTWAVE VENDING SOLUTIONS, LLC",A,FLAL,2431 W 70TH ST,,HIALEAH,,33016,03252026,,INC AUTHORITY RA,ORLANDO,FL,MGR,ALFONSO             MICHAEL,,,,,20260403_corporate.txt
P26000017520,"MESA SERVICES 56, CORP",A,DOMP,10275 SW 37TH STREET,,MIAMI,,33165,03272026,,MESA CALERO         RUDY          Y,MIAMI,FL,P/D,MESA CALERO         RUDY,,,,,20260403_corporate.txt
L26000175790,"STEVENSON DIGITAL, LLC",A,FLAL,933 W KALMIA DR,APT D2,LAKE PARK,,33403,03242026,,INC AUTHORITY RA,ORLANDO,FL,MGR,JEAN JACQUES        STEVENSON,,,,,20260403_corporate.txt
P26000017530,SHOCK ELITE BASKETBALL CLUB CORPORATION,A,DOMP,1313 NORTHWEST 15TH AVENUE,,FORT LAUDERDALE,,33313,03272026,,HALL                MAURICE,FORT LAUDERDALE,FL,CEO,HALL                MAURICE       R,VP,MERCIDIEU           MARSHA        A,,,20260403_corporate.txt
L26000175800,"ICARE YOURCARE HEALTH SERVICES, LLC",A,FLAL,11112 KEMPTON VISTA DR,,RIVERVIEW,,33579,03252026,,INC AUTHORITY RA,ORLANDO,FL,MGR,MCCORD              YOLONDA,,,,,20260403_corporate.txt
M26000005230,BD NORA MANAGEMENT LLC,A,FORL,1135 NORTH RAILROAD AVENUE,,WEST PALM BEACH,,33401,04022026,,CORPORATE CREATIONS NETWORK INC,NORTH PALM BEACH,FL,MGR,BORN                RICHARD,,,,,20260403_corporate.txt
L26000175810,"FSYER, LLC",A,FLAL,4500 ISLAND ROAD,,MIAMI,,33137,04012026,,"THE ELIAS LAW FIRM, PLLC",MIAMI LAKES,FL,MGR,ACHI                RAMZI,,,,,20260403_corporate.txt
L26000175820,6095 NW 167 ST D5 LLC,A,FLAL,"16100 EMERALD ESTATES DR., APT. 282      `",,WESTON,,33331,04022026,,EXCELSIOR CORPORATE SERVICES LLC,CORAL GABLES,FL,AMBR,MARIA DE LOURDES DE OLIVEIRA,,,,,20260403_corporate.txt
P26000017540,WINGS GLOBAL ALLIANCE INC.,A,DOMP,202 AIRPORT DR E,,SEBASTIAN,,32958,03282026,,REGISTERED AGENTS INC.,ST. PETERSBURG,FL,P,FLIGHT PATH HOLDINGS LLC,VP,RUSSELL             NORM,VP,FISHER              STEPHEN,20260403_corporate.txt
L26000175830,4 M LAKE PROPERTY LLC,A,FLAL,19030 1ST STREET NE,,LUTZ,,33549,04022026,,SYKES               BRYAN         WESQ,CLEARWATER,FL,MGR,MORROW              THOMAS        J,,,,,20260403_corporate.txt
P26000017550,ALBA HOSPITALITY CONSULTING CORP.,A,DOMP,7350 SW 58TH CT APT 736,,SOUTH MIAMI,,33143,03302026,,"LEGALZOOM USCA, INC.",FORT LAUDERDALE,FL,PST,MCINTYRE            DAVID         A,D,FIORI               MELISSA       M,,,20260403_corporate.txt
L26000175840,"POCKETHOUSE SYSTEMS, LLC",A,FLAL,1661 RINGLING BLVD,,SARASOTA,,34230,03252026,,INC AUTHORITY RA,ORLANDO,FL,MGR,BOWEN               MARK,,,,,20260403_corporate.txt
L26000175850,"CAT TUONG GROUP HOLDINGS, LLC",A,FLAL,7726 WINEGARD RD,SECOND FLOOR,ORLANDO,,32809,03252026,,INC AUTHORITY RA,ORLANDO,FL,MGR,NHAN                VY,MGR,NHAN                NINA,,,20260403_corporate.txt
L26000175860,"FIGUEROA HEAVENLY CLEANING, LLC",A,FLAL,1200 N DAVIS AVE,LOT 50,LAKELAND,,33805,03252026,,INC AUTHORITY RA,ORLANDO,FL,MGR,CLEMENTE            EVELESSE,,,,,20260403_corporate.txt
L26000175870,"EXCELSIOR PADEL CLUB, LLC",A,FLAL,1955 NW 51ST TERRACE,,MIAMI,,33142,03262026,,INC AUTHORITY RA,ORLANDO,FL,MGR,BETANCOURTH         DEYNOR,,,,,20260403_corporate.txt
L26000175880,"NEXT MOVE LOGISTICS SOLUTIONS, LLC",A,FLAL,2989 SIESTA VIEW DR.,,KISSIMMEE,,34744,03262026,,DE GRANDIS CLEMENTI EMMA,KISSIMMEE,FL,AMBR,DE GRANDIS CLEMENTI EMMA,AMBR,BORJAS AGUILAR      SULEYMA       C,,,20260403_corporate.txt
L26000175890,"RAMUDDEN URBAN SOLUTIONS, LLC",A,FLAL,109 DINNERBELL ROAD,,BUTLER,,16002,03262026,,"URS AGENTS, LLC",TALLAHASSEE,FL,MGR,SCHULTZ             FORREST,MGR,RADCHUCK            PAUL          R,,,20260403_corporate.txt
L26000175900,BA CARE SERVICES LLC,A,FLAL,10903 NORTH KENDALL DRIVE,APT 112,MIAMI,,33176,03262026,,MEDINA PONCE        YOLAXY,MIAMI,FL,MGR,MEDINA PONCE        YOLAXY,,,,,20260403_corporate.txt
P26000017560,"PARKER HOLDINGS FLORIDA, INC.",A,DOMP,445 DEVLIN ROAD,,NAPA,,94558,04022026,,CORPORATION SERVICE COMPANY,TALLAHASSEE,FL,PRES,PARKER              DAVID         A,SEC,PARKER              DAVID         A,DIR,PARKER              DAVID         A,20260403_corporate.txt
L26000175910,J2Z TECH LLC,A,FLAL,3081 NW 20TH ST,,FORT LAUDERDALE,,33311,04012026,,HARDEN              JONATHAN      Z,FORT LAUDERDALE,FL,MGR,HARDEN              JOHNATHAN     Z,,,,,20260403_corporate.txt
N26000004570,COMUNIDAD PLENITUD DE VIDA INC. (FULLNESS OF LIFE COMMUNITY INC.),A,DOMNP,3029 SWEET ACRES PL,,SAINT CLOUD,,34772,03272026,,CARABALLO           JAFET         I,SAINT CLOUD,FL,PRES,CARABALLO           JAFET         I,SEC,MARTINEZ            HADDY,TREA,PICHARDO            GLORIBELL,20260403_corporate.txt
L26000175920,NAT PROPERTY MANAGEMENT LLC,A,FLAL,9300 CONROY WINDERMERE ROAD,# 3212,WINDERMERE,,34786,03272026,,STEPHEN             SHILPA,WINDERMERE,FL,MGR,STEPHEN             SHILPA,MGR,STEPHEN             ASHISH,,,20260403_corporate.txt
L26000175930,AUTODEALSOURCE LLC,A,FLAL,3211 PARK BRANCH AVE,,CLERMONT,,34711,03252026,,BELTRAN             ANTHONY       C,CLERMONT,FL,,,,,,,20260403_corporate.txt
L26000175940,"CROWN AUTO RECONDITIONING, LLC",A,FLAL,188 HUNTLEY OAKS BLVD,,LAKE PLACID,,33852,03262026,,PADIAL              JOSE          J,LAKE PLACID,FL,PRES,PADIAL              JOSE          J,,,,,20260403_corporate.txt
L26000175950,AJVPARTS LLC,A,FLAL,19882 BRIDGETOWN LOOP,,VENICE,,34293,03262026,,EDWARD VYDRO,VENICE,FL,AR,VYDRO               EDWARD,,,,,20260403_corporate.txt
L26000175960,HALSEY VENTURES LLC,A,FLAL,5505 MICANOPY DRIVE,,MILTON,,32570,03262026,,SMITH               AMBER         M,MILTON,FL,AMBR,SMITH               AMBER         M,AMBR,SMITH               STEPHEN       M,,,20260403_corporate.txt
L26000175970,INSTAL4 LLC,A,FLAL,2 S BISCAYNE BOULEVARD SUITE 3200 #6784,,MIAMI,,33131,03302026,,LUPA ENTERPRISES INC,MIAMI,FL,MGRM,DAVID FARRO VALCARCEL,,,,,20260403_corporate.txt
L26000175980,PREFERRED AUTO SALES OF TAMPA LLC,A,FLAL,4404 N THATCHER AVE SUITE B,,TAMPA,,33614,03212026,,BULLOCK             CHAD,TAMPA,FL,MGR,BULLOCK             CHAD          W,MGR,GLENN               TERRY         W,,,20260403_corporate.txt
L26000175990,MARGARETKAFLINSKI LLC,A,FLAL,4605 CORSAGE DR.,,LUTZ,,33558,03262026,,KAFLINSKI           MARGARET,LUTZ,FL,MGR,KAFLINSKI           MARGARET,,,,,20260403_corporate.txt
L26000176000,TOMORROWSVISION LLC,A,FLAL,8585 NORTHWEST 11TH TERRACE,,OCALA,,34475,03262026,,NORTHWEST REGISTERED AGENT LLC,ST PETERSBURG,FL,AMBR,MASSIAH             TRAMAINE,,,,,20260403_corporate.txt
L26000176010,"DKGIL ENTERPRISES, LLC",A,FLAL,1409 ARBITUS CIRCLE,,OVIEDO,,32765,04022026,,CORPORATE CREATIONS NETWORK INC.,NORTH PALM BEACH,FL,MGR,GILANFAR            DARIUS,,,,,20260403_corporate.txt
L26000176020,LEE DESIGN GROUP LLC,A,FLAL,1201 FAIRWAY AVE S,,ST PETERSBURG,,33507,03262026,,LEE                 LOGAN,ST PETERSBURG,FL,MGR,LEE                 LOGAN,,,,,20260403_corporate.txt
L26000176030,THE PINK ARCHIVE LLC,A,FLAL,1437 PINEAPPLE AVE,APT 804,MELBOURNE,,32935--659,03262026,,MOHLER              LAUREN        R,MELBOURNE,FL,CEO,MOHLER              LAUREN        R,,,,,20260403_corporate.txt
L26000176040,"UNCOMMON SPORTS PERFORMANCE, LLC",A,FLAL,4106 OKEECHOBEE ROAD,,FORT PIERCE,,34947,04022026,,PESHKE              JENNIFER      DESQ,VERO BEACH,FL,AMBR,KEVIN D. FRANKLIN REVOCABLE TRUST,AMBR,WRIGHT              BRYAN,,,20260403_corporate.txt
L26000176050,101 SOUTH LLC,A,FLAL,101 S. GARDEN AVE.,,CLEARWATER,,33756,04022026,,PASTIS              NICHOLAS,CLEARWATER,FL,MGR,PASTIS              NICHOLAS,,,,,20260403_corporate.txt
L26000176060,"INDUSTRY FUSION PLATFORM A, LLC",A,FLAL,90 FORT WADE ROAD,SUITE 100,PONTE VEDRA,,32081,03262026,,MCCAFFERTY          HUGH          A,PONTE VEDRA,FL,AM,MCCAFFERTY          OWEN          E,,,,,20260403_corporate.txt
L26000176070,"INDUSTRY FUSION PLATFORM, LLC",A,FLAL,90 FORT WADE ROAD,SUITE 100,PONTE VEDRA,,32081,03262026,,MCCAFFERTY          HUGH          A,PONTE VEDRA,FL,AM,MCCAFFERTY          OWEN          E,,,,,20260403_corporate.txt
M26000005240,HOVEX LLC,A,FORL,16192 COASTAL HWY.,,LEWES,,19958,04022026,414808128,"YOUR CAPITAL CONNECTION, INC.",TALLAHASSEE,FL,MGR,SHADIEVA            JANNAT,,,,,20260403_corporate.txt
L26000176080,SSM FAMILY GROUP LLC,A,FLAL,759 SW FEDERAL HIGHWAY,SUITE 304,STUART,,34994,03262026,,MATRIX REGISTERED AGENTS LLC,STUART,FL,MGR,SUAREZ TELLO        FERNANDO      A,AMBR,SALAZAR MICOLTA     DIANA         P,AMBR,MICOLTA LEON        AMPARO,20260403_corporate.txt
L26000176090,KEYSTONE ASSOCIATION MANAGEMENT LLC,A,FLAL,4107 S. TAMIAMI TRAIL,313,VENICE,,34293,03262026,,TOMBAUGH            LISA,VENICE,FL,MGR,TOMBAUGH            LISA,AMBR,TOMBAUGH            JAMES         S,AMBR,TOMBAUGH            EVAN,20260403_corporate.txt
L26000176100,TAQUIZAS LUCIO LLC,A,FLAL,1509 NE 30 ST,,POMPANO BEACH,,33064,03262026,,MORALES HERNANDEZ   LUCIO,POMPANO BEACH,FL,MGR,MORALES HERNANDEZ   LUCIO,,,,,20260403_corporate.txt
L26000176110,SIXELEVEN MERKATUM GLOBAL LLC,A,FLAL,185 SW 7TH STREET,APT 801,MIAMI,,33130,04022026,,RODRIGUEZ           SIMON,MIAMI,FL,MGR,RODRIGUEZ           SIMON,,,,,20260403_corporate.txt
L26000176120,SR320 LLC,A,FLAL,7000 ISLAND BLVD.,APT PH-09,AVENTURA,,33160,03262026,,WEBB                HAL           J,AVENTURA,FL,MGR,WEBB                HAL           J,,,,,20260403_corporate.txt
L26000176130,THE MUSHROOM KINGS LLC,A,FLAL,5206 ROYAL CYPRESS CIRCLE,,TAMPA,,33647,03232026,,SANTANA             SERGIO,TAMPA,FL,MGR,SANTANA             SERGIO,AMBR,ALFREDO             SANTANA,AP,BEAU                SANTANA,20260403_corporate.txt
L26000176140,COLUMBIA COUNTY AUTO PROS LLC,A,FLAL,1917 E DUVAL ST,,LAKD CITY,,32055,03232026,,REVILLE             ALEXANDER,LAKE CIY,FL,MGR,REVILLE             ALEXANDER,MGR,CORDNER             RICHARD,,,20260403_corporate.txt
L26000176150,MB STERLING GROUP LLC,A,FLAL,7043 CORONADO WAY,,PEMBROKE PINES,,33331,03262026,,RIVERA              MARTHA,PEMBROKE PINES,FL,MGRM,MARTHA RIVERA REVOCABLE LIVING TRUST,,,,,20260403_corporate.txt
L26000176160,"5400 BANYAN, LLC",A,FLAL,359 NORTH LAKE WAY,,PALM BEACH,,33480,04022026,,"THERREL BAISDEN, LLP",MIAMI,FL,MGR,FANJUL              RAYSA,,,,,20260403_corporate.txt
L26000176170,"3 POINT PROPERTIES, LLC",A,FLAL,6202 193RD STREET E.,,BRADENTON,,34211,04012026,,"CROSS STREET CORPORATE SERVICES, LLC",SARASOTA,FL,MGR,POINTER             DUSTIN,,,,,20260403_corporate.txt
L26000176180,ILKER MERT LLC,A,FLAL,9410 SW 8 TH ST,5,BOCA RATON,,33428,03262026,,MERT                ILKER,BOCA RATON,FL,MGR,MERT                ILKER,,,,,20260403_corporate.txt
L26000176190,VICEVERSA CHARTERS LLC,A,FLAL,2451 TREASURE LANE,,NAPLES,,34102,03262026,,FAULKNER            KATHLEEN,NAPLES,FL,MGR,FAULKNER            KATHLEEN,MGR,FAULKNER            GREGORY,MGR,MARTIN              SCOTT,20260403_corporate.txt
L26000176200,GULF COAST MARINE SYSTEMS LLC,A,FLAL,7901 4TH ST N STE 300,,ST. PETERSBURG,,33702,03262026,,REGISTERED AGENTS INC,ST. PETERSBURG,FL,,,,,,,20260403_corporate.txt
L26000176210,"TAQ SOLUTIONS, LLC",A,FLAL,5981 WESTAFALL RD,,GREENACRES,,33463,03262026,,"AFFIX TAX SOLUTIONS, LLC",LAKE WORTH,FL,MGR,PACHECO             MAURILIO,,,,,20260403_corporate.txt
L26000176220,DUGAY IP HOLDING LLC,A,FLAL,2517 W. PALM DRIVE,APT 4,TAMPA,,33629,03262026,,DIANGELO LAW,TAMPA,FL,MGR,DUGAY               MICHAEL       J,MGR,NORTH               RYAN          A,,,20260403_corporate.txt
M26000005250,LIVICATION LLC,A,FORL,"255 EAST DRIVE , STE L",,MELBOURNE,,32904,04022026,873698721,"LEGALZOOM USCA, INC.",FORT LAUDERDALE,FL,MBR,WILLIAMS            STEVEN,,,,,20260403_corporate.txt
L26000176230,"NEVERMISS AI, LLC",A,FLAL,50 N. LAURA STREET,SUITE 2500,JACKSONVILLE,,32202,03262026,,BUCHANAN            STEVEN         JR,JACKSONVILLE,FL,AR,BUCHANAN            STEVEN         JR,,,,,20260403_corporate.txt
L26000176240,"TBT PARKING, LLC",A,FLAL,1912 HAMILTON STREET,,JACKSONVILLE,,32210,04022026,,MILNE               DOUGLAS       J,JACKSONVILLE,FL,MGR,"HAMILTON STREET MANAGEMENT & TRUST CO, LLC",,,,,20260403_corporate.txt
L26000176250,EXODUX LOGISTICS LLC,A,FLAL,6039 MEDFORD DR,,ORLANDO,,32808,03262026,,OZZIE PERKINS,ORLANDO,FL,MGR,PERKINS             OZZIE,,,,,20260403_corporate.txt
L26000176260,"N5324P, LLC",A,FLAL,630 97TH AVE N,,NAPLES,,34108,04022026,,ODIO                NATHAN,NAPLES,FL,MGR,ODIO                NATHAN,,,,,20260403_corporate.txt
L26000176270,NAVARRE BEACH ESSENTIALS LLC,A,FLAL,2132 VIZCAYA DR,,NAVARRE,,32566,03262026,,PITTMAN             JONATHAN      T,NAVARRE,FL,MGR,PITTMAN             KATLYN        N,CEO,PITTMAN             JONATHAN      T,,,20260403_corporate.txt
L26000176280,BOONE LADY LAKE LLC,A,FLAL,16 SE BROADWAY STREET,,OCALA,,34471,03262026,,BOONE               KIRK,OCALA,FL,MGR,BOONE               EUGENE,,,,,20260403_corporate.txt
L26000176290,TRE STELLAE LLC,A,FLAL,20253 HYATT LANE,,LAND O' LAKES,,34638,03262026,,CHANDLER            MICHAEL,LAND O LAKES,FL,AMBR,GIMARET             GILLESD,,,,,20260403_corporate.txt
L26000176300,AB SOCIETY LLC,A,FLAL,7901 4TH ST N # 33169,,ST. PETERSBURG,,33702,03262026,,REX LEGAL LLC,MIAMI,FL,MGR,ACOSTA PEREZ        SAMUEL        E,,,,,20260403_corporate.txt
L26000176310,WONG BARBER LLC,A,FLAL,9759 NW 123 TERR,,HIALEAH GARDENS,,33018,03262026,,WONG GARCIA         JOSE          R,HIALEAH GARDENS,FL,AMBR,WONG GARCIA         JOSE          R,,,,,20260403_corporate.txt
L26000176320,RJD 9052 LLC,A,FLAL,831 12TH AVE NW,,NAPLES,,34120,03262026,,DENOME              ROBERT,NAPLES,FL,AMBR,DENOME              ROBERT,AMBR,DENOME              JULIA,,,20260403_corporate.txt
L26000176330,"DH WILLMS ERP ADVISORY, LLC",A,FLAL,3907 NORTHAMPTON WAY,,TAMPA,,33618,03212026,,WILLMS              DAVID         H,TAMPA,FL,PRES,WILLMS              DAVID         H,MGR,WILLMS              GINGER        G,,,20260403_corporate.txt
L26000176340,FPR 841 LLC,A,FLAL,"1860 BAY ROAD, APT E304",DEBORAH R. CIPRIANO,VERO BEACH,,32963,03232026,,CIPRIANO            DEBORAH       R,VERO BEACH,FL,MGR,CIPRIANO            DEBORAH       R,,,,,20260403_corporate.txt
L26000176350,MFC TRAVEL LLC,A,FLAL,2690 NW 84TH WAY,,PEMBROKE PINES,,33024,03262026,,SMIRNOVA            ELENA          MGR,PEMBROKE PINES,FL,MGR,SMIRNOVA            ELENA          MGR,,,,,20260403_corporate.txt
L26000176360,ELYSIAN SHORES LLC,A,FLAL,6039 COLLINS AVE. APT. 725,,MIAMI BEACH,,33140,04022026,,GONZALEZ            JAINETTE,MIAMI BEACH,FL,AMBR,GONZALEZ            JAINETTE,AMBR,BRITO               MARIE,,,20260403_corporate.txt
L26000176370,POSITIVE TOUCH TREE AND LANDSCAPING LLC,A,FLAL,7430 KIMBERLY BLVD APT101,,NORTH LAUDERDALE,,33068,03262026,,NERO                JAMES         E,NORTH LAUDERDALE,FL,MGR,NERO                JAMES         E,,,,,20260403_corporate.txt
L26000176380,AMERICA ENOUGH LLC,A,FLAL,12104 CARTWRIGHT DR,,HUDSON,,34667,03312026,,DAWSON              THOMAS,HUDSON,FL,MGR,DAWSON              THOMAS,,,,,20260403_corporate.txt
L26000176390,BLUTEK SYSTEMS LLC,A,FLAL,5864 SW 74TH TER APT C,,MIAMI,,33143,04022026,415285114,PEREZ               IBRAHIN,MIAMI,FL,AMBR,PEREZ               IBRAHIN,,,,,20260403_corporate.txt
L26000176400,USTM SPV LLC,A,FLAL,"401 E. JACKSON STREET, SUITE 1500",,TAMPA,,33602,04022026,,"GY CORPORATE SERVICES, INC.",WEST PALM BEACH,FL,,,,,,,20260403_corporate.txt
L26000176410,BADDIES RECOVERY LLC,A,FLAL,4301 S. FLAMINGO ROAD,SUITE 106 #537,DAVIE,,33330,03262026,,FOREHAND            BRANDACE      A,FORT.LAUDERDALE,FL,CEO,FOREHAND            BRANDACE      A,,,,,20260403_corporate.txt
L26000176420,"TWJ AVIATION 2, LLC",A,FLAL,"13475 ATLANTIC BOULEVARD, SUITE 8",,JACKSONVILLE,,32225,04022026,,"THE FARAH LAW FIRM, P.A.",JACKSONVILLE,FL,MGR,JONES               JEREMIAH,,,,,20260403_corporate.txt
L26000176430,"HARBOR HOMES PROPERTIES, LLC",A,FLAL,530 SE 8TH ST,,CAPE CORAL,,33990,03262026,,LLANOS              ROSARIO       M,CAPE CORAL,FL,AMBR,LLANOS              ROSARIO       M,,,,,20260403_corporate.txt
L26000176440,JUNKEEZ LLC,A,FLAL,2384 SENTRY PALM DRIVE,311,APOPKA,,32703,03262026,,READ                HARRESEN      J,APOPKA,FL,MGR,READ                HARRESEN      J,,,,,20260403_corporate.txt
L26000176450,FLOMED CLINICAL RESEARCH LLC,A,FLAL,15340 S JOG ROAD,SUITE 215,DELRAY BEACH,,33446,03262026,,WIDROFF             TZIPPY        R,DELRAY BEACH,FL,AR,WIDROFF             TZIPPY        R,AP,WINTER              DANIEL        I,MBR,GALBUT              ERIC,20260403_corporate.txt
L26000176460,CASEATLAS LLC,A,FLAL,2538 TREE MEADOW LOOP,,APOPKA,,32712,03262026,,LIZARDO             ELIGIO,APOPKA,FL,AMBR,LIZARDO             ELIGIO,,,,,20260403_corporate.txt
L26000176470,RALIART LLC,A,FLAL,5516 BONEFISH ST,,ORLANDO,,32812,03262026,,LORENTE IRAOLA      RAFAEL        A,ORLANDO,FL,MGR,LORENTE IRAOLA     RAFAEL        A,MGR,HECHAVARRIA AVILES  NEYDALIS,,,20260403_corporate.txt
L26000176480,"HELIONYX ENERGY, LLC",A,FLAL,821 ORWELL AVE,,ORLANDO,,32809,03262026,,ANGULO CASTRO       RAFAEL        A,ORLANDO,FL,MGR,ANGULO CASTRO       RAFAEL        A,,,,,20260403_corporate.txt
L26000176490,250 BRICKELL OWNER LLC,A,FLAL,"98 CUTTER MILL ROAD, SUITE 284 NORTH",,GREAT NECK,,11021,04022026,,COGENCY GLOBAL INC.,TALLAHASSEE,FL,MGR,NAMDAR              EPHRAIM,,,,,20260403_corporate.txt
L26000176500,SILBER REALTY LLC,A,FLAL,2318 CHESHIRE PL,,LAKELAND,,33810,03262026,,SILBERA             YORDANIS,LAKELAND,FL,AMBR,SILBERA             YORDANIS,,,,,20260403_corporate.txt
L26000176510,MIGDALIA CLEANING LLC,A,FLAL,1320 NW 24ST,APT 908,MIAMI,,33142,03262026,,CHAVIANO MEDEROS    MIGDALIA,MIAMI,FL,MGR,CHAVIANO MEDEROS    MIGDALIA,,,,,20260403_corporate.txt
L26000176520,SKYNBYMIA LLC,A,FLAL,2925 HARBOR LN,,FORT LAUDERDALE,,33312,03262026,,PETKER              MIA           J,FORT LAUDERDALE,FL,AMBR,PETKER              MIA           J,,,,,20260403_corporate.txt
L26000176530,CGSB GAMING LLC,A,FLAL,5149 WINTERVILLE ROAD,,SPRING HILL,,34608-8,04032026,,SPRINGS             JASON         G,SPRING HILL,FL,MGR,SPRINGS             JASON         G,,,,,20260403_corporate.txt
L26000176540,YVETTE A. MORAN LLC,A,FLAL,11440 NW 56TH DR APT 109,,CORAL SPRINGS,,33076,03262026,,REPUBLIC REGISTERED AGENT LLC,JACKSONVILLE,FL,AMBR,MORAN               YVETTE,,,,,20260403_corporate.txt
L26000176550,MC QUALITY PAINTING LLC,A,FLAL,10604 BOCA ENTRADA BLVD,,BOCA RATON,,33428,03262026,,GONCALVES DOS S CRUZMARLON,BOCA RATON,FL,AMBR,GONCALVES DOS S CRUZMARLON,,,,,20260403_corporate.txt
L26000176560,"SPITFIRE FABRICATION, LLC",A,FLAL,190 10TH ST SE,,NAPLES,,34117,03192026,,VALDES              JULIAN,NAPLES,FL,AMBR,VALDES              JULIAN,,,,,20260403_corporate.txt
L26000176570,BON & CO MANAGEMENT LLC,A,FLAL,7075 KINGSPOINTE PKWY,16,ORLANDO,,32819,03262026,,BON                 MAZEN,ORLANDO,FL,AMBR,BON                 MAZEN,,,,,20260403_corporate.txt
L26000176580,ACE VEND & PLAY LLC,A,FLAL,1727 TREEHAVEN COURT,,WELLINGTON,,33414,04102026,,WRIGHT              CHELSEA,WELLINGTON,FL,AMBR,WRIGHT              CHELSEA,,,,,20260403_corporate.txt
L26000176590,JT VENTURES DIGITAL LLC,A,FLAL,6022 WESTGATE DR,AP 103,ORLANDO,,32835,03262026,,COSTA               JULIANA,ORLANDO,FL,MGR,COSTA               JULIANA,,,,,20260403_corporate.txt
L26000176600,GB QUALITY ELECTRICAL SOLUTIONS LLC,A,FLAL,3321 SILVERPOND DR,,PLANT CITY,,33566,03262026,,CONTRERAS           GAMALIEL,PLANT CITY,FL,MGR,CONTRERAS           GAMALIEL,MGR,CONTRERAS           BETCY         K,,,20260403_corporate.txt
L26000176610,KJW LAUNDRY SOLUTIONS LLC,A,FLAL,4850 CEDAR BAY,,KISSIMMEE,,34746,04262026,,PARIS INTEGRATED SERVICES LLC,KISSIMMEE,FL,MGR,LIRANZO             KEYLA         M,S,VERDEJO             JUAN          C,T,VOLQUEZ             WILDA         I,20260403_corporate.txt
L26000176620,DIAMOND TIER PROPERTIES LLC,A,FLAL,2920 FOREST HILL BLVD,APT A3A,CORAL SPRINGS,,33065,03262026,,VANCE               DESIREE       M,CORAL SPRINGS,FL,MBR,VANCE               DESIREE,,,,,20260403_corporate.txt
L26000176630,SW FINDLAY LLC,A,FLAL,3758 SW FINDLAY ST,,PORT ST LUCIE,,34953,03262026,,FERNANDES           MELISSA,BUNNELL,FL,MGR,LEAL                MANUEL        A,AMBR,LEAL                MARIA         C,,,20260403_corporate.txt
L26000176640,WEALTHWISE PROPERTIES LLC,A,FLAL,"2125 BISCAYNE BLVD, STE 204 #25625",,MIAMI,,33137,03262026,,REPUBLIC REGISTERED AGENT LLC,JACKSONVILLE,FL,AMBR,WEALTHWISE HOMES LLC,,,,,20260403_corporate.txt
L26000176650,"NEXT GADGET HUB, LLC",A,FLAL,624 W BAY ST,,WINTER GARDEN,,34787,03262026,,DAVIS               JIM           E,WINTER GARDEN,FL,MGR,DAVIS               JIM           E,,,,,20260403_corporate.txt
L26000176660,YR.MR SPECIAL-SERVICE LLC,A,FLAL,16375 NW 24 TH ST,,PEMBROKE PINES,,33028,03262026,,RAYO MUNERA         YECID ALBERTO,PEMBROKE PINES,FL,MGR,RAYO MUNERA         YECID ALBERTO,,,,,20260403_corporate.txt
L26000176670,"HARBOR SURPLUS GROUP, LLC",A,FLAL,3720 KENSINGTON STREET,,HOLLYWOOD,,33021,03262026,,OBANDO              JAN           K,HOLLYWOOD,FL,MGR,OBANDO              JOSE          A,,,,,20260403_corporate.txt
L26000176680,BETHESDA FARMSTEAD LLC,A,FLAL,3104 SMITH CREEK ROAD,,SOPCHOPPY,,32358,03212026,,PEREZ               ALEX,SOPCHOPPY,FL,MGR,PEREZ               ALEX,AMBR,PEREZ               MAEGAN        C,,,20260403_corporate.txt
L26000176690,COMMISSIONED LLC,A,FLAL,13577 FEATHER SOUND DR,250,CLEARWATER,,33762,03262026,,REGISTERED AGENTS INC,ST. PETERSBURG,FL,MGR,DALY                COLTON,,,,,20260403_corporate.txt
L26000176700,MADE BY MANNY LLC,A,FLAL,602 N UNIVERSITY DR,,PLANTATION,,33324,03262026,,PARRA DELGADO       MANUEL        A,PLANTATION,FL,MGR,RINCON VARGAS       CINDY         A,MRG,PARRA DELGADO       MANUEL        A,,,20260403_corporate.txt
L26000176710,"FREEDOM CROSSINGS SOUTH, LLC",A,FLAL,2441 NE 3RD STREET,SUITE 201,OCALA,,34470,03262026,,RUDNIANYN           JOHN          S,OCALA,FL,MGR,RUDNIANYN           JOHN          S,,,,,20260403_corporate.txt
L26000176720,MULTIGEN LIVING GROUP LLC,A,FLAL,16240 PALMETTO ST,,PUNTA GORDA,,33982,04012026,,MURPHY              JUSTIN        J,PUNTA GORDA,FL,AMBR,MURPHY              JUSTIN        J,,,,,20260403_corporate.txt
L26000176730,TM TAKEOFF LLC,A,FLAL,3208 EAST COLONIAL DR.,C-252,ORLANDO,,32803,03262026,,RIVERA              ROQUE,ORLANDO,FL,AMBR,RIVERA              ROQUE,,,,,20260403_corporate.txt
L26000176740,LMZ WELLNESS LLC,A,FLAL,71 W 63RD ST,,HIALEAH,,33012,03262026,,FERNANDEZ           LISANDRA,HIALEAH,FL,AMBR,FERNANDEZ           LISANDRA,,,,,20260403_corporate.txt
L26000176750,AAG INVESTMENT LLC,A,FLAL,28110 SW 175 AVE,,HOMESTEAD,,33030,03252026,,SIDDIQKARA          GABRIELLA,MIAMI,FL,MGR,SIDDIQKARA          AKBAR         P,MGR,SIDDIQKARA          GABRIELLA,MGR,VIAMONTE            ARNALDO,20260403_corporate.txt
L26000176760,REFINED RECOVERY LLC,A,FLAL,5747 DOONESBURY WAY,,TALLAHASSEE,,32303,03262026,,TYRE                COURTNEY      B,TALLAHASSEE,FL,AMBR,TYRE                COURTNEY      B,,,,,20260403_corporate.txt
L26000175081,"LE TOUCHE SYKORA, LLC",A,FLAL,32 PECAN RUN CRSE,,OCALA,,34472,03262026,,MILLER              SYKORA,OCALA,FL,MGR,MILLER              SYKORA,,,,,20260403_corporate.txt
L26000175091,PRAEX CYBER INTELLIGENCE LABS LLC,A,FLAL,7901 4TH ST N STE 300,,ST. PETERSBURG,,33702,03262026,,NORTHWEST REGISTERED AGENT LLC,ST. PETERSBURG,FL,,,,,,,20260403_corporate.txt
L26000175101,SSYC PROPERTIES LLC,A,FLAL,377 N POINT CT,,SATELLITE BEACH,,32937,03262026,,HOUSTON LAW PLLC,NORTH PALM BEACH,FL,MGR,MCCONNELL           DIANE,,,,,20260403_corporate.txt
L26000175111,1YARD MAINE LLC,A,FLAL,2647 TIMEBERCREEK LOOP E,,LAKELAND,,33805,03262026,,WARD                JERMAINE,LAKELAND,FL,MGR,WARD                JERMAINE,,,,,20260403_corporate.txt
L26000175121,"JAMIESON'S AFFORDABLE ELECTRICAL SERVICES, LLC",A,FLAL,327 SE FISK RD,,PORT ST LUCIE,,34984,03202026,,JAMIESON            ORVILLE,PORT ST LUCIE,FL,MBR,JAMIESON            ORVILLE,,,,,20260403_corporate.txt
L26000175131,SVIORILEX GROUP LLC,A,FLAL,6800 GULFPORT BLVD S,SUITE 201-226,ST PETERSBURG,,33707,03262026,,TAYLOR              NIGEL,ST PETERSBURG,FL,AMBR,TAYLOR              NIGEL,AMBR,GROTEWIEL           CAROLINE,AMBR,BENAVENTE           ANDREW,20260403_corporate.txt
L26000175141,A.F.E DENTAL LAB LLC,A,FLAL,311 GOLF ROAD,SUITE 1000 PMB1019,WEST PALM BEACH,,33407,03262026,,EVANS               ARNOLD        FSR,MIRAMAR,FL,MGR,EVANS               ARNOLD        FSR.,AR,EVANS               JAZZ'M        B,,,20260403_corporate.txt
L26000175151,PP-001 MEADOW CREEK HOLDINGS LLC,A,FLAL,61 MEADOW CREEK DRIVE,,SAINT JOHNS,,32259,03262026,,PRITCHARD,SAINT JOHNS,FL,,,,,,,20260403_corporate.txt
L26000175161,BELTRAN HEALTH & BEHAVIORAL SERVICES LLC,A,FLAL,13716 SW 259 ST,,HOMESTEAD,,33032,03262026,,PEREZ BELTRAN       DAYANA,HOMESTEAD,FL,MGR,PEREZ BELTRAN       DAYANA,,,,,20260403_corporate.txt
L26000175171,JAX CAR RENTALS LLC,A,FLAL,7901 4TH ST N STE 300,,ST. PETERSBURG,,33702,03262026,,NORTHWEST REGISTERED AGENT LLC,ST. PETERSBURG,FL,,,,,,,20260403_corporate.txt
L26000175181,3029 AVIATION LLC,A,FLAL,3929 PONCE DE LEON BLVD,,CORAL GABLES,,33134,03262026,,BREIT               RICHARD       H,PLANTATION,FL,MGR,LEGRAND             RODOLPHE,,,,,20260403_corporate.txt
L26000175191,EVERGREEN SOLUTIONS OF CENTRAL FLORIDA LLC,A,FLAL,1070 MONTGOMERY RD,UNIT 330,ALTAMONTE SPRINGS,,32714,03262026,,MATEO CORTES        JOSE          LSR.,KISSIMMEE,FL,AMBR,KRAMER              AYDEN,,,,,20260403_corporate.txt
L26000175201,JULIE-ANN'S PALATKA  LLC,A,FLAL,510 W. TOWLES AVE.,,PALATKA,,32177,03262026,,KLING               JULIE         A,PALATKA,FL,MMBR,KENT                RON           W,MBR,KENT                JOHN          E,,,20260403_corporate.txt
L26000175211,THE VITAL CANINE LLC,A,FLAL,6211 BOB HEAD RD,,PLANT CITY,,33565,03262026,,FUHREMANN           REBECCA,PLANT CITY,FL,MGR,FUHREMANN           REBECCA,,,,,20260403_corporate.txt
L26000175221,TAYLOR & EBANKS BREAKING RUST LLC,A,FLAL,381 OAK RIDGE PASS,,BARABOO,,53913,03262026,,ZENBUSINESS INC.,TALLAHASSEE,FL,AMBR,TAYLOR              DAEMONE       D,AMBR,EBANKS              NOEL,,,20260403_corporate.txt
L26000175231,"BTC ADVISORY SERVICES, LLC",A,FLAL,7220 SUTTON LANE,,SARASOTA,,34240,03262026,,WILLIAMS            LISA          A,SARSOTA,FL,MBR,WILLIAMS            LISA          A,,,,,20260403_corporate.txt
L26000175241,"C.K.G PROPERTIES, LLC",A,FLAL,12337 VILLAGER CT,,TAMPA,,33625,03262026,,GONZALEZ            CARLOS        G,TAMPA,FL,MGR,GONZALEZ            CARLOS        G,MGR,GONZALEZ            KARLA,,,20260403_corporate.txt
L26000175251,FORT POND HOLDINGS LLC,A,FLAL,422 CONKLIN ST.,,CONKLIN,,11735,03262026,,HEIN                CHRISTOPHER,HIGHLAND BEACH,FL,CFO,SUSINO              DOMINIC,MEMB,HEIN                CHRISTOPHER,,,20260403_corporate.txt
L26000175261,LOCHIUM FUNIS PROPERTY LLC,A,FLAL,225 E ROBINSON STREET,STE 220,ORLANDO,,32801,03262026,,CORPORATE AGENT ALLIANCE LLC,ORLANDO,FL,MGR,DELBEN SILVA        ANDRE PAULO,MGR,REBOUCAS DE MELO    RAFAEL,MGR,PEDREIRA MAGALHAES  VICTOR,20260403_corporate.txt
L26000175271,BLESSED BY MAI L.L.C.,A,FLAL,4900 WE 46TH CT,908,OCALA,,34474,03262026,,ESTES               TATYANA,OCALA,FL,AMBR,ESTES               TATYANA,,,,,20260403_corporate.txt
L26000175281,NOCTUA MINOR PROPERTY LLC,A,FLAL,225 E ROBINSON STREET,STE 220,ORLANDO,,32801,03262026,,CORPORATE AGENT ALLIANCE LLC,ORLANDO,FL,MGR,DELBEN SILVA        ANDRE PAULO,MGR,REBOUCAS DE MELO    RAFAEL,MGR,PEDREIRA MAGALHAES  VICTOR,20260403_corporate.txt
L26000175291,ARM PROPERTY  RENOVATION LLC,A,FLAL,20121 SW 92 AVE,,CUTLER BAY,,33189,04012026,,CONTINO             ROBERTO,CUTLER BAY,FL,,,,,,,20260403_corporate.txt
L26000175301,RAMUS POMIFER PROPERTY LLC,A,FLAL,225 E ROBINSON STREET,STE 220,ORLANDO,,32801,03262026,,CORPORATE AGENT ALLIANCE LLC,ORLANDO,FL,MGR,DELBEN SILVA        ANDRE PAULO,MGR,REBOUCAS DE MELO    RAFAEL,MGR,PEDREIRA MAGALHAES  VICTOR,20260403_corporate.txt
L26000175311,JUAREZ DESIGN LLC,A,FLAL,7906 SANTA CLARA BLVD,,FORT PIERCE,,34951,03262026,,JUAREZ              EDWIN         R,FORT PIERCE,FL,MGR,JUAREZ              EDWIN         R,,,,,20260403_corporate.txt
L26000175321,RICHCON ROOFING LLC,A,FLAL,7643 GATE PARKWAY,SUITE 104-1440,JACKSONVILLE,,32256,03262026,,RICHARDSON          ANTWAN        D,JACKSONVILLE,FL,MGR,RICHARDSON          ANTWAN        D,,,,,20260403_corporate.txt
L26000175331,ROZO GROUP LLC,A,FLAL,1317 EDGEWATER DR,,ORLANDO,,32804,03262026,,"LEGALZOOM USCA, INC.",FORT LAUDERDALE,FL,AMBR,OATTS               RYAN          WSR.,,,,,20260403_corporate.txt
L26000175341,VULTUR CADENS PROPERTY LLC,A,FLAL,225 E ROBINSON STREET,STE 220,ORLANDO,,32801,03262026,,CORPORATE AGENT ALLIANCE LLC,ORLANDO,FL,MGR,DELBEN SILVA        ANDRE PAULO,MGR,REBOUCAS DE MELO    RAFAEL,MGR,PEDREIRA MAGALHAES  VICTOR,20260403_corporate.txt
L26000175351,CHIPS HVAC LLC,A,FLAL,8035 100TH AVE,,VERO BEACH,,32967,03262026,,CIPITELLI           JASON,VERO BEACH,FL,CEO,CIPITELLI           JASON,,,,,20260403_corporate.txt
P26000017391,BG ELITE TRANSPORTATION CORP,A,DOMP,4005 NW 114TH AVE UNIT 22,,DORAL,,33178,04022026,,GUEVARA             ERNESTO,DORAL,FL,P,GUEVARA             ERNESTO,,,,,20260403_corporate.txt
L26000175361,VECTOR STACK LLC,A,FLAL,15670 CITRUS HEIGHTS DR,,WINTER GARDEN,,34787,03262026,,LAMEGO              BRUNO          SR,WINTER GARDEN,FL,AMBR,LAMEGO              BRUNO,,,,,20260403_corporate.txt
L26000175371,DUTRA PAVERS & POOL LLC,A,FLAL,222 GLADES CIR,,LARGO,,33771,03232026,,DE SOUSA DUTRA      TALLYSON,LARGO,FL,P,DE SOUSA DUTRA      TALLYSON,,,,,20260403_corporate.txt
L26000175381,AVN LEGACY POCONOS LLC,A,FLAL,2431 LUNA CREST CT,,WESLEY CHAPEL,,33543,03262026,,VIKRAM              NIRMALA,WESLEY CHAPEL,FL,MGR,VIKRAM              NIRMALA,,,,,20260403_corporate.txt
L26000175391,ORI ACUPUNCTURE PLLC,A,FLAL,252 SUNNY ISLES BLVD,UNIT 101,SUNNY ISLES BEACH,,33160,03262026,,LOGMAN              IRINA,SUNNY ISLES BEACH,FL,AMBR,LOGMAN              IRINA,,,,,20260403_corporate.txt
N26000004531,FORTH ANGEL - ULTIMATE WARNING INC.,A,DOMNP,7901 4TH ST N STE 300,,ST. PETERSBURG,,33702,04022026,,NORTHWEST REGISTERED AGENT LLC,ST. PETERSBURG,FL,P,JAIRO PABLO ALVES DE CARVALHO,VP,PAULA HOELZ ALVARES DE CARVALHO,S,ESTHER ALVARES DE CARVALHO,20260403_corporate.txt
L26000175401,ERA COLLECTIVE LLC,A,FLAL,1201 CHEB PL NW,,PALM BAY,,32907,03262026,,ARCHER              NICKIA        M,PALM BAY,FL,MGR,ARCHER              NICKIA        M,,,,,20260403_corporate.txt
L26000175411,SCOOPS & PEDALS LLC,A,FLAL,12397 SOUTH ORANGE BLOSSOM TRAIL,,ORLANDO,,32837,03262026,,ZENBUSINESS INC.,TALLAHASSEE,FL,AMBR,HALL                KIANA,,,,,20260403_corporate.txt
P26000017401,WOLF CONSULTING NETWORK INC.,A,DOMP,10155 CHERRY HILLS AVE CIR,,BRADENTON,,34202,03272026,,WOLF                MICHAEL       H,BRADENTON,FL,P,WOLF                MICHAEL,,,,,20260403_corporate.txt
L26000175421,"CITY CIGAR BY THE BAY, LLC",A,FLAL,1031 DOVE AVENUE,,MIAMI SPRINGS,,33166,03262026,,GARCED              CARLOS        R,MIAMI SPRINGS,FL,AMBR,GARCED              CARLOS        R,,,,,20260403_corporate.txt
L26000175431,87TH TR N1 LLC,A,FLAL,1620 NE 5TH CT,UNIT A,FT LAUDERDALE,,33301,03302026,,LUZZI               RICHARD,FORT LAUDERDALE,FL,AMBR,LUZZI               RICHARD,AMBR,BENET               AYMERIC,,,20260403_corporate.txt
F26000001981,"MARSHFIELD CLINIC, INC.",A,FORNP,1000 NORTH OAK AVE.,,MARSHFIELD,,54449,04022026,390452970,C T CORPORATION SYSTEM,PLANTATION,FL,DCEO,GASSEN              WILLIAM,TRUS,GASSEN              WILLIAM,CTRU,MOLBERT             LAURIS,20260403_corporate.txt
P26000017411,FINALE REALTOR CORP,A,DOMP,7060 W 2ND WAY,,HIALEAH,,33014,03272026,,ALVAREZ             YANETSI,HIALEAH,FL,P,FINALE              MARIELYS,,,,,20260403_corporate.txt
L26000175441,FLORIDA LOCALS HEATING & COOLING LLC,A,FLAL,1102 CALL STEWART RD,,LAKELAND,,33811,03262026,,DIAMOND             JOSHUA        D,LAKELAND,FL,MGR,DIAMOND             JOSHUA        D,MGR,BERCOT              ALEX,,,20260403_corporate.txt
L26000175451,LINDELL WESTWOOD LLC,A,FLAL,4320 W KENNEDY BLVD SUITE 100,,TAMPA,,33609,03262026,,"LINDELL INVESTMENTS, INC",TAMPA,FL,MGR,"LINDELL INVESTMENTS, INC",,,,,20260403_corporate.txt
P26000017421,SP DIAMONDS INTL TRADE CORP,A,DOMP,36 NE 1ST,SUITE 310,MIAMI,,33132,03252026,,SOARES DA SILVA     SPARTACUS     R,MIAMI,FL,"P,S",SOARES DA SILVA     SPARTACUS     R,VP,INVEST JOIAS SP DIAMONDS IMPORTACAO E EXPO,,,20260403_corporate.txt
P26000017431,QHHXHO INC,A,DOMP,10209 CYPRESS TRAIL DR,,ORLANDO,,32825,03272026,,EDWARDS             NATURILATRICE,ORLANDO,FL,PDST,EDWARDS             NATURILATRICE,,,,,20260403_corporate.txt
L26000175461,DANIS RODRIGUEZ DUARTE LLC,A,FLAL,4163 HERBERTZ RD,APT C,LAKE WORTH RD,,33461,03262026,,RODRIGUEZ DUARTE    DANIS         J,LAKE WORTH RD,FL,MGR,RODRIGUEZ DUARTE    DANIS         J,,,,,20260403_corporate.txt
P26000017441,GENESIS SIGNATURE HOMES INC.,A,DOMP,3821 37TH AVE NE,,NAPLES,,34120,03272026,,SAEZ                DAYAN ALFREDO,NAPLES,FL,P,ALIDINA             FAHIM TALIB,VP,SAEZ                DAYAN ALFREDO,S,SAEZ                DAYAN ALFREDO,20260403_corporate.txt
L26000175471,MARKETING SERVICES LANE LLC,A,FLAL,14629 SW 104TH ST,152,MIAMI,,33186,03262026,,BLANCO              ARIEL,MIAMI,FL,MGR,BLANCO              ARIEL,,,,,20260403_corporate.txt
P26000017451,MSPNTECHAI CORP.,A,DOMP,2410 OVERFALLS PL,,WESLEY CHAPEL,,33543,03272026,,"LEGALZOOM USCA, INC.",FORT LAUDERDALE,FL,PD,LOGANATHAN          PRASSANNA,S,PRASSANNA           SRIVATSAN,T,SANKARAVADIVELU     NIRANJANA,20260403_corporate.txt
L26000175481,10129 BOCA GREENS LLC,A,FLAL,10129 CANOE BROOK CIR.,,BOCA RATON,,33498,03262026,,DE VARONA LAW,BOCA RATON,FL,MGR,BUSTAMANTE ETTEDGUI JOSE          I,,,,,20260403_corporate.txt
L26000175491,CAR COLLECTION OF TAMPA LLC,A,FLAL,25175 LAMBRUSCO LOOP,,LUTZ,,33559,03262026,,ACOSTA PEREZ        YENNY         A,LUTZ,FL,MGR,ACOSTA PEREZ        YENNY         A,AMBR,ACOSTA PEREZ        YENNY         A,MGR,DANACH              FADL          J,20260403_corporate.txt
P26000017461,A.C.E INVESTMENT GROUP HOLDINGS INC,A,DOMP,6135 WOODVILLE HWY,APT 12,TALLAHASSEE,,32305,03222026,,RAMOS               ANGEL         J,TALLAHASSEE,FL,P,RAMOS               ANGEL         J,,,,,20260403_corporate.txt
L26000175501,3520 CABRERA LLC,A,FLAL,3520 NW 36 ST,,MIAMI,,33142,03262026,,CABRERA             JUAN          D,MIAMI SPRINGS,FL,MGR,CABRERA             JUAN          D,,,,,20260403_corporate.txt
L26000175511,STACKED & DRIPPED MINIS LLC,A,FLAL,15444 BROAD BRUSH DR,,SUN CITY CENTER,,33573,03262026,,KING                LAKEISHA,SUN CITY CENTER,FL,MGR,KING                LAKEISHA      D,,,,,20260403_corporate.txt
P26000017471,"BETTER EVERY DAY FABRICATION, INC.",A,DOMP,5031 SE 2ND PL,,OCALA,,34471,03272026,,PEARSON             JESSE,OCALA,FL,P,PEARSON             JESSE,,,,,20260403_corporate.txt
L26000175521,L&G GARMENTS LLC,A,FLAL,3619 SOUTHWEST 27TH STREET,,MIAMI,,33133,03262026,,MONTEVERDI          LEONARDO,MIAMI,FL,AMBR,MONTEVERDI          LEONARDO,AMBR,THORN               GRIFFIN,,,20260403_corporate.txt
N26000004541,RAINBOW VILLAGE RESORT CHURCH CORPORATION,A,DOMNP,4150 LANE ROAD,,ZEPHYRHILLS,,33541,03272026,,MCCLINTIC           CAROL,ZEPHYRHILLS,FL,TREA,MCCLINTIC           CAROL         S,SECR,LASCH               ROSELEE,MEM,BIGELOW             SHARON,20260403_corporate.txt
L26000175531,DETECKTA GLOBAL LLC,A,FLAL,157 PINE CONE TRL,,ORMOND BEACH,,32174,03212026,,RAMIREZ PARRA       MAURICIO,ORMOND BEACH,FL,MGR,RAMIREZ PARRA       MAURICIO,,,,,20260403_corporate.txt
P26000017481,LIV'N LUX INC,A,DOMP,169 EAST FLAGLER ST,SUITE 1022,MIAMI,,33131,03272026,,SALLUM              SAM,AVENTURA,FL,CEO,SALLUM              SAM,,,,,20260403_corporate.txt
L26000175541,"SOLEA LIVING, LLC",A,FLAL,811 14TH STREET,,WEST PALM BEACH,,33401,04012026,,VILBERT             TANISHA,WEST PALM BEACH,FL,AMBR,VILBERT             TANISHA,,,,,20260403_corporate.txt
P26000017491,LAY'EM DOWN FLOORING INC,A,DOMP,211 HOPE CIRCLE,,ORLANDO,,32811,03272026,,WORDSWORTH          NICHOLAS,ORLANDO,FL,P,WORDSWORTH          NICHOLAS,,,,,20260403_corporate.txt
L26000175551,AP FORT MYERS LLC,A,FLAL,850 SE 8 CT,,HIALEAH,,33010,03262026,,PINA                ALFREDO,HIALEAH,FL,MGR,PINA                ALFREDO,,,,,20260403_corporate.txt
L26000175561,BEAUTY UNLOCKED LLC,A,FLAL,"255 S ORANGE AVENUE, SUITE 104 #1509",,ORLANDO,,32801,03262026,,ZENBUSINESS INC.,TALLAHASSEE,FL,AMBR,TOWNSEND            MELANIE,,,,,20260403_corporate.txt
M26000005211,"11NORTH CP WEST TOWN OWNER, LLC",A,FORL,135 W 50TH ST STE 200,,NY,,10020,04022026,,"CORPORATE CREATIONS NETWORK, INC.",NORTH PALM BEACHNS,FL,MGR,"11NORTH CP W TOWN HOLDINGS, LLC",MBR,"11NORTH CP W TOWN HOLDINGS, LLC",AP,HARPER              BRIAN,20260403_corporate.txt
L26000175571,IEQ GLOBAL GROUP LLC,A,FLAL,971 NE 153RD ST,,MIAMI,,33162,03262026,,ESK CLIENT SERVICES LLC,NORTH MIAMI,FL,AMBR,MORA MARTINEZ       DANIEL        E,AMBR,MORA MARTINEZ       LUIS          A,AMBR,MORA ZERPA          RAMON         I,20260403_corporate.txt
L26000175581,"SELF STORAGE OF WILLISTON, LLC",A,FLAL,507 S.E. 6TH STREET,,WILLISTON,,32696,03262026,,ROBERTS             BRANDON E. A.,OCALA,FL,MGR,ROBERTS             BRANDON E. A.,MGR,HOOD                RYAN          D,,,20260403_corporate.txt
N26000004551,ORLANDO GLOBAL CHAMBER OF COMMERCE INC,A,DOMNP,15533 TANGELO TWIST ALLEY,,WINTER GARDEN,,34787,03252026,,AES ACCOUNTING & CONSULTING LLC,ORLANDO,FL,P,NASCIMENTO D SANTOS FERNANDO,VP,PORFIRIO PAZ JUNIOR CARLOS A,D,LOPEZ               ALEJANDRA,20260403_corporate.txt
L26000175591,"AGV RODRIGUEZ FAMILY MANAGEMENT, LLC",A,FLAL,1026 WIDEVIEW AVE,,TARPON SPRINGS,,34689,04022026,,RODRIGUEZ           CHAD,TARPON SPRINGS,FL,MGR,RODRIGUEZ           CHAD,,,,,20260403_corporate.txt
L26000175601,PARAMOUNT PRIME LLC,A,FLAL,1860 N ATLANTIC AVE,UNIT 501,COCOA BEACH,,32931,03262026,,D'ANGELO            MICHAEL,COCOA BEACH,FL,MGR,D'ANGELO            MICHAEL,,,,,20260403_corporate.txt
L26000175611,TRANNON LOGISTICS LLC,A,FLAL,1200 BRICKELL AVENUE,800,MIAMI,,33131,03262026,,DERRICK             TRANNON,SUNRISE,FL,,,,,,,20260403_corporate.txt
L26000175621,"AVIGAIL TOMER FOREVER, LLC",A,FLAL,801 FOSTER ROAD,,HALLANDALE BEACH,,33309,03262026,,"DAVID A. ARONSON, CPA, P.A.",NORTH MIAMI BEACH,FL,AMBR,AMAR                MOSHE         T,AMBR,AMAR                CANDICE       A,,,20260403_corporate.txt
M26000005221,"TWG CONSTRUCTION, LLC",A,FORL,"1301 E. WASHINGTON ST., STE. 100",,INDIANAPOLIS,,46202,04022026,270991618,C T CORPORATION SYSTEM,PLANTATION,FL,MGR,KNOBLE              TONY,MBR,KOMPARA             MATT,MGR,COLLINS             JUSTIN,20260403_corporate.txt
L26000175631,WELLMIND TECHNOLOGY  LLC,A,FLAL,378 BLUE BAYOU LANE,,WINTER SPRINGS,,32708,03232026,,WALKER              SHAWNNA       D,WINTER SPRINGS,FL,AR,LOWE                EMORY         D,,,,,20260403_corporate.txt
N26000004561,"GL PICKLEBALL CLUB, INC",A,DOMNP,1500 GOLDEN LAKES BLVD,,WEST PALM BEACH,,33411,03272026,,MEDINA              GEORGE        L,WEST PALM BEACH,FL,P,TABEEK              DONNA,VP,MEDINA              GEORGE        L,TREA,PIGNATELLI          ANTHONY,20260403_corporate.txt
L26000175641,AURA MIND LLC,A,FLAL,9011 SW 142ND AVE,APT 1422,MIAMI,,33186,03212026,,DE LA RIVA          RENE,NORTH MIAMI BEACH,FL,MGR,PERDOMO CARRERA     MELISSA       A,,,,,20260403_corporate.txt
L26000175651,GORBULOCHKA LLC,A,FLAL,1027 EUCALYPTUS DR,,HOLLYWOOD,,33021,03262026,,BADIUL              ANNA,HOLLYWOOD,FL,AMBR,BADIUL              ANNA,,,,,20260403_corporate.txt
L26000175661,6 TRAIL COURT LLC,A,FLAL,"888 BISCAYNE BLVD, SUITE 505",,MIAMI,,33132,03022026,,"AGENTS AND CORPORATIONS, INC.",NAPLES,FL,MGR,CAROLE CRIST LLC,,,,,20260403_corporate.txt
L26000175671,BLESS BEAUTY SHOP LLC,A,FLAL,2343 LYNN DR,,WEST PALM BEACH,,33415,03262026,,SANCHEZ             KAREN         M,WEST PALM BEACH,FL,,,,,,,20260403_corporate.txt
L26000175681,ASHELY TRANSPORT SERVICES L.L.C,A,FLAL,5235 NW 182 ND ST,,MIAMI GARDENS,,33055,03262026,,DELGADO TORRES      YOANDYS,MIAMI GARDENS,FL,MGR,DELGADO TORRES      YOANDYS,,,,,20260403_corporate.txt
L26000175691,D'S DAUGHTER LLC,A,FLAL,2220 N 19TH AVENUE,APT #7,HOLLYWOOD,,33020,03262026,,ROBESON             PAULA,HOLLYWOOD,FL,MGR,ROBESON             PAULA,,,,,20260403_corporate.txt
L26000175701,PGH HAUS LLC,A,FLAL,1250 E MADISON ST,UNIT 703,TAMPA,,33602,03262026,,GHADIRI             PADIDEH       P,TAMPA,FL,MGR,GHADIRI             PADIDEH       P,MGR,HOFF                AUSTIN        J,,,20260403_corporate.txt
L26000175711,ONLY LUXE HOLDINGS LLC,A,FLAL,4102 AIR CARGO ROAD,1,TAMPA,,33614,03262026,,HERNANDEZ           CIRILO,TAMPA,FL,MGR,HERNANDEZ           CIRILO,,,,,20260403_corporate.txt
L26000175721,PARK FERME' GARAGE CO. LLC,A,FLAL,2026 NE 155TH ST,#19,NORTH MIAMI BEACH,,33162--605,03262026,,MERENDA             ANTHONY,NORTH MIAMI BEACH,FL,PRES,MERENDA             TONY,,,,,20260403_corporate.txt
L26000175731,SAVAG3 DAWGS LLC,A,FLAL,6967 COMPASS CT,,ORLANDO,,32810,03262026,,MALDONADO           FRANCISCO,ORLANDO,FL,AMBR,MALDONADO           FRANCISCO,,,,,20260403_corporate.txt
P26000017501,"TIMOTHY SUSICH, CPA, P.A.",A,DOMP,9990 SW 60TH ST,,MIAMI,,33173--142,03302026,,SUSICH              TIMOTHY,MIAMI,FL,P,SUSICH              TIMOTHY,VP,SUSICH              VIRGINIA,T,SANCHEZ             ARELYS,20260403_corporate.txt
L26000175741,"FIAUTO SHIPPERS, LLC",A,FLAL,51 SOUTHWEST 11TH STREET,APT 1035,MIAMI,,33130,03242026,,INC AUTHORITY RA,ORLANDO,FL,MGR,PILKINGTON          BRIAN,,,,,20260403_corporate.txt
L26000175751,"EMERALD PALMS RV RESORTS, LLC",A,FLAL,6421 JERRY LYNN LN,,PENSACOLA,,32526,03242026,,INC AUTHORITY RA,ORLANDO,FL,MGR,SHANNON             DAVID,,,,,20260403_corporate.txt
F26000001991,"BAESMAN GROUP, INC.",A,FORP,7901 4TH ST N STE 300,,ST PETERSBURG,,33702,04022026,310646372,REGISTERED AGENTS INC,ST PETERSBRUG,FL,DST,BAESMAN             ROD,P,BAESMAN             TYLER,,,20260403_corporate.txt
L26000175761,"APEX FACILITY GROUP, LLC",A,FLAL,1516 EUCLID AVE.,,DELAND,,32720,03252026,,INC AUTHORITY RA,ORLANDO,FL,MGR,HALL                DERRICK DION,,,,,20260403_corporate.txt
L26000175771,"PCB LANDSCAPE AND DEBRIS REMOVAL, LLC",A,FLAL,22310 PALMCREST DR,,PANAMA CITY BEACH,,32413,03242026,,INC AUTHORITY RA,ORLANDO,FL,MGR,MINER               WILLIAM,,,,,20260403_corporate.txt
P26000017511,GARCIA GENERAL SERVICES II CORP,A,DOMP,6130 WEST 22 CT,APT 105,HIALEAH,,33016,03272026,,GARCIA              KIRENIA,HIALEAH,FL,P,GARCIA              KIRENIA,VP,IGLESIAS GARCIA     SHEILA,,,20260403_corporate.txt
L26000175781,"LOCK ALL HEARTS HAVEN, LLC",A,FLAL,3537 SOUTHWEST 175TH AVENUE,,MIRAMAR,,33029,03242026,,INC AUTHORITY RA,ORLANDO,FL,MGR,LOCKHART            TRICIA,,,,,20260403_corporate.txt
P26000017521,BORICUA CRAFT BEER INC,A,DOMP,9309 S ORANGE BLOSSOM TRAIL,515,ORLANDO,,32837,03302026,,RAMOS               DANIEL,ORLANDO,FL,P,RAMOS               DANIEL,"VP,S",GARCIA              YESENIA,,,20260403_corporate.txt
L26000175791,"FIRST STEP ATHLETES, LLC",A,FLAL,1760 CLEARWATER LARGO RD,APT 6101,CLEARWATER,,33756,03252026,,INC AUTHORITY RA,ORLANDO,FL,MGR,LEE                 KAVONA,,,,,20260403_corporate.txt
L26000175801,"PENSACOLA HIGH SCHOOL CLASS OF 1976 ALUMNI, LLC",A,FLAL,2110 N SPRING ST,,PENSACOLA,,32501,03252026,,INC AUTHORITY RA,ORLANDO,FL,MGR,ADAMS               WILLA,MGR,HENDERSON           ANDRE,,,20260403_corporate.txt
L26000175811,"OPULENCE MULTI SERVICE, LLC",A,FLAL,2402 SOUTH ST,,FORT MYERS,,33901,03252026,,INC AUTHORITY RA,ORLANDO,FL,MGR,AUGUSTIN            GUERDINE,,,,,20260403_corporate.txt
M26000005231,RAXEIRA HOLDINGS LLC,A,FORL,"30 N. GOULD ST., STE. N",,SHERIDAN,,82801,04032026,414451784,NORTHWEST REGISTERED AGENT LLC,ST. PETERSBURG,FL,AMBR,ORTIZ               BRANDON,,,,,20260403_corporate.txt
P26000017531,ZAFIROS CLEANING CORP,A,DOMP,6013 LUZON DR,,ORLANDO,,32809,03232026,,MM TAXES,KISSIMMEE,FL,P,LAINEZ              DOLORES,,,,,20260403_corporate.txt
L26000175821,"GD'S YUM YUM'S, LLC",A,FLAL,577 S MAGNOLIA AVE,,MELBOURNE,,32935,03252026,,INC AUTHORITY RA,ORLANDO,FL,MGR,FERGUSON            DANIELLE,MGR,FERGUSON            GAGE,,,20260403_corporate.txt
P26000017541,"RANDY DURAND ELECTRIFIED, INC.",A,DOMP,315 VOTAW RD,,APOPKA,,32703,03302026,,DURAND              RANDALL,APOPKA,FL,PRES,DURAND              RANDALL,,,,,20260403_corporate.txt
L26000175831,ATALA INVESTMENTS LLC,A,FLAL,7387 SW 74TH LANE,,MIAMI,,33143,04022026,,MESTAYER            ILIANA,MIAMI,FL,MMBR,MESTAYER            ILIANA,,,,,20260403_corporate.txt
L26000175841,"MJ VOCATIONAL SERVICES, LLC",A,FLAL,1179 TOLKIEN LANE,,JACKSONVILLE,,32225,03252026,,INC AUTHORITY RA,ORLANDO,FL,MGR,JAHN                MICHELLE,,,,,20260403_corporate.txt
L26000175851,"THE JORDYN EDIT, LLC",A,FLAL,4644 N TAMIAMI TRL,UNIT 415,SARASOTA,,34234,03252026,,INC AUTHORITY RA,ORLANDO,FL,MGR,CHEAVES             JORDYN,,,,,20260403_corporate.txt
P26000017551,1-2-3 LOPEZ HOME SOLUTIONS CORP,A,DOMP,15327 SW 58 TER,,MIAMI,,33193,04012026,,LOPEZ MEJIAS        MAYKELL,MIAMI,FL,P,LOPEZ MEJIAS        MAYKELL,,,,,20260403_corporate.txt
L26000175861,"YAAD MAN LUXURY DETAIL, LLC",A,FLAL,1420 NW 191ST ST,,MIAMI,,33169,03252026,,INC AUTHORITY RA,ORLANDO,FL,MGR,FRANKLIN            OMAR,,,,,20260403_corporate.txt
L26000175871,METRIC ENGINEERING LLC,A,FLAL,13940 SW 136TH STREET SUITE 200,,MIAMI,,33186,04012026,,PEREZ               MARILEY,MIAMI,FL,AMBR,BENITEZ             VERONICA,,,,,20260403_corporate.txt
L26000175881,METRO CLEAN LLC,A,FLAL,2707 RAVELLA WAY,,PALM BEACH GARDENS,,33410,03262026,,SEVERINO            STEVEN,PALM BEACH GARDENS,FL,MGR,SEVERINO            STEVEN,,,,,20260403_corporate.txt
L26000175891,MUSIC AND MEMORIES LLC,A,FLAL,7163 RAMOTH DRIVE,,JACKSONVILLE,,32226,03262026,,ZENBUSINESS INC.,TALLAHASSEE,FL,AMBR,RUTLEDGE            CURTIS,,,,,20260403_corporate.txt
L26000175901,"THE AMERICAN  DREAM FUNDS, LLC",A,FLAL,866 KNECHT RD NE,,PALM BAY,,32905,03262026,,BELINCHAK           DOMINICK,PALM BAY,FL,MGR,BELINCHAK          DOMINICK,,,,,20260403_corporate.txt
L26000175911,"SPARE THE HAIR WELDING AND FABRICATION, LLC",A,FLAL,15054 CO RD 6,,JASPER,,32052,03262026,,INC AUTHORITY RA,ORLANDO,FL,MGR,COWART              JONATHAN,,,,,20260403_corporate.txt
N26000004571,"MNW CLASS OF 1998 FOUNDATION, INC.",A,DOMNP,1357 NW 68TH TERR,,MIAMI,,33147,03262026,,JOHNSON             EBONY,MIAMI,FL,P,JACKSON             DEANGELO       II,VP,ANDREWS             CHAKEIA,SEC,JOHNSON             EBONY,20260403_corporate.txt
L26000175921,INTERMOBILE AMERICAS GROUP LLC,A,FLAL,2608 NW 72 AVE,,MIAMI,,33122,04032026,,MORENO              HILBIANE,MIAMI,FL,AMBR,MORENO              HILBIANE,AMBR,CHEN                LING,AMBR,PARKER              LAWRENCE,20260403_corporate.txt
L26000175931,GIL & ANDUJAR LLC,A,FLAL,7595 ABONADO RD,,TAMPA,,33615,03262026,,GIL                 STEPHANIE,TAMPA,FL,MGR,GIL                 STEPHANIE,MGR,ANDUJAR             ROSA,,,20260403_corporate.txt
P26000017561,GOLDEN BUILDING SUPPLIES INC,A,DOMP,16 ANN LEE LANE,,TAMARAC,,33319,04022026,,BUDHOO              HEATHER,TAMARAC,FL,VP,BUDHOO              HEATHER,PRES,MITCHELL-DALEY      MELISSA,TRES,DALEY               KERA,20260403_corporate.txt
L26000175941,J3L ENTERPRISE L.L.C,A,FLAL,1200 WEST 31ST STREET,UNIT A,RIVIERA BEACH,,33404,03262026,,WILCOX              CLAUDIA,RIVIERA BEACH,FL,MGR,WILCOX              CLAUDIA,MGR,MCCLAIN             LARRY,,,20260403_corporate.txt
L26000175951,CROWN JEWEL VENDING CO.LLC,A,FLAL,3281 EAST GOLF BLVD,14,POMPANO BEACH,,33064,03262026,,CUNNINGHAM          SHEINA,POMPANO BEACH,FL,MGR,CUNNINGHAM          SHEINA,,,,,20260403_corporate.txt
L26000175961,YRIVES SERVICES LLC,A,FLAL,4512 30TH AVE SW,,NAPLES,,34116,03262026,,RIVES               YAMILE,NAPLES,FL,MGR,RIVES               YAMILE,,,,,20260403_corporate.txt
L26000175971,SYNERGY CASS LLC,A,FLAL,1918 W CASS STREET,,TAMPA,,33606,03262026,,"ROCWELL INVESTMENTS, LLC",TAMPA,FL,MGR,SYNERGY RECHARGE LLC,,,,,20260403_corporate.txt
L26000175981,"FLORIDA'S JUNK SOLUTION, LLC",A,FLAL,13249 EBONY AVE,,PORT CHARLOTTE,,33981,03262026,,CURTISS             KEVIN         J,PORT CHARLOTTE,FL,MGR,CURTISS             KEVIN         J,,,,,20260403_corporate.txt
L26000175991,WICKED WILDLIFE ENCOUNTERS LLC,A,FLAL,7901 4TH ST N STE 300,,ST. PETERSBURG,,33702,03262026,,REGISTERED AGENTS INC,ST. PETERSBURG,FL,,,,,,,20260403_corporate.txt
L26000176001,REITOL SOLUTIONS LLC,A,FLAL,6017 WASHINGTON STREET,500,HOLLYWOOD,,33023,03262026,,ARRECHEA            ODALIS,HOLLYWOOD,FL,AMBR,ARRECHEA            ODALIS,,,,,20260403_corporate.txt
L26000176011,EL TACO LOCO LLC,A,FLAL,24420 PACKINGHOUSE RD,,HOMESTEAD,,33032,03262026,,CHAVEZ              LUIS,HOMESTEAD,FL,AMBR,CHAVEZ              LUIS,,,,,20260403_corporate.txt
L26000176021,"DTR ENTERPRISE, LLC",A,FLAL,945 APOPKA BLVD,,APOPKA,,32703,03262026,,INC AUTHORITY RA,ORLANDO,FL,MGR,RUSH                DEMETRI,,,,,20260403_corporate.txt
L26000176031,"PENNY CAPITAL, LLC",A,FLAL,1135 KANE CONCOURSE,SECOND FLOOR,BAY HARBOR ISLANDS,,33154,03262026,,RAIJMAN             GINA          N,BAY HARBOR ISLANDS,FL,MGR,RAIJMAN             GINA          N,,,,,20260403_corporate.txt
L26000176041,KALTARA EDUCATION GROUP LLC,A,FLAL,7901 4TH ST N STE 300,,ST. PETERSBURG,,33702,03262026,,NORTHWEST REGISTERED AGENT LLC,ST. PETERSBURG,FL,AMBR,MORGAN              KEVIN,,,,,20260403_corporate.txt
L26000176051,DULCE TORTUGA LLC,A,FLAL,143 INLET WAY,APT. 3,PALM BEACH SHORES,,33404,03262026,,HUND                TASHA,PALM BEACH SHORES,FL,MGR,HUND                TASHA         MMS,,,,,20260403_corporate.txt
L26000176061,EMPRENDION LLC,A,FLAL,7901 4TH ST N,300,ST PETERSBURG,,33702,03262026,,DAVID ROBERTS,ST PETERSBURG,FL,MGR,SMITH               GREGORY       R,,,,,20260403_corporate.txt
L26000176071,DE OLIVA LLC,A,FLAL,17395 61ST PL N,,LOXAHATCHEE,,33470,03262026,,NORTHWEST REGISTERED AGENT LLC,ST PETERSBURG,FL,AMBR,ROSSO SANTIAGO      ESTEFANIA,,,,,20260403_corporate.txt
L26000176081,GOLDEN AFFAIRS LLC,A,FLAL,2178 HARWICK CIRCLE SOUTHWEST,,VERO BEACH,,32968,03262026,,NORTHWEST REGISTERED AGENT LLC,ST PETERSBURG,FL,AMBR,MCKIM               CHRISTINE,,,,,20260403_corporate.txt
L26000176091,"SELLER AI GROUP, LLC",A,FLAL,12470 NW 18TH CT,,MIAMI,,33167,03262026,,INC AUTHORITY RA,ORLANDO,FL,MGR,CELESTIN            PIERRE,,,,,20260403_corporate.txt
L26000176101,WILL FLOWFIX LLC,A,FLAL,3420 E 21 ST AVE,,TAMPA,,33605,03262026,,TAMAYO ALVAREZ      WILSER,TAMPA,FL,MGR,TAMAYO ALVAREZ      WILSER,,,,,20260403_corporate.txt
M26000005241,"VIVEONA, LLC",A,FORL,603 KNOLLWOOD DR.,,LARGO,,33770,04022026,,VILLAMAGNA          ANDREW,LARGO,FL,MGR,VILLAMAGNA          ANDREW,MBR,VILLAMAGNA          ANDREW,,,20260403_corporate.txt
L26000176111,MONKECLEANING LLC,A,FLAL,1524 2ND AVE E,,BRADENTON,,34208,03262026,,NIETO ESPINOZA      OFELINA,BRANDETON,FL,MGR,NIETO ESPINOZA      OFELINA,,,,,20260403_corporate.txt
L26000176121,JESSIE'S MIXED CREATIONS LLC,A,FLAL,12648 DAYLIGHT TRAIL,,JACKSONVILLE,,32218,04262026,,SMITH               JESSICA       L,JACKSONVILLE,FL,MGR,SMITH               JESSICA       L,,,,,20260403_corporate.txt
L26000176131,BIG MAC FINANCIAL LLC,A,FLAL,7901 4TH ST N STE 300,,ST. PETERSBURG,,33702,03262026,,NORTHWEST REGISTERED AGENT LLC,ST. PETERSBURG,FL,,,,,,,20260403_corporate.txt
L26000176141,"239 GLENWOOD, LLC",A,FLAL,3181 SKYWAY CIRCLE,,MELBOURNE,,32934,03262026,,WELSH               PHILLIP       J,MELBOURNE,FL,MGR,"MWP HOLDINGS, LLC",,,,,20260403_corporate.txt
L26000176151,ALR INNOVATIVE SOLUTIONS LLC,A,FLAL,7901 4TH STREET N SUITE 300,,ST PETERSBURG,,33702,03262026,,REGISTERED AGENTS INC,ST PETERSBURG,FL,AMBR,APV GLOBAL PARTNERS LLC,,,,,20260403_corporate.txt
L26000176161,JUNAH LLC,A,FLAL,220 SE MIZNER,#221,BOCA RATON,,33432,03262026,,C T CORPORATION SYSTEM,PLANTATION,FL,AMBR,TRESH               JULIA,AMBR,FITCH               HANNAH,,,20260403_corporate.txt
L26000176171,"DIOFERDI CONSTRUCTION, LLC",A,FLAL,342 BLUFF LANE,,APOPKA,,34712,03262026,,AGUILAR  OROZCO     OVELIS        D,APOPKA,FL,MGR,AGUILAR OROZCO      OVELIS        D,,,,,20260403_corporate.txt
L26000176181,LIQUID COOLING 110 LLC,A,FLAL,7030 NE 8TH DRIVE,,BOCA RATON,,33487,04022026,,BRITT               KELLY         S,BOCA RATON,FL,MGR,BRITT               KELLY         S,MGR,BRITT               DOUG          M,,,20260403_corporate.txt
L26000176191,"ONSLOW SQUARE, LLC",A,FLAL,"2210 VANDERBILT BEACH ROAD, SUITE 1201",,NAPLES,,34109,04022026,,"J. THOMAS CONROY, III",NAPLES,FL,MGR,EREKSON             CRAIG,,,,,20260403_corporate.txt
L26000176201,THE DRAIN SURGEON JAX LLC,A,FLAL,8451 GATE PKWY W,,JACKSONVILLE,,32216,03262026,,NORTHWEST REGISTERED AGENT LLC,ST PETERSBURG,FL,AMBR,WILLIAMS            DAYSHON,,,,,20260403_corporate.txt
L26000176211,BAPTIST ATLAS JV LLC,A,FLAL,125 BAPTIST WAY SUITE 6A,,PENSACOLA,,32503,04022026,,C T CORPORATION SYSTEM,PLANATAION,FL,,,,,,,20260403_corporate.txt
L26000176221,DENSON FAMILY LEGACY ENTERPRISES LLC,A,FLAL,11840 SW JASPER LAKE WAY,,PORT ST. LUCIE,,34987,03262026,,DENSON              AUTRY         LJR.,PORT ST. LUCIE,FL,MGR,DENSON              AUTRY         LJR,AP,DENSON              ELAINE        N,,,20260403_corporate.txt
L26000176231,"HONEYCOMB ASSET HOLDINGS, LLC",A,FLAL,5114 S. RIDGEWOOD AVE,,PORT ORANGE,,32127,03262026,,"BARKER FAMILY TRUST, LLC",PORT ORANGE,FL,MGR,BARKER              BRIAN         V,MGR,"BARKER FAMILY TRUST, LLC",,,20260403_corporate.txt
M26000005251,"CKNMG, LLC",A,FORL,15245 SHADY GROVE ROAD STE 340,,ROCKVILLE,,20850,04022026,394045185,NORTHWEST REGISTERED AGENT LLC,ST PETERSBURG,FL,MBR,HOANG               LONG          N,,,,,20260403_corporate.txt
L26000176241,WHITELINE LOGISTICS LLC,A,FLAL,3100 SWEETBAY AVENUE,APT 3316,PANAMA CITY,,32405,03262026,,LEGALINC CORPORATE SERVICES INC.,JACKSONVILLE,FL,AMBR,EDWARDS             DAVE,,,,,20260403_corporate.txt
L26000176251,ONE VERTICAL GARDEN LLC,A,FLAL,1735 BUSINESS CENTER LANE,,KISSIMMEE,,34758,03262026,,DESCARTES           ANDREA,KISSIMMEE,FL,MGR,DESCARTES           ANDREA,MGR,HERRERA             ANDREINA,,,20260403_corporate.txt
L26000176261,WARBUX APPAREL LLC,A,FLAL,9040 TOWN CENTER PARKWAY,,LAKEWOOD RANCH,,34202,03262026,,ZANDSTRA            DOUG,LAKEWOOD RANCH,FL,MGR,ZANDSTRA            DOUG,AMBR,PETROU              ARISOT,AMBR,ARCENEAUX           SCOTT,20260403_corporate.txt
L26000176271,SYNERGY BUSINESS CONSULTANTS LLC,A,FLAL,220 N BAYSHORE BLVD APT 202,,CLEARWATER,,33759,03262026,,FARRELL             LISA,CLEARWATER,FL,AMBR,FARRELL             LISA,,,,,20260403_corporate.txt
L26000176281,PRIME PATH GROUP LLC,A,FLAL,5240 SW 143 CT,,MIAMI,,33175,03262026,,PADILLA             YORKY,MIAMI,FL,MGR,PADILLA             YORKY,,,,,20260403_corporate.txt
L26000176291,NIKRA LLC,A,FLAL,7901 4TH ST N,STE 300,ST. PETERSBURG,,33702,03262026,,NORTHWEST REGISTERED AGENT LLC,ST. PETERSBURG,FL,AMBR,KASHIF              MUHAMMAD,,,,,20260403_corporate.txt
L26000176301,KAYLEE'S CREW L.LC.,A,FLAL,6870 MALVERN ST,,PENSACOLA,,32506,03202026,,KIMMONS             STEVEN        D,PENSACOLA,FL,MGR,KIMMONS             STEVEN        D,MBR,KIMMONS             LINDA,,,20260403_corporate.txt
L26000176311,GROWTHWAVE ADS LLC,A,FLAL,487 WEST ST,,ORMOND BEACH,,32174,03262026,,BAUGHMAN            AIDAN         D,ORMOND BEACH,FL,MGR,BAUGHMAN            AIDAN         D,MGR,BAUGHMAN            BRIAN         H,,,20260403_corporate.txt
L26000176321,CADMIEL JIMENEZ LLC,A,FLAL,3821 SW 140 CT,,MIAMI,,33175,03262026,,LUXE CAPITAL ACCOUNTING,MIAMI,FL,MGR,JIMENEZ             CADMIEL,,,,,20260403_corporate.txt
L26000176331,JAY-O ENTERPRISES LLC,A,FLAL,7901 4TH ST N,STE 300,ST PETERSBURG,,33702,03262026,,HENRY               JORDAN,ST PETERSBURG,FL,AMBR,HENRY               JORDAN,,,,,20260403_corporate.txt
L26000176341,SIMTER HOLDINGS LLC,A,FLAL,5516 16TH ST W APT A,,BRADENTON,,34207,03262026,,"LEGALZOOM USCA, INC.",FORT LAUDERDALE,FL,AMBR,BRINKMAN            SIMONA,AMBR,JONES               PETER         H,,,20260403_corporate.txt
L26000176351,NVIO SEA & LAND LLC,A,FLAL,7901 4TH ST N,300,ST. PETERSBURG,,33702,03262026,,REGISTERED AGENTS INC,ST. PETERSBURG,FL,AMBR,GURIDI FENTANES     DIANA,,,,,20260403_corporate.txt
L26000176361,LA BOUTEILLE BY CHARLOTTE LLC,A,FLAL,340 W FLAGLER ST APT 2907,,MIAMI,,33130,03262026,,NORTHWEST REGISTERED AGENT LLC,ST PETERSBURG,FL,AMBR,DEVAUX              FIONA,AMBR,DUGOURD             ALEXANDRE,,,20260403_corporate.txt
L26000176371,"SAZON DEL ROQUE, LLC",A,FLAL,8002 N ROME AVE,,TAMPA,,33604,03262026,,THE FOODTRUCK EMPIRE CORP,TAMPA,FL,MGR,ROQUE               RONALDO,,,,,20260403_corporate.txt
L26000176381,JRVH SEMINOLE 1 LLC,A,FLAL,7901 4TH ST N  STE 300,,ST. PETERSBURG,,33702,03262026,,NORTHWEST REGISTERED AGENT LLC,ST. PETERSBURG,FL,,,,,,,20260403_corporate.txt
L26000176391,"NEXT LEVEL KITCHEN, LLC",A,FLAL,2847 FINCH DR,,HOLIDAY,,34690,03262026,,BASULTO MEDINA      ADRIEL,HOLIDAY,FL,MGR,BASULTO MEDINA      ADRIEL,,,,,20260403_corporate.txt
L26000176401,"A3 SPEED, LLC",A,FLAL,415 E KNIGHTS GRIFFIN ROAD,,PLANT CITY,,33565,03262026,,BRETT               ROCKEY,PLANT CITY,FL,P,ROCKEY              BRETT,,,,,20260403_corporate.txt
L26000176411,LEONARD TRUCKING LLC,A,FLAL,17521 SE 96TH CT,,SUMMERFIELD,,34491,03262026,,LEONARD             EDWARD        C,SUMMERFIELD,FL,AMBR,LEONARD             EDWARD        C,,,,,20260403_corporate.txt
L26000176421,RAMPINELLY & VICENTE PROPERTIES LLC,A,FLAL,330 E CENTRAL BLVD,,ORLANDO,,32801,03262026,,FLOW BUSINESS AND ACCOUNTING SERVICES,ORLANDO,FL,AMBR,FRANCISCO VICENTE   TIAGO,AMBR,RAMPINELLI PRUDENCIONATALIA,,,20260403_corporate.txt
L26000176431,SUNTENDER LLC,A,FLAL,5001 COLLINS AVE APT 1C,,MIAMI,,33140,04022026,,CRUZ SOMMER         CARLOS        S,MIAMI,FL,AMBR,CRUZ SOMMER         CARLOS        S,,,,,20260403_corporate.txt
L26000176441,ACE JR TRANSPORTATION LLC,A,FLAL,11243 SW 236 TH LN,,HOMESTEAD,,33032,03262026,,DUKES               ALFRED        L,HOMESTEAD,FL,AMBR,DUKES               ALFRED        L,,,,,20260403_corporate.txt
L26000176451,AIDA TRADING GROUP LLC,A,FLAL,309 CENTER IS,,GOLDEN BEACH,,33160,04022026,,C T CORPORATION SYSTEM,PLANTATION,FL,AMBR,MARROCO CAPITAL LLC,,,,,20260403_corporate.txt
L26000176461,SORAYA APARTMENTS LLC,A,FLAL,320 N MAIN STREET,200,ANN ARBOR,,48104,03262026,,COLLISON            HARRY,WINTER PARK,FL,MGR,GPR MCKINLEY MANAGER LLC,,,,,20260403_corporate.txt
L26000176471,RACHEL & ALEX WORKFORCE HOUSING LLC,A,FLAL,1717 MIDDLE RIVER DRIVE,,FORT LAUDERDALE,,33305,03262026,,RINCON              RAFAEL         MR.,FORT LAUDERALE,FL,MGR,ADAMS               RACHEL        MDR.,MGR,RINCON              ALEJANDRO      MR.,,,20260403_corporate.txt
L26000176481,FREEDOM TRANSITION SERVICES LLC,A,FLAL,3381 NW 18TH PL,,FORT LAUDERDALE,,33311,03252026,,DUKES               REGINALD      E,FORT LAUDERDALE,FL,,,,,,,20260403_corporate.txt
L26000176491,FINN DIGITAL LLC,A,FLAL,9472 SOUTHWEST 67TH LANE,,GAINESVILLE,,32608,03262026,,FINNEGAN            THOMAS,GAINESVILLE,FL,MGR,FINNEGAN            THOMAS,,,,,20260403_corporate.txt
L26000176501,1003 ST&R LLC,A,FLAL,995 S. TOWN AND RIVER DR.,,FORT MYERS,,33919,03262026,,SEDMACK             HEATHER       L,FORT MYERS,FL,MGR,SEDMACK             JACOB         Z,MGR,SEDMACK             HEATHER       L,,,20260403_corporate.txt
L26000176511,ISTROLL PSL LLC,A,FLAL,337 NOTLEM STREET,,FORT PIERCE,,34982,03262026,,GARCIA              MADALYN,FORT PIERCE,FL,AR,GARCIA              MADALYN,,,,,20260403_corporate.txt
L26000176521,"HOOKED UP CHARTERS OF PALM COAST, LLC",A,FLAL,15 CLAYMONT CT. S.,,PALM COAST,,32137,03282026,,MAYLUM              NANCY,PALM COAST,FL,MGR,MAYLUM              NANCY,MGR,MAYLUM              JEFF,,,20260403_corporate.txt
L26000176531,OG NUTRITION CLUB LLC,A,FLAL,4000 SOUTHWEST 47TH STREET,LOT H 13,GAINESVILLE,,32608,03262026,,LUGO RUIZ           OSCAR,GAINESVILLE,FL,MGR,LUGO RUIZ           OSCAR,MGR,TRUJILLO SILVA      ESTRELLA,,,20260403_corporate.txt
L26000176541,STERLING CAPITAL INVESTMENTS LLC,A,FLAL,36152 PRIMROSE LN,,ZEPHYRHILLS,,33541--208,03252026,,EVANS               RICHARD,ZEPHYRHILLS,FL,MGR,EVANS               RICHARD,,,,,20260403_corporate.txt
L26000176551,CALI VITAL SOLUTIONS LLC,A,FLAL,7901 4TH ST N STE 300,,ST. PETERSBURG,,33702,03262026,,NORTHWEST REGISTERED AGENT LLC,ST. PETERSBURG,FL,AMBR,CALLAHAN            GIOVANNI,,,,,20260403_corporate.txt
L26000176561,STERLING NAVE LLC,A,FLAL,1818 HOLLYWOOD BLVD,1913,HOLLYWOOD,,33020,03262026,,GERVIN              ADAM          M,HOLLYWOOD,FL,MGR,GERVIN              ADAM          M,,,,,20260403_corporate.txt
L26000176571,MANGROVE REEF LLC,A,FLAL,7901 4TH ST N STE 300,,ST. PETERSBURG,,33702,03262026,,REGISTERED AGENTS INC,ST. PETERSBURG,FL,AMBR,SUNSHINE SANDBOX LLC,,,,,20260403_corporate.txt
L26000176581,GUAVA STRATEGIES LLC,A,FLAL,312 23RD ST,UNIT 213,WEST PALM BEACH,,33407,03262026,,DAVIS               MOLLY,WEST PALM BEACH,FL,MGR,DAVIS               MOLLY,,,,,20260403_corporate.txt
L26000176591,"MICHELE DENISE COTTY, LLC",A,FLAL,18815 BONNET POND ROAD,,ALTOONA,,32702,03302026,,COTTY               MICHELE       D,ALTOONA,FL,MGR,COTTY               MICHELE       D,,,,,20260403_corporate.txt
L26000176601,"NATE'S JUNK REMOVAL, LLC",A,FLAL,933 SOUTHWEST BILTMORE STREET,,PORT SAINT LUCIE,,34983,03262026,,MISKULIN            NATHAN        P,PORT ST LUCIE,FL,,,,,,,20260403_corporate.txt
L26000176611,TILE PRO BY JPO LLC,A,FLAL,6227 RED RIVER COVE,APT 102,BRADENTON,,34202,04012026,,VAN NUIL            CHERYL,ST PETERSBURG,FL,AMBR,MEDEIROS            WANTUIL       AJR,,,,,20260403_corporate.txt
L26000176621,NONNI  PROPERTIES LLC,A,FLAL,7453 SADDLE CREEK PLACE,,SARASOTA,,34241,04012026,,BOSCARINO           PETER         J,SARASOTA,FL,MGR,BOSCARINO           PETER         J,MGR,BOSCARINO           PETER         J,MGR,BOSCARINO           DEBRA         M,20260403_corporate.txt
L26000176631,"SHANE PARMENTER INSURANCE, LLC",A,FLAL,2270 N TEMPLE AVE,,STARKE,,32091,05012026,,PARMENTER           SHANE         D,STARKE,FL,AMBR,PARMENTER           SHANE         D,,,,,20260403_corporate.txt
L26000176641,VISUAL ELECTRONICS LLC,A,FLAL,5629 KALMIA DRIVE,,ORLANDO,,32807,01192026,,MARTINEZ            ANGEL         LSR.,ORLANDO,FL,MGR,MARTINEZ            ANGEL         LSR,AMBR,MARTINEZ            LUZ           M,,,20260403_corporate.txt
L26000176651,"TOTAL PLAYER DEVELOPMENT, LLC",A,FLAL,5407 PENTAIL CIRCLE,,TAMPA,,33625,03262026,,NARANJO             JUAN          J,TAMPA,FL,P,NARANJO             JUAN          J,,,,,20260403_corporate.txt
L26000176661,VITALMED CARE CENTER LLC,A,FLAL,7171 CORAL WAY,STE 210,MIAMI,,33155,03252026,,LEDESMA LEON        MAGNIE        L,MIAMI,FL,MGR,LEDESMA LEON        MAGNIE        L,MGR,CARRERAS CALVO      FERNANDO      E,MGR,MARTELL GRAVIE      MARIALINA,20260403_corporate.txt
L26000176671,DMGD HOMES LLC,A,FLAL,4860 PINE TREE DRIVE,,BOYNTON BEACH,,33436,03262026,,DEAN                GRETA,BOYTON BEACH,FL,MGR,MACDIARMID          DOROTHY       C,,,,,20260403_corporate.txt
L26000176681,CONEXIONES EMPRESARIALES INTERNACIONAL USA LLC,A,FLAL,1065 SW 8TH ST,,MIAMI,,33130,03262026,,SALAZAR MUNOZ       LUIS EDUARDO,MIAMI,FL,MGR,SALAZAR            LUIS EDUARDO,,,,,20260403_corporate.txt
L26000176691,"VICTORIA'S HOUSE CAT CAY INVESTMENT PROPERTY UNIT 3B, LLC",A,FLAL,3525 NW 7TH ST,,MIAMI,,33125,03222026,,RUIZ                JOHN          H,MIAMI,FL,,,,,,,20260403_corporate.txt
L26000176701,CAYLOR FAMILY FOUNDATION LLC,A,FLAL,2875 JUPITER PARK DRIVE,100,JUPITER,,33458,03262026,,CAYLOR              KEVIN,JUPITER,FL,MGR,CAYLOR              KEVIN         M,,,,,20260403_corporate.txt
L26000176711,NT MARKETING LLC,A,FLAL,7901 4TH ST N,STE 300,ST. PETERSBURG,,33702,03262026,,SUNSHINE CORPORATE FILINGS LLC,ST. PETERSBURG,FL,AMBR,LIN                 LYNN,,,,,20260403_corporate.txt
L26000176721,HERA G STUDIO LLC,A,FLAL,9350 JAMAICA DR,,CUTLER BAY,,33189,03212026,,PENA                LINA,CUTLER BAY,FL,AMBR,LANCHEROS           SERGIO        A,,,,,20260403_corporate.txt
L26000176731,"DESIGNS X NADINE, LLC",A,FLAL,"1266 1ST STREET, UNIT 108",,SARASOTA,,34236,09202021,,KAUFMAN             KELLEY NADINE,SARASOTA,FL,AMBR,KAUFMAN             KELLEY NADINE,,,,,20260403_corporate.txt
L26000176741,"YH PROPERTY GROUP, LLC",A,FLAL,9 S. WILD OLIVE AVENUE,,DAYTONA BEACH,,32118,03262026,,HUNG                YOHANA,DAYTONA BEACH,FL,AR,HUNG                YOHNA,,,,,20260403_corporate.txt
L26000176751,VISIONARY INVESTMENTS HOLDING COMPANY LLC,A,FLAL,558 STRASBURG DR,,"PORT CHARLOTTE, FL",,33954,03262026,,OVERHOLT            JACOB         A,PORT CHARLOTTE,FL,MGR,OVERHOLT            JACOB         A,,,,,20260403_corporate.txt
L26000176761,GRIND DONT STOP SERVICES LLC,A,FLAL,2709 23RD AVE N,,ST PETE,,33713,03112026,,SALES               BERNARD       FJR,SAINT PETERSBURG,FL,AMBR,SALES               BERNARD       FJR,MGR,HOLMES              BRITTANY      A,,,20260403_corporate.txt
L26000175082,"SERENA ESSENCE STUDIO, LLC",A,FLAL,111 E MONUMENT AVE,SUITE 403,KISSIMMEE,,34741,03262026,,PAGAN               MARIA         M,KISSIMMEE,FL,MGR,PAGAN               MARIA         M,MGR,ESCOBAR             KARINA,,,20260403_corporate.txt
L26000175092,PHSH CAPITAL LLC,A,FLAL,7901 4TH ST N STE 300,,ST. PETERSBURG,,33702,03262026,,NORTHWEST REGISTERED AGENT LLC,ST. PETERSBURG,FL,,,,,,,20260403_corporate.txt
L26000175102,VIR 23 LLC,A,FLAL,2292 MAYPORT RD,UNIT #5,JACKSONVILLE,,32233,03272026,,KAPUR               MOHNISH        MEMBER,JACKSONVILLE,FL,MGR,KAPUR               MOHNISH,,,,,20260403_corporate.txt
L26000175112,"ROGUE STUCCO & PLASTER , LLC",A,FLAL,14031 SW 143 COURT,STE 8,MIAMI,,33186,03262026,,CHAVEZ              LAZARO,MIAMI,FL,AMBR,CHAVEZ              LAZARO,AMBR,CHAVEZ              LAZARO         JR,AMBR,TOURINO             JORGE,20260403_corporate.txt
L26000175122,1244 MARTHA LANE LLC,A,FLAL,7901 4TH ST N STE 300,,ST. PETERSBURG,,33702,03262026,,NORTHWEST REGISTERED AGENT LLC,ST. PETERSBURG,FL,AMBR,SALERNO             THOMAS,,,,,20260403_corporate.txt
L26000175132,IBMOVING LLC,A,FLAL,7901 4TH ST N STE 300,,ST. PETERSBURG,,33702,03262026,,NORTHWEST REGISTERED AGENT LLC,ST. PETERSBURG,FL,AMBR,WILLIAMS            NATAY,,,,,20260403_corporate.txt
L26000175142,WOOD JOINT SHOP LLC,A,FLAL,7901 4TH ST N STE 300,,ST. PETERSBURG,,33702,03262026,,REGISTERED AGENTS INC,ST. PETERSBURG,FL,AMBR,SEREDA              MONICA,,,,,20260403_corporate.txt
L26000175152,COUSINS CAPITAL GROUP LLC,A,FLAL,1108 W KENNEDY BLVD,,TAMPA,,33606,03262026,,MANSOUR             JOSEPH,TAMPA,FL,MGR,MANSOUR             JOSEPH,MGR,MANSOUR             GHASSAN,MGR,MANSOUR             MATTHEW,20260403_corporate.txt
L26000175162,DERBYBUILT CONSTRUCTION LLC,A,FLAL,7901 4TH ST N STE 300,,ST. PETERSBURG,,33702,03262026,,REGISTERED AGENTS INC,ST. PETERSBURG,FL,,,,,,,20260403_corporate.txt
L26000175172,ELOTES LOCO LLC,A,FLAL,12801 SW 15 MANOR,,DAVIE,,33325,04012026,,MYATT               JOSEPHINE,DAVIE,FL,MGR,MYATT               JOSEPHINE,,,,,20260403_corporate.txt
L26000175182,BARRS ADVISORY GROUP LLC,A,FLAL,6235 4TH ST,,VERO BEACH,,32968,03262026,,"LEGALZOOM USCA, INC.",FORT LAUDERDALE,FL,AMBR,BARRS               SOLOMON       T,,,,,20260403_corporate.txt
L26000175192,SEA STAR COASTAL BUILDERS LLC,A,FLAL,1964 CAMBRIDGE PARK DRIVE,,GULF BREEZE,,32563,03262026,,BETLACK             SVETLANA      L,GULF BREEZE,FL,MGR,BETLACK             BRENT         A,MGR,BETLACK             SVETLANA      L,,,20260403_corporate.txt
L26000175202,AQUALUX EXPEDITIONS LLC,A,FLAL,3344 TORREMOLINOS AVE,,DORAL,,33178,03262026,,FALCO BOUQUET       NORTON,DORAL,FL,MGR,FALCO BOUQUET       NORTON,,,,,20260403_corporate.txt
L26000175212,MOVINI MOVING SERVICES LLC,A,FLAL,819 RAVENS CIRCLE,201,ALTAMONTE SPRINGS,,32714,03262026,,ZENBUSINESS INC.,TALLAHASSEE,FL,AMBR,SYLVESTRE           LENTZ,,,,,20260403_corporate.txt
L26000175222,"ADVANCE INDUSTRIAL MECHANICAL JAX, LLC",A,FLAL,2880 SCHERER DRIVE,SUITE 860,ST. PETERSBURG,,33716,03262026,,FOX                 ROBERT        N,ST. PETERSBURG,FL,MGR,FOX                 ROBERT        N,,,,,20260403_corporate.txt
L26000175232,FOX HOLLOW PRODUCTIONS LLC,A,FLAL,1362 HARBOR DRIVE,,SARASOTA,,34239,03262026,,TRIVISONNO          NANCY,SARASOTA,FL,MGR,TRIVISONNO          JAMES,AMBR,TRIVISONNO          NANCY         A,AMBR,TRIVISONNO          NICHOLAS,20260403_corporate.txt
L26000175242,HONORES FRIDERICI PROPERTY LLC,A,FLAL,225 E ROBINSON STREET,STE 220,ORLANDO,,32801,03262026,,CORPORATE AGENT ALLIANCE LLC,ORLANDO,FL,MGR,DELBEN SILVA        ANDRE PAULO,MGR,REBOUCAS DE MELO    RAFAEL,MGR,PEDREIRA MAGALHAES  VICTOR,20260403_corporate.txt
L26000175252,501 PROPERTY USA LLC,A,FLAL,1525 N PARK DR SUITE 104,,WESTON,,33326,03262026,,AV ACCOUNTING ASSOCIATES CORP,WESTON,FL,MGR,BERMUDEZ            MAURICIO,,,,,20260403_corporate.txt
L26000175262,"JOHNSON REAL ESTATE, LLC",A,FLAL,1621 BAY ROAD,APT 601,MIAMI BEACH,,33139,03262026,,JOHNSON             EKATERINA,MIAMI BEACH,FL,MGR,JOHNSON             EKATERINA,MGR,JOHNSON             NEAL,,,20260403_corporate.txt
L26000175272,K2 MEDIA LLC,A,FLAL,1743 COBIA AVENUE,,PORT ST JOE,,32456,03262026,,CHAVOUS             ALISHA        M,PORT ST JOE,FL,CEO,CHAVOUS             ALISHA        M,,,,,20260403_corporate.txt
L26000175282,ROOKER GOLF INSTRUCTION LLC,A,FLAL,937 NW 97TH AVENUE,204,MIAMI,,33172,03212026,,ROOKER              NOAH,MIAMI,FL,MGR,ROOKER              NOAH,,,,,20260403_corporate.txt
L26000175292,A. STRONG PREMIER PROPERTIES LLC,A,FLAL,"4600 SW 34TH ST, 140182",,GAINESVILLE,,32614,03262026,,STRONG              ANDRE,GAINESVILLE,FL,AMBR,STRONG              ANDRE,,,,,20260403_corporate.txt
L26000175302,COAST TO COAST DRYWALL & PAINTING LLC,A,FLAL,2319 SHOMA LANE,,WEST PALM BEACH,,33414,03262026,,ZENBUSINESS INC.,TALLAHASSEE,FL,AMBR,ADAMS               TAYIORI,,,,,20260403_corporate.txt
L26000175312,TRIANGULUM MINUS PROPERTY LLC,A,FLAL,225 E ROBINSON STREET,STE 220,ORLANDO,,32801,03262026,,CORPORATE AGENT ALLIANCE LLC,ORLANDO,FL,MGR,DELBEN SILVA        ANDRE PAULO,MGR,REBOUCAS DE MELO    RAFAEL,MGR,PEDREIRA MAGALHAES  VICTOR,20260403_corporate.txt
L26000175322,FOXX TRAIL CONSULTING GROUP LLC,A,FLAL,1221 N.W. 91ST AVE,,PEMBROKE PINES,,33024,03302026,,CALIXTE             JILL          M,PEMBROKE PINES,FL,MGR,CALIXTE             JILL          M,,,,,20260403_corporate.txt
L26000175332,TURDUS MINOR PROPERTY LLC,A,FLAL,225 E ROBINSON STREET,STE 220,ORLANDO,,32801,03262026,,CORPORATE AGENT ALLIANCE LLC,ORLANDO,FL,MGR,DELBEN SILVA        ANDRE PAULO,MGR,REBOUCAS DE MELO    RAFAEL,MGR,PEDREIRA MAGALHAES  VICTOR,20260403_corporate.txt
L26000175342,PKS JARDINE LLC,A,FLAL,5041 BEECHWOOD ROAD,,DELRAY BEACH,,33484,03262026,,JARDINE             PATRICK,DELRAY BEACH,FL,AMBR,JARDINE             PATRICK,,,,,20260403_corporate.txt
L26000175352,CKG CARRIER LLC,A,FLAL,5144 JULIENNE ROAD,,AVE MARIA,,34142,03262026,,FERMIN              JOSE          A,AVE MARIA,FL,AMBR,FERMIN              JOSE          A,,,,,20260403_corporate.txt
L26000175362,MARTIN AND MONTESSORI EDUCATION LLC,A,FLAL,5310 LENOX AVE.,SUITE 22,JACKSONVILLE,,32205,03222026,,MARTIN              DEBORAH       S,JACKSONVILLE,FL,MGR,MARTIN              DEBORAH       S,AR,MARTIN              DEBORAH,,,20260403_corporate.txt
P26000017392,ESTRABAO SERVICES CORP,A,DOMP,5314 SW 141ST PL,,MIAMI,,33175,04022026,,RAFAEL A. DIEGUEZ ESTRABAO,MIAMI,FL,P,RAFAEL A. DIEGUEZ ESTRABAO,,,,,20260403_corporate.txt
L26000175372,ANNA KRAMER LIVING LLC,A,FLAL,5885 FERRARA DRIVE,,SARASOTA,,34238,03262026,,KRAMER              ANNA,SARASOTA,FL,AMBR,KRAMER              ANNA,,,,,20260403_corporate.txt
L26000175382,PRIME CABINETS LLC,A,FLAL,2321 LAGUNA CIRCLE,1812,"NORTH MIAMI, FL",,33181,03262026,,SEYIDOV             ARIF,"NORTH MIAMI,",FL,MGRM,SEYIDOV             ARIF,,,,,20260403_corporate.txt
L26000175392,"BLOOM THERAPY AND WELLNESS, LLC",A,FLAL,501 NE 5TH TERRACE,APT 320,FORT LAUDERDALE,,33301,04012026,,CLINE               VICTORIA,FORT LAUDERDALE,FL,MGR,CLINE               VICTORIA,,,,,20260403_corporate.txt
N26000004532,"SARATOGA SAGEBROOKE HOMEOWNERS ASSOCIATION, INC.",A,DOMNP,100 EAST TOWN PLACE,SUITE 200,ST. AUGUSTINE,,32092,04022026,,BURR & FORMAN LLP,JACKSONVILLE,FL,DP,DANIEL MCCORMICK,DVP,JEREMY HAMPSON,DST,CLAY CREVASSE,20260403_corporate.txt
L26000175402,KYNTRA ALPHA LLC,A,FLAL,4503 SOUTHEAST 14TH PLACE,,CAPE CORAL,,33904,03262026,,ZENBUSINESS INC.,TALLAHASSEE,FL,AMBR,GENTRY              CHERYL        A,,,,,20260403_corporate.txt
L26000175412,ACU PS LLC,A,FLAL,12063 ACAPULCO AVE,,PALM SPRINGS,,33410,03262026,,ALVAREZ             FRANK,ROYAL PALM BEACH,FL,MGR,RICHARDSON          GARTH,MGR,MOHAMMED            JENNA,,,20260403_corporate.txt
P26000017402,LAKELAND HOMEBUILDERS 30A INC,A,DOMP,4774 MAPLE FOREST DRIVE,,ARLINGTON,,38002,04022026,,DERRY ELDRED COOK,SANTA ROSA BEACH,FL,O,DERRY ELDRED COOK,O,LAURA BETH COOK,,,20260403_corporate.txt
L26000175422,VULTUR VOLANS PROPERTY LLC,A,FLAL,225 E ROBINSON STREET,STE 220,ORLANDO,,32801,03262026,,CORPORATE AGENT ALLIANCE LLC,ORLANDO,FL,MGR,DELBEN SILVA        ANDRE PAULO,MGR,REBOUCAS DE MELO    RAFAEL,MGR,PEDREIRA MAGALHAES  VICTOR,20260403_corporate.txt
L26000175432,ARISE WITH US LLC,A,FLAL,7901 4TH ST N STE 300,,ST. PETERSBURG,,33702,03262026,,NORTHWEST REGISTERED AGENT LLC,ST. PETERSBURG,FL,AMBR,PREVIL              CHRISTINE,,,,,20260403_corporate.txt
F26000001982,"BFREE FOODS USA, INC.",A,FORP,7901 4TH ST N STE 300,,ST.PETERSBURG,,33702,04022026,364848941,NORTHWEST REGISTERED AGENT LLC,ST.PETERSBURG,FL,DP,MURPHY              ALEX,DS,MCNAMEE             RONAN,DT,O'SULLIVAN          CONOR,20260403_corporate.txt
L26000175442,JAHDAX MUSIC LLC,A,FLAL,6619 NW 128TH WAY,,PARKLAND,,33076,03262026,,ZENBUSINESS INC.,TALLAHASSEE,FL,AMBR,PINE                GARY,,,,,20260403_corporate.txt
P26000017412,VIA SERVICE NETWORKS INC.,A,DOMP,7901 4TH ST N STE 300,,ST. PETERSBURG,,33702,03272026,,NORTHWEST REGISTERED AGENT LLC,ST. PETERSBURG,FL,,,,,,,20260403_corporate.txt
L26000175452,NOLA GIRL SWEET TREATS LLC,A,FLAL,110 COLINA CIRCLE,,PANAMA CITY BEACH,,32413,03262026,,GRAHAM              LESLIE,PANAMA CITY BEACH,FL,,,,,,,20260403_corporate.txt
P26000017422,GK PAINT INC,A,DOMP,3351 NW 5TH TERRACE,101,POMPANO BEACH,,33064,03272026,,PIMENTEL            GEIZIEL       F,POMPANO BEACH,FL,P,PIMENTEL            GEIZIEL       F,,,,,20260403_corporate.txt
P26000017432,GALLO THE PRODUCER INC,A,DOMP,8507 FOREST CITY RD,,ORLANDO,,32810,03272026,,ROSARIO ORTIZ       JONATHANN     R,ORLANDO,FL,P,ROSARIO ORTIZ       JONATHANN     R,,,,,20260403_corporate.txt
L26000175462,MAS PROFIX SOLUTIONS LLC,A,FLAL,10828 NW 2ND AVE,,MIAMI SHORES,,33168,03262026,,SCHELOTTO           NATALIA,MIAMI SHORES,FL,MGR,SCHELOTTO           NATALIA,,,,,20260403_corporate.txt
P26000017442,GQOHGZO INC,A,DOMP,1114 S MISSOURI AVE APT 208,,CLEARWATER,,33756,03272026,,FORD                RYLAN,CLEARWATER,FL,PDST,FORD                RYLAN,,,,,20260403_corporate.txt
L26000175472,PRE MARGATE LLC,A,FLAL,7280 W PALMETTO PARK ROAD,SUITE 105,BOCA RATON,,33433,03262026,,"FIRM COUNSEL, CHARTERED",DAVIE,FL,MGR,SHELDON             WENDY,,,,,20260403_corporate.txt
P26000017452,MEDHARBOR OPERATIONS INC,A,DOMP,4955 NW 199TH ST LOT 427,,MIAMI GARDENS,,33055,03262026,,ALVAREZ             JOSE          A,MIAMI GARDENS,FL,P,ALVAREZ             JOSE          A,,,,,20260403_corporate.txt
L26000175482,K&C MILLWORK AND FLOORING LLC,A,FLAL,5101 BISCAYNE RD,,KISSIMMEE,,34746,04032026,,MARTINEZ MENDOZA    KADEL         A,KISSIMMEE,FL,MGR,MARTINEZ MENDOZA    KADEL         A,,,,,20260403_corporate.txt
L26000175492,2H CONSULTING LLC,A,FLAL,13481 NW 5TH CT,,PLANTATION,,33325,03262026,,HERNANDEZ           PAOLA,PLANTATION,FL,AMBR,HERNANDEZ           PAOLA         S,,,,,20260403_corporate.txt
P26000017462,7TH DIMENSION HOLDINGS INC,A,DOMP,3657 MAQUIRE BLVD STE 100,,ORLANDO,,32803,04032026,,WALKER              RASHARD,ORLANDO,FL,PRES,WALKER              RASHARD,,,,,20260403_corporate.txt
L26000175502,JU'S ERRAND AND COURIER SERVICE LLC,A,FLAL,1012 WOODLAND DR,,TALLAHASSEE,,32305--693,03262026,,HARRIS              JULINE,TALLAHASSEE,FL,AR,HARRIS              JULINE,,,,,20260403_corporate.txt
L26000175512,WESTON PODIATRY LLC,A,FLAL,2701 EXECUTIVE PARK DRIVE,SUITE #3,WESTON,,33331,03262026,,HERNANDEZ           JORGE         A,MIRAMAR,FL,AMBR,HERNANDEZ           JORGE         A,,,,,20260403_corporate.txt
P26000017472,DYNAMIC BUILDERS SERVICES INC.,A,DOMP,7667 SW 2ND ST,,MIAMI,,33144,03272026,,FONG                YADEL          SR,MIAMI,FL,P,FONG                YADEL          SR,,,,,20260403_corporate.txt
L26000175522,VB TRACK RACE LLC,A,FLAL,100 E 32ND STREET,,HIALEAH,,33013,03262026,,ACOSTA MARTINEZ     ELIZABETH,HIALEAH,FL,MGR,ACOSTA MARTINEZ     ELIZABETH,,,,,20260403_corporate.txt
L26000175532,"7213 CLEOPATRA DRIVE, LLC",A,FLAL,7124 MELOGOLD CIRCLE,,LAND O LAKES,,34637,03262026,,TUCKNOTT            BONNIE        J,LAND O LAKES,FL,AMBR,TUCKNOTT            BONNIE        J,AMBR,TUCKNOTT            ARTHUR        J,,,20260403_corporate.txt
N26000004542,NEIGHBORS NOT NUMBERS COALITION INC.,A,DOMNP,2001 OLD SAINT AUGUSTINE RD,APT C304,TALLAHASSEE,,32301,03232026,,"GIANCARLO & WALD, PLLC",FORT LAUDERDALE,FL,P,BAUMEL              ADAM,VP,EATON               JACOB,S,PUSINS              RILEY,20260403_corporate.txt
P26000017482,PARAMOUNT MEDICAL SERVICES GROUP INC,A,DOMP,3730 W 10TH CT,,HIALEAH,,33012,03272026,,SANCHEZ             DANIEL,HIALEAH,FL,P,SANCHEZ             DANIEL,,,,,20260403_corporate.txt
L26000175542,GTO HAULING & TRANSPORT LLC,A,FLAL,606 27TH AVENUE WEST,,BRADENTON,,34205,03262026,,RODRIGUEZ GUTIERREZ MARTIN,BRADENTON,FL,MGR,RODRIGUEZ GUTIERREZ MARTIN,,,,,20260403_corporate.txt
P26000017492,KD BROTHERS INC,A,DOMP,4109 W MAIN ST,,MIMS,,32754,03302026,,PATEL               GAURANGKUMAR  B,MELBOURNE,FL,P,PATEL               GAURANGKUMAR  B,,,,,20260403_corporate.txt
L26000175552,LITTLE RHODY PROVISIONS PRIVATE CHEF LLC,A,FLAL,7901 4TH ST N STE 300,,ST. PETERSBURG,,33702,03262026,,NORTHWEST REGISTERED AGENT LLC,ST. PETERSBURG,FL,,,,,,,20260403_corporate.txt
L26000175562,EVOCARTS LLC,A,FLAL,1102 WEST 11TH STREET,,LEHIGH ACRES,,33972,03262026,,ZALAZAR             ROBER         D,LEHIGH ACRES,FL,MGR,ZALAZAR             ROBER         D,MGR,LEZCANO MARTINEZ    YARISEL,,,20260403_corporate.txt
L26000175572,DELPO HOOKAHS LLC,A,FLAL,16363 BRISTOL LAKE CIRCLE,,ORLANDO,,32828,04022026,,BUSINESS FILINGS INCORPORATED,PLANTATION,FL,MGR,MILTHA DE LEON,,,,,20260403_corporate.txt
M26000005212,SLAYBACK PHARMA LIMITED LIABILITY COMPANY,A,FORL,"8 CABOT RD., STE. 2000",,WOBURN,,01801,04022026,275210842,C T CORPORATION SYSTEM,PLANTATION,FL,MBR,"AZURITY PHARMACEUTICALS, INC.",AP,SCARBORO            RONALD,PCEO,SCARBORO            RONALD,20260403_corporate.txt
L26000175582,FASHYJ LLC,A,FLAL,5908 PARK HAMILTON BLVD,APT 122,ORLANDO,,32808,03262026,,DORSETTE            RAJIVA         MS,ORLANDO,FL,,,,,,,20260403_corporate.txt
L26000175592,"GOINES LEGAL SOLUTIONS, PLLC",A,FLAL,1511 TIGER TOOTH PL,,RUSKIN,,33570,03212026,,GOINES              TIFFANY,RUSKIN,FL,MGR,GOINES              TIFFANY,,,,,20260403_corporate.txt
N26000004552,YOUR NEIGHBOR FOUNDATION CORPORATION,A,DOMNP,13501 SW 128TH STREET,SUITE 114,MIAMI,,33186,03272026,,FERNANDEZ           YANET,MIAMI,FL,P,LARA GONZALEZ       REYNALDO,VP,FERNANDEZ           YANET,T,LARA                TENAY,20260403_corporate.txt
L26000175602,MG BOX GROUP LLC,A,FLAL,5161 NW 79TH AVE,UNIT 1014,DORAL,,33166,03262026,,MARTINEZ GONZALEZ   JOSE,MIRAMAR,FL,MGR,MARTINEZ GONZALEZ   JOSE,,,,,20260403_corporate.txt
L26000175612,"ASCERA DIGITAL, LLC",A,FLAL,2190 RESERVE PARK TRCE,UNIT 11,PORT ST. LUCIE,,34986,03262026,,GONZALEZ            IVAN          J,PORT ST. LUCIE,FL,MGR,GONZALEZ            IVAN          J,,,,,20260403_corporate.txt
L26000175622,MODERN AND PRECISSION PLUMBING LLC,A,FLAL,245 STATE RD 7,,FORT LAUDERDALE,,33317,03262026,,WILLIAM             DUPUIS,OAKLAND PARK,FL,MGR,CUNNIGHAM           ROGER         A,,,,,20260403_corporate.txt
L26000175632,FOCUSED FLUENCY LLC,A,FLAL,18 ROYAL PALM WAY,UNIT 201,BOCA RATON,,33432,03262026,,SIROP               JENNIFER,BOCA RATON,FL,MBR,SIROP               JENNIFER,,,,,20260403_corporate.txt
M26000005222,ESSI MSO LLC,A,FORL,"8 THE GREEN, #11962",,DOVER,,19901,04032026,,COGENCY GLOBAL INC.,TALLAHASSEE,FL,MGR,VIDALI              GIORGIO,,,,,20260403_corporate.txt
L26000175642,CARIBBEAN AGGREGATES LLC,A,FLAL,5890 SW 132 TERRACE,,PINECREST,,33156,03262026,,ALEXIS FROMETA PA,MIAMI,FL,MGR,ALVAREZ             GUILLERMO,,,,,20260403_corporate.txt
N26000004562,W&W FOUNDATION INC,A,DOMNP,5645 CORAL RIDGE DR,STE #9,CORAL SPRINGS,,33076,03272026,,WILSON              JOSEPH,CORAL SPRINGS,FL,P,WILSON              JOSEPH,VP,WYMAN               MAX,S,WILSON              DENISSE,20260403_corporate.txt
L26000175652,ECOTURISMO 4ICE LLC,A,FLAL,406 TANIS AVE,,ST CLOUD,,34771,03262026,,DONADO              MICHAEL       A,ST CLOUD,FL,AMBR,DONADO              MICHAEL       A,AMBR,NARVAEZ PADILLA     MARIELVY      D,,,20260403_corporate.txt
L26000175662,STREET KINGS AUTO LLC,A,FLAL,502 21ST   AVE N,,LAKE WORTH BEACH,,33460,03262026,,AGUILERA RAMOS      MYTE,LAKE WORTH BEACH,FL,AMBR,AGUILERA  RAMOS     MAYTE,AMBR,ALFONSO AGUILERA    ERIKA,,,20260403_corporate.txt
L26000175672,"HJ PRIME LOGISTICS, LLC",A,FLAL,2911 AVENUE S,,FORT PIERCE,,34947,04022026,,CAPITAL PRO SERVICES LLC,PORT ST LUCIE,FL,AMBR,HECTOR J VELAZQUEZ JIMENEZ,,,,,20260403_corporate.txt
L26000175682,MEEESTERWEEEZARD LLC,A,FLAL,"625 E MAIN STREET, 102 B311",,ASPEN,,81611,07132023,,"NOVELA LAW FIRM, P.A.",MIAMI,FL,AMBR,BOVINO              DAVID ANDREW,,,,,20260403_corporate.txt
L26000175692,"CNV PROPERTIES, LLC",A,FLAL,8244 29TH AVE N,,ST PETERSBURG,,33710,04012026,,ALBERGA             CHRISTOPHER,ST PETERSBURG,FL,MGR,ALBERGA             CHRISTOPHER,MGR,ALBERGA             SOUKSAVANE,,,20260403_corporate.txt
L26000175702,PTF COMMERCE LLC,A,FLAL,7362 FUTURES DR SUITE 12B OFFICE 102,,ORLANDO,,32819,03262026,,NORTHWEST REGISTERED AGENT LLC,ST. PETERSBURG,FL,,,,,,,20260403_corporate.txt
L26000175712,PRO MILE FREIGHT LLC,A,FLAL,5157 POST OAK BLVD,APT 112,WESLEY CHAPEL,,33544,03262026,,HERNANDEZ           YADERS,WESLEY CHAPEL,FL,MBR,HERNANDEZ           YADERS,,,,,20260403_corporate.txt
L26000175722,NAYDO HOLDINGS LLC,A,FLAL,3503 COASTAL DUSK DRIVE,,PLANT CITY,,33565,03262026,,DIEUJUSTE           SHNAY         R,PLANT CITY,FL,MGR,DIEUJUSTE           SHNAY         R,,,,,20260403_corporate.txt
L26000175732,"1UP RENOVATIONS, LLC",A,FLAL,321 MARION AVE,,INTERLACHEN,,32148,03242026,,INC AUTHORITY RA,ORLANDO,FL,MGR,STEVENS             SHAWN,MGR,WHITTAMORE          BAILEY,,,20260403_corporate.txt
P26000017502,FOCUS CAPITAL & INFRASTRUCTURE CORP,A,DOMP,11440 NW 75 TERRACE,,MEDLEY,,33178,03252026,,PEREZ PARILLI       JORGE,MEDLEY,FL,P,PEREZ PARILLI       JORGE,,,,,20260403_corporate.txt
L26000175742,"HRP ELITE CONSTRUCTION, LLC",A,FLAL,4764 BARTOW RD,,GREENWOOD,,32443,03242026,,INC AUTHORITY RA,ORLANDO,FL,MGR,PERDUE              JORDAN,MGR,PERDUE              ERIC,,,20260403_corporate.txt
L26000175752,"MEECH TRUCKING, LLC",A,FLAL,1765 BANKS RD,,LAKE WALES,,33898,03242026,,INC AUTHORITY RA,ORLANDO,FL,MGR,WILSON              WESLEY,,,,,20260403_corporate.txt
L26000175762,"LUXPAX, LLC",A,FLAL,9013 AZALEA SANDS LN,,DAVENPORT,,33896,03242026,,INC AUTHORITY RA,ORLANDO,FL,MGR,NILSSON             DEBRA,,,,,20260403_corporate.txt
L26000175772,"ELLISON LOGISTICS, LLC",A,FLAL,14405 HENSEL LN,APT 121,TAMPA,,33613,03242026,,INC AUTHORITY RA,ORLANDO,FL,MGR,BARRINER            GEORGE,MGR,KING                STEPHANIE,,,20260403_corporate.txt
F26000001992,"BUTCHER POWER PRODUCTS, INC",A,FORP,"3249 QUALITY DRIVE, STE #300",,RANCHO CORDOA,,95670,04022026,,C T CORPORATION SYSTEM,PLANTATION,FL,D,BUTCHER             THOMAS        J,CEO,MCDONALD            ALISSA,S,CORDELLE            CLAIRE,20260403_corporate.txt
P26000017512,ZLA HOLDINGS INC.,A,DOMP,2887 N HORIZON PL,,OVIEDO,,32765,03302026,,LATTANZIO           ZACHARY,OVIEDO,FL,PSTD,LATTANZIO           ZACHARY,,,,,20260403_corporate.txt
L26000175782,"DAGRIN DESIGN & CONSTRUCTION, LLC",A,FLAL,840 DARING DRIVE,,DAVENPORT,,33837,03252026,,INC AUTHORITY RA,ORLANDO,FL,MGR,DAGRIN              DAVID,,,,,20260403_corporate.txt
P26000017522,N.J.H ASSOCIATES CORP,A,DOMP,3430 NW 169TH TERRACE,,MIAMI GARDENS,,33056,03272026,,HENDERSON           NATHANIEL      JR,PLANTATION,FL,PRES,HENDERSON           NATHANIEL      JR,,,,,20260403_corporate.txt
L26000175792,"YANES XPRESS LOGISTICS, LLC",A,FLAL,791 MONTROSE AVE,,ORANGE CITY,,32763,03252026,,INC AUTHORITY RA,ORLANDO,FL,MGR,YANES               ZACHARY,,,,,20260403_corporate.txt
L26000175802,"CLEARVIEW BUILIDING, LLC",A,FLAL,1201 6TH AVE W STE 100,,BRADENTON,,34205,03252026,,INC AUTHORITY RA,ORLANDO,FL,MGR,DUMITRASCUTA        SAMUEL,MGR,DUMITRASCUTA        NOEMI VERONICA,,,20260403_corporate.txt
L26000175812,"BRITO HOME SOLUTIONS, LLC",A,FLAL,1240 N PINE ISLAND RD,APT 711,PLANTATION,,33324,03252026,,INC AUTHORITY RA,ORLANDO,FL,MGR,BRITO               LAZARO,,,,,20260403_corporate.txt
P26000017532,AYDA'S SUNSHINE CLEANING INC,A,DOMP,361 N UNIVERSITY DR,APT 228,PLANTATION,,33324,03272026,,VALENCIA FRANCO     AYDALY,PLANTATION,FL,PRES,VALENCIA FRANCO     AYDALY,,,,,20260403_corporate.txt
L26000175822,"WHOLESALE TIRE BROKER PLUS, LLC",A,FLAL,1018 WINTON AVE,,PENSACOLA,,32507,03252026,,INC AUTHORITY RA,ORLANDO,FL,MGR,CARTER III          RICHARD G,,,,,20260403_corporate.txt
P26000017542,PUREWAY TRADE INC,A,DOMP,360 CENTRAL AVE #1500,,PETERSBURG,,33701,03302026,,REGISTERED AGENTS INC,ST. PETERSBURG,FL,DPST,YU                  KE,,,,,20260403_corporate.txt
L26000175832,"VIBE OLFATIVO, LLC",A,FLAL,16420 WINDSOR CAY BLVD,,CLERMONT,,34714,03252026,,INC AUTHORITY RA,ORLANDO,FL,MGR,BOHORQUEZ           LUISA,MGR,VELASQUEZ           JUAN DAVID,,,20260403_corporate.txt
L26000175842,"AERONOBLE AVIATION CARE, LLC",A,FLAL,7300 NW 2ND ST,,PEMBROKE PINES,,33024,03252026,,INC AUTHORITY RA,ORLANDO,FL,MGR,GONZALEZ            JUAN SEBASTIAN,,,,,20260403_corporate.txt
M26000005232,"VOLTEDGE ELECTRIC FL, LLC",A,FORL,"14231 SEAWAY ROAD,STE F9",,GULFPORT,,39503,04022026,413329958,C T CORPORATION SYSTEM,PLANTATION,FL,AUTH,MORRISON            PETE,AUDT,OAKES               TINA,,,20260403_corporate.txt
L26000175852,"BAKNACTION HEALTH, LLC",A,FLAL,1848 EAGLES POINT,,APOPKA,,32712,03252026,,INC AUTHORITY RA,ORLANDO,FL,MGR,KALISH              BRUCE,,,,,20260403_corporate.txt
P26000017552,CAMARA & GONZALEZ CORP,A,DOMP,3961 NW 173RD TERRACE,,MIAMI GARDENS,,33055,03282026,,CAMARA LEAL         ELDYS,MIAMI GARDENS,FL,P,CAMARA LEAL         ELDYS,,,,,20260403_corporate.txt
L26000175862,AF GARAGE DOORS LLC,A,FLAL,20531 SW 116TH RD,,MIAMI,,33189,04022026,,FARINAS             ADRIAN        A,MIAMI,FL,AMBR,FARINAS             ADRIAN        A,,,,,20260403_corporate.txt
L26000175872,COASTAL 105 HOLDINGS LLC,A,FLAL,7901 4TH ST N STE 300,,ST. PETERSBURG,,33702,03262026,,NORTHWEST REGISTERED AGENT LLC,ST. PETERSBURG,FL,,,,,,,20260403_corporate.txt
L26000175882,"DESTINY INTELLIGENCE, LLC",A,FLAL,2100 LAKE EUSTIS DRIVE,,TAVARES,,32778,04022026,,"SHUFFIELD, LOWMAN & WILSON, P.A.",ORLANDO,FL,MGR,RUGGIE              THOMAS        H,,,,,20260403_corporate.txt
L26000175892,G NOVUS LLC,A,FLAL,3112 SPANISH WELLS DRIVE,APT D,DELRAY BEACH,,33445,03262026,,ZENBUSINESS INC.,TALLAHASSEE,FL,AMBR,NITIPRAPRAS         GEORGIA,,,,,20260403_corporate.txt
L26000175902,"YOUNG BIO, LLC",A,FLAL,820 S BOULEVARD,,TAMPA,,33606,03262026,,YOUNG               TERESA,TAMPA,FL,CEO,YOUNG               TERESA,,,,,20260403_corporate.txt
L26000175912,"HIGH HEAT CONSULTING, LLC",A,FLAL,1600 E. 8TH AVENUE,SUITE A200,TAMPA,,33605,03262026,,RODRIGUEZ           LENNY          ESQ.,TAMPA,FL,MGR,RODRIGUEZ           LENNY          ESQ.,,,,,20260403_corporate.txt
L26000175922,ALL THINGS PRETTY ONLINE LLC,A,FLAL,7811 NW 2ND CT,,MIAMI,,33150,03262026,,MATOS               MAIRELYS,MIAMI,FL,,,,,,,20260403_corporate.txt
N26000004572,"AUSTIN & TRYSTEN CAREY RANCH CONSERVATION FOUNDATION, INC",A,DOMNP,44025 JEFFREY RD,,DELAND,,32720,03302026,,CAREY               DIANA,DELAND,FL,P,CAREY               DIANA         L,VP,CAREY               CHAD          E,SEC,COWEN               CHRISTINE,20260403_corporate.txt
L26000175932,TURNKEY RENTAL PROPERTIES LLC,A,FLAL,7301 52ND DR E,,BRADENTON,,34203,03262026,,BRANCA              JENNIE        E,BRADENTON,FL,AMBR,BRANCA              JENNIE        E,,,,,20260403_corporate.txt
L26000175942,3 SEAS LLC,A,FLAL,13 D STREET,,SAINT AUGUSTINE,,32080,04032026,,INGOLDSBY           DAVID,ST.JOHNS,FL,MGR,INGOLDSBY           DAVID,MGR,INGOLDSBY           PATRICK,MGR,SUTTON              CHRIS,20260403_corporate.txt
L26000175952,TRANSBOL LLC,A,FLAL,1235 PROVIDENCE BLVD,STE R,DELTONA,,32725,03262026,,HERRERA FERNANDEZ   ALEX          A,DELTONA,FL,AMBR,HERRERA FERNANDEZ   ALEX          A,,,,,20260403_corporate.txt
L26000175962,CARPS HEALTH AND LIFE INSURANCE LLC,A,FLAL,6714 HIGHLANDS CREEK LOOP,,LAKELAND,,33813--189,03262026,,CARPENTIER          JOSHUA        E,LAKELAND,FL,MGR,CARPENTIER          JOSHUA        E,,,,,20260403_corporate.txt
L26000175972,XLC LLC,A,FLAL,14241 SW 129TH CT,,MIAMI,,33186,04012026,,LIU                 CODY,MIAMI,FL,MGR,LIU                 CODY,AP,XU                  CHLOE,,,20260403_corporate.txt
L26000175982,FOP PROPERTIES LLC,A,FLAL,4944 MAPLE PARK ST,,ORLANDO,,32811,03262026,,VICENTIN GUIDIO     CRISTIANE     B,ORLANDO,FL,MGRM,VICENTIN GUIDIO     CRISTIANE     B,MGRM,MANETI GUIDI        EVANDRO,,,20260403_corporate.txt
L26000175992,"DIPZILLA TRADING, LLC",A,FLAL,400 N TAMPA ST STE 1550 #806843,,TAMPA,,33602,03262026,,PRETE               EVE,MALABAR,FL,AMBR,DUNCAN              JULIA         M,,,,,20260403_corporate.txt
L26000176002,JK VENTURES GROUP LLC,A,FLAL,3156 GREY MOSS DRIVE,,SAINT CLOUD,,34773,03262026,,KRAHL               MELISSA       L,SAINT CLOUD,FL,MGR,JOHNSON             BRIAN,MGR,KRAHL               MELISSA       L,,,20260403_corporate.txt
L26000176012,"NOI INSIEME, LLC",A,FLAL,10118 NW 33RD ST,APT 118,CORAL SPRINGS,,33065,03262026,,INC AUTHORITY RA,ORLANDO,FL,MGR,CERUZZI             JENNYS,MGR,CERUZZI             MATTHEW,,,20260403_corporate.txt
L26000176022,"FULLCLIP ENTERPRISES, LLC",A,FLAL,3129 PAUL FRANKLIN LN,,LORIDA,,33857,03262026,,INC AUTHORITY RA,ORLANDO,FL,MGR,DATEMA              CRAIG,,,,,20260403_corporate.txt
L26000176032,"CLINICEASE MEDICAL CODING & REVENUE, LLC",A,FLAL,10761 SW 150TH TERRACE,,MIAMI,,33176,03262026,,REYES               CAROLINA,MIAMI,FL,P,REYES               CAROLINA,,,,,20260403_corporate.txt
L26000176042,"692 SILVER BIRCH, LLC",A,FLAL,2390 TARPON RD,,NAPLES,,34102,04032026,,"GALBRAITH WEATHERBIE STATUTORY AGENT, LLC",NAPLES,FL,MGR,PALAZZOLO           ROCCO,MGR,PALAZZOLO           LISA,,,20260403_corporate.txt
L26000176052,"THE ANDROMEDA COLLECTION, LLC",A,FLAL,25910 SIERRA CENTER BLVD.,UNIT 307,LUTZ,,33559,03262026,,"METROPOLITAN LAW GROUP, PLLC",LUTZ,FL,MGM,TAPP                MORGAN,,,,,20260403_corporate.txt
L26000176062,POSH LADY CHAMPAIGN LLC,A,FLAL,307 SW 5TH ST,2206,FT LAUDERDALE,,33315,04012026,,KOC                 JASMINE,FT LAUDERDALE,FL,,,,,,,20260403_corporate.txt
L26000176072,S&S GLOBAL INVESTMENTS LLC,A,FLAL,20900 NE 30TH AVENUE,SUITE 714,AVENTURA,,33180,03262026,,SAME MONTERO        YANIESKY,AVENTURA,FL,MGR,SAME MONTERO        YANIESKY,MGR,RODRIGUEZ SOSA      SUSANA,,,20260403_corporate.txt
L26000176082,GOLDEN COMMUNITY CENTER LLC,A,FLAL,206 N GLEN AVE,,TAMPA,,33609,03262026,,MILLARES            JENNY,TAMPA,FL,MGR,MILLARES            JENNY,MGR,RETUERTO            YENIS         M,,,20260403_corporate.txt
L26000176092,AHAVA MEDICAL CENTER LLC,A,FLAL,5911 NW 173RD DR UNIT 14,,HIALEAH,,33015,04022026,415285193,ALOMA               DAYMA,HIALEAH,FL,AMBR,ALOMA               DAYMA,,,,,20260403_corporate.txt
L26000176102,ONECORE SERVICES LLC,A,FLAL,8560 N SHERMAN CIRCLE,APT 205 BLDG 10,MIRAMAR,,33025,04022026,,DEHANEY             DWIGHT,MIRAMAR,FL,AMBR,DEHANEY             DWIGHT,MGR,DEHANEY             DWIGHT,,,20260403_corporate.txt
P26000017562,"FASTENERS TOOLS AND MORE, CORP.",A,DOMP,"8920 SOUTHWEST 199TH STREET,",,CUTLER BABY,,33157,04022026,,"SPIEGEL & UTRERA, P.A.",MIAMI,FL,D,WAGOR               FRITZ,PRES,WAGOR               FRITZ,SEC,WAGOR               NATHALIE,20260403_corporate.txt
M26000005242,CAPACITOR WIND ENERGY NORTH AMERICA LLC,A,FORL,"1 TOWER CENTER BLVD., FL 21",,EAST BRUNSWICK,,08816,04022026,,CORPORATION SERVICE COMPANY,TALLAHASSEE,FL,MBR,"CAPACITOR SUBSIDARY GUARANTOR, LLC",,,,,20260403_corporate.txt
L26000176112,REGAIN INVESTMENTS LLC,A,FLAL,30674 CHESAPEAKE BAY DR,,WESLEY CHAPEL,,33543,03262026,,ABUOLIEM            ABDALLAH,WESLEY CHAPEL,FL,MGR,ABUOLIEM            ABDALLAH,,,,,20260403_corporate.txt
L26000176122,ELEVATE COLUMBIA LLC,A,FLAL,15257 AMBERLY DR,#433,TAMPA,,33647,03262026,,MILLER              JAMES         A,PUNTA GORDA,FL,MGR,MILLER              JAMES         A,,,,,20260403_corporate.txt
L26000176132,INVESTMENTS VJMJ LLC,A,FLAL,6822 NW 166TH TER,705,MIAMI LAKES,,33014,03262026,,CORDERO MANJARREZ   HODALYS,MIAMI LAKES,FL,AMBR,CORDERO MANJARREZ   HODALYS,,,,,20260403_corporate.txt
L26000176142,JC EXOTICS LLC,A,FLAL,1257 CASCADES AVE,,DAVENPORT,,33837,03262026,,CARMONA CASTANO     PAULO         S,DAVENPORT,FL,MGR,CARMONA CASTANO     PAULO         S,,,,,20260403_corporate.txt
L26000176152,ALLAYTH TRANSPORT LLC,A,FLAL,6615 BAYSTON HILL PL,,ZEPHYRHILLS,,33541,03262026,,AL KHAFAJI          GHAITH,ZEPHYRHILLS,FL,AMBR,AL KHAFAJI          GHAITH,,,,,20260403_corporate.txt
L26000176162,PHOENIX BOAT GROUP LLC,A,FLAL,4401 SE COMMERCE AVENUE,,STUART,,34997,03252026,,LUND                DANIEL,STUART,FL,MGR,LUND                DANIEL,SEC,LUND                PETER,,,20260403_corporate.txt
L26000176172,GRAND ARRIVAL TURNKEY LLC,A,FLAL,5 LEE DR,,PALM COAST,,32137,03262026,,RABNER              ANDREW        T,PALM COAST,FL,MGR,ANDREW              RABNER        T,,,,,20260403_corporate.txt
L26000176182,ANCHOR NETWORKING LLC,A,FLAL,2613 STONEGATE DRIVE,,TALLAHASSEE,,32308,04062026,,LOWE                DEAN,TALLAHASSEE,FL,MGR,LOWE                DEAN,,,,,20260403_corporate.txt
L26000176192,JEREMY'S ROLLING EMPIRE LLC,A,FLAL,7 PENINSULA LN,,PALM COAST,,32164,03262026,,JIMENEZ             JEREMY,PALM COAST,FL,AMBR,JIMENEZ             JEREMY,,,,,20260403_corporate.txt
L26000176202,LUXE ATELIER LLC,A,FLAL,11265 BISCAYNE BLVD,UNIT 705,MIAMI,,33181,03262026,,RUIZ                FERNANDA,MIAMI,FL,MGR,ROSSONI PISANI      LARISSA,,,,,20260403_corporate.txt
L26000176212,"325 BERKELEY, LLC",A,FLAL,3181 SKYWAY CIRCLE,,MELBOURNE,,32934,03262026,,WELSH               PHILLIP       J,MELBOURNE,FL,MGR,"MWP HOLDINGS, LLC",,,,,20260403_corporate.txt
L26000176222,AUBURNDALE CUSTARD SOUTH LLC,A,FLAL,10345 ATWATER BAY DRIVE,,WINTER GARDEN,,34787,04022026,,DEVINE              NATHAN,WINTER GARDEN,FL,MGR,DEVINE              NATHAN,MGR,HUNT                SCOTT,MGR,HUNT                DANIEL,20260403_corporate.txt
L26000176232,"SCADIANT, LLC",A,FLAL,2022 TALLY RD,STE 1,LEESBURG,,34748,03262026,,REGISTERED AGENTS INC,ST PETERSBURG,FL,MGR,MANNING             MARCEL        P,,,,,20260403_corporate.txt
L26000176242,CAMPO INSTALLATION & SERVICES LLC,A,FLAL,912 NE 19TH STREET,,CAPE CORAL,,33909,03312026,,CAMPO GIRO          YORDENIS,CAPE CORAL,FL,MGR,CAMPO GIRO          YORDENIS,,,,,20260403_corporate.txt
L26000176252,STERLING COMMERCIAL INSURANCE LLC,A,FLAL,901 SW 15TH TERRACE,,CAPE CORAL,,33991,03252026,,RODRIGUEZ           ELINET,CAPE CORAL,FL,MGR,RODRIGUEZ           ELINET,,,,,20260403_corporate.txt
L26000176262,ROYAL SPA 6243 LLC,A,FLAL,6243 14TH ST W,,BRADENTON,,34207,03262026,,EVANS               STEVEN        A,BRADENTON,FL,MGR,EVANS               STEVEN        A,,,,,20260403_corporate.txt
L26000176272,ARIA MEDICAL CENTERS LLC,A,FLAL,4777 W FLAGLER ST,,MIAMI,,33134,03262026,,SANCHEZ MESA        NOSLEN,MIAMI,FL,MGR,SANCHEZ MESA        NOSLEN,,,,,20260403_corporate.txt
L26000176282,MIAMI BENTO LLC,A,FLAL,755 85TH ST.,,MIAMI BEACH,,33141,03262026,,JARA                LUIS          A,MIAMI BEACH,FL,MGR,JARA                LUIS          A,,,,,20260403_corporate.txt
L26000176292,WONDORA BRANDS LLC,A,FLAL,"1854 NEBRASKA AVENUE, NE",,ST PETERSBURG,,33703,03262026,,BIGARA              BRENDON       BMR,ST PETERSBURG,FL,MR,BRENDON             BIGARA        BMR,MRS,VON WALTSLEBEN      MICHELLE      MMRS,,,20260403_corporate.txt
L26000176302,K & M HOT DIGGITY DOGS LLC,A,FLAL,8162 SETTLERS CREEK CIRCLE,,LAKELAND,,33810--535,03262026,,ODOM                ELIZABETH     M,LAKELAND,FL,MGR,ODOM                ELIZABETH     M,MGR,GAMBRELL            KELLY         J,,,20260403_corporate.txt
L26000176312,ROAD TO ROAD LLC,A,FLAL,1191 NW 112 TER,,MIAMI,,33168,03262026,,NELSON              JULIEN,MIAMI,FL,AMBR,NELSON              JULIEN,,,,,20260403_corporate.txt
L26000176322,EXCLUSO K LLC,A,FLAL,3236 FORUM BLVD,#1129,FORT MYERS,,33905,03262026,,KAFUS               JASON         D,FORT MYERS,FL,MGR,KAFUS               JASON         D,,,,,20260403_corporate.txt
L26000176332,OLD CYPRUS HOME AND RANCH SERVICES LLC,A,FLAL,5660 NE 175TH STREET RD,,CITRA,,32113,03262026,,NORTHWEST REGISTERED AGENT LLC,ST PETERSBURG,FL,AMBR,LANE                CYDNEY,,,,,20260403_corporate.txt
L26000176342,DTFD CARGO LLC,A,FLAL,3131 NW 42ND ST,,LAUDERDALE LAKES,,33309,03262026,,LAINE HANS,LAUDERDALE LAKES,FL,MGR,LAINE HANS,,,,,20260403_corporate.txt
L26000176352,"LAMAR'S PROFICIENT LAWN, LANDSCAPE & MAINTENANCE, LLC",A,FLAL,8435 SANDHILL RD,,TALLAHASSEE,,32305,03262026,,HOWELL-MURRAY       JAAMELA,TALLAHASSEE,FL,CEO,MURRAY              CHAY          L,,,,,20260403_corporate.txt
L26000176362,"MENTE EN ORDEN COSULTING, L.L.C.",A,FLAL,2831 E OAKLAND PARK BLVD.,STE 9 #3259,FORT LAUDERDALE,,33306,04012026,,VALENCIA            ALEX,FORT LAUDERDALE,FL,MGR,VALENCIA            ALEX,,,,,20260403_corporate.txt
L26000176372,LCY FAMILY CARE TRANSPORT LLC,A,FLAL,9900 N KENDALL DRIVE,APT K206,MIAMI,,33176,03262026,,PENA ALCOLEA        LUIS          C,MIAMI,FL,MGR,PENA ALCOLEA        LUIS          C,AMBR,LUGO FUNDORA        YENLY,,,20260403_corporate.txt
L26000176382,BRIZUELA WORLD CONNECT LLC,A,FLAL,7271 S WATERWAY DR,,MIAMI,,33155,03252026,,RIERA               BARBARA,MIAMI,FL,MGR,RIERA               BARBARA,,,,,20260403_corporate.txt
L26000176392,SKKIN & TONIC LLC,A,FLAL,4135 ACORN OAK CIR APT 337,,SANFORD,,32771,03262026,,LIS                 JILLIAN       M,SANFORD,FL,AMBR,LIS                 JILLIAN       M,,,,,20260403_corporate.txt
L26000176402,"BURGER DADDY PALM CITY, LLC",A,FLAL,900 SE INDIAN STREET,,STUART,,34997,03262026,,SABRA               RICHARD       B,HOLLYWOOD,FL,MGR,KERR                RONALD        B,,,,,20260403_corporate.txt
L26000176412,TANAST LLC,A,FLAL,2405 NW 39TH TER,101,LAUDERDALES LAKES,,33311,04012026,,JOSEPH              WILTANA,LAUDERDALES LAKES,FL,MGR,JOSEPH              WILTANA,,,,,20260403_corporate.txt
L26000176422,M.C. STONE AND PAVER LLC,A,FLAL,14781 ENCLAVE LAKES DRIVE,22T5,DELRAY BEACH,,33484,03262026,,NIKOS BOOKKEEPING SERVICES,WEST PALM BEACH,FL,MGR,MENDONCA SILVEIRA   MARCELO,AMBR,SILVEIRA            ARIANDNA      S,,,20260403_corporate.txt
L26000176432,NOOK & KEY MANAGEMENT LLC,A,FLAL,2980 MCFARLANE ROAD,,MIAMI,,33133,03262026,,SODEMAN             ASHLEY,MIAMI,FL,MGR,SODEMAN             ASHLEY,,,,,20260403_corporate.txt
L26000176442,REVITI TECHNOLOGIES LLC,A,FLAL,334 VISTA OAK DR,,LONGWOOD,,32779,03262026,,"LEGALZOOM USCA, INC.",FORT LAUDERDALE,FL,MGR,BAUERLE             ANNA          C,,,,,20260403_corporate.txt
L26000176452,HUNG LANDSCAPING LLC,A,FLAL,18255 NW 68TH AVE APT 408,,HIALEAH,,33015,03262026,,HERNANDEZ LOPEZ     LIANELY,HIALEAH,FL,AMBR,HERNANDEZ LOPEZ     LIANELY,,,,,20260403_corporate.txt
L26000176462,"SALT AND TEQUILA, RESTAURANT GROUP, LLC",A,FLAL,501 N OLIVE,,WEST PALM BEACH,,33401,03192026,,ROSA                FRANCISCO,WEST PALM BEACH,FL,AMBR,ROSA                FRANCISCO,,,,,20260403_corporate.txt
L26000176472,VELO AI LLC,A,FLAL,121 N FAIRFAX AVE,,WINTER SPRINGS,,32708,03262026,,HERRERA BURGOS      GABRIEL,WINTER SPRINGS,FL,MGR,HERRERA BURGOS      GABRIEL,,,,,20260403_corporate.txt
L26000176482,"SHORT CIRCUIT PISTONS TOO, LLC",A,FLAL,1637 SW 8TH STREET,SUITE 200,MIAMI,,33135,03262026,,FULLER              WILLIAM       O,MIAMI,FL,MGR,FULLER              WILLIAM       O,MGR,PINILLA             MARTIN        A,,,20260403_corporate.txt
L26000176492,"PREMIER ADVERTISING GROUP, LLC.",A,FLAL,13253 SE 35TH CT.,,BELLEVIEW,,34420,03262026,,MASHBURN            DUSTY         S,BELLEVIEW,FL,MGR,MASHBURN            DUSTY         S,MGR,MASHBURN            KASEA         M,,,20260403_corporate.txt
L26000176502,25 TERRY COURT LLC,A,FLAL,1655 PALM BEACH LAKES BLVD,STE 500,WEST PALM BEACH,,33401,03262026,,"SIMSES & ASSOCIATES, P.A.",WEST PALM BEACH,FL,MGR,MEJIA               ALBERTO,AMBR,MEJIA               MARGARET,,,20260403_corporate.txt
L26000176512,"EJ10 DELANO 6501, LLC",A,FLAL,4740 DAVIE ROAD,,DAVIE,,33314,03262026,,BOWER               TANYA         LESQ,DAVIE,FL,MGR,COLLIER             ROBIN,MGR,O'BRIEN             TIMOTHY,,,20260403_corporate.txt
L26000176522,SEAGLASS COASTAL CLEANING LLC,A,FLAL,63 1/2 CHAPIN ST,,SAINT AUGUSTINE,,32084,03262026,,VANDIVER            HANNAH        E,SAINT AUGUSTINE,FL,,,,,,,20260403_corporate.txt
L26000176532,RUIZGAMA LLC,A,FLAL,879 TIMBER POND DR,,BRANDON,,33510,03262026,,RUIZ                BREINER J,BRANDON,FL,AMBR,RUIZ                BREINER J,AMBR,GAMARRA             MARIA F,,,20260403_corporate.txt
L26000176542,MANY NORTE DIGITAL LLC,A,FLAL,2 S BISCAYNE BOULEVARD SUITE 3200 -6786,,MIAMI,,33131,04022026,,LUPA ENTERPRISES INC,MIAMI,FL,MGRM,JOSE FERNANDO PEREZ RIBERA,MBR,FERNANDO PARADA  DEUTSCH,MBR,ADLER CAROLINA COIMBRA LAHORE,20260403_corporate.txt
L26000176552,TWIN OAKS POMPANO LLC,A,FLAL,"116 NORTH OCEAN BOULEVARD, UNIT 302",,POMPANO BEACH,,33062,04022026,,HOFFMAN             LAWRENCE,POMPANO BEACH,FL,MGR,HOFFMAN             LAWRENCE,AMBR,HOFFMAN             MARIA,,,20260403_corporate.txt
L26000176562,"THE NETWORKING, LLC",A,FLAL,5973 NW 56TH PL,,TAMARAC,,33319,03262026,,LLOYD               DESMOND       D,TAMARAC,FL,MGR,LLOYD               DESMOND       D,,,,,20260403_corporate.txt
L26000176572,PRIME GROUP MOBILITY LLC,A,FLAL,2210 SE 23 AVE,,HOMESTEAD,,33035,03262026,,MICHEL              MARCODOLOVAN,HOMESTEAD,FL,AMBR,MICHEL              MARCODOLOVAN,,,,,20260403_corporate.txt
M26000005252,VYLA HEALTHCARE SEARCH LLC,A,FORL,"10800 BISCAYNE BLVD., STE. 600",,MIAMI,,33161,04022026,414244795,MILLENNIUM MANAGEMENT L.L.C.,MIAMI,FL,MGR,SHAULSON            ABRAHAM,,,,,20260403_corporate.txt
L26000176582,GMAIS MARKET LLC,A,FLAL,4827 WALTHAM FOREST DR,,DAVENPORT,,33837,03262026,,T.J AMERICA BUSINESS LLC,DAVENPORT,FL,AMBR,PERES SANCHES       GENILSON,AMBR,A DE AMORIN SANCHES MARIA AMELIA,,,20260403_corporate.txt
L26000176592,3M 3J HOLDINGS LLC,A,FLAL,14235 POWELL RD,78,SPRING HILL,,34609,03262026,,CANALS              MELISSA       P,SPRING HILL,FL,,,,,,,20260403_corporate.txt
L26000176602,"LIL GIG, LLC",A,FLAL,14886 SW 96TH TERRACE,,MIAMI,,33196,03262026,,GARCIA              MARISELA,PALM COAST,FL,MGR,FELIPE              REIMAX,MGR,NARDO-FELIPE        KRISTIAN      Z,AR,GARCIA              MARISELA,20260403_corporate.txt
L26000176612,NATURE COAST STRIPING LLC,A,FLAL,3355 ABELINE RD,,SPRING HILL,,34608,03262026,,FAHRUBEL            BART,SPRING HILL,FL,MGR,FAHRUBEL            BART          A,,,,,20260403_corporate.txt
L26000176622,BRICK AND BRIDGE CAPITAL LLC,A,FLAL,7901 4TH ST N # 20071,,ST. PETERSBURG,,33702,03232026,,ANDRADE MARIN       ANTONIO JOSE,ST. PETERSBURG,FL,MGRM,ANDRADE MARIN       ANTONIO JOSE,MGRM,SCHILLACI           YALINA,,,20260403_corporate.txt
L26000176632,"WELLRUN AI, LLC",A,FLAL,5671 DELACROIX TERRACE,,PALM BEACH GARDENS,,33418,03262026,,COURTNEY            MATTHEW       R,PALM BEACH GARDENS,FL,AMBR,HSSC HOLDINGS LLC,,,,,20260403_corporate.txt
L26000176642,TROPICAL GULF RETREAT LLC,A,FLAL,27039 CHAMOIS DRIVE,,PUNTA GORDA,,33955,04012026,,VIDAL LANDONI       LUIS          A,PUNTA GORDA,FL,,,,,,,20260403_corporate.txt
L26000176652,MCDONOUGH BUSINESS SOLUTIONS LLC,A,FLAL,8713 BOYSENBERRY DR,,TAMPA,,33635,03262026,,MCDONOUGH           NICHOLAS      J,TAMPA,FL,MGR,MCDONOUGH           NICHOLAS      J,,,,,20260403_corporate.txt
L26000176662,JAYTYECAPITAL LLC,A,FLAL,1323 SE 17TH ST,1077,FORT LAUDERDATE,,33316,04012026,,DORVIL              JAMES,FORT LAUDERDALE,FL,MGR,DORVIL              JAMES,,,,,20260403_corporate.txt
L26000176672,TECHINSPECT SOLUTIONS LLC,A,FLAL,9635 RED LILY PLACE,,ORLANDO,,32827,03262026,,KISH                ABIGAIL       P,ORLANDO,FL,AMBR,POURCHIER           ROBERT        E,AMBR,POURCHIER           RACHEL        E,AMBR,KISH                ABIGAIL       P,20260403_corporate.txt
L26000176682,FIGARA CARE LLC,A,FLAL,2295 S HIAWASSEE RD,SUITE 209,ORLANDO,,32835,03262026,,P SIMOES VASCONCELOSLUCIANA,ORLANDO,FL,MGR,P SIMOES VASCONCELOSLUCIANA,,,,,20260403_corporate.txt
L26000176692,VST GLOBAL LLC,A,FLAL,203 E 3RD STREET,101,SANFORD,,32771,03272026,,TONER               VICTORIA      S,SANFORD,FL,MGR,VICTORIA            TONER         S,,,,,20260403_corporate.txt
L26000176702,MBA EQUITY HOLDINGS LLC,A,FLAL,7481 OLD ST. AUGUSTINE RD,,TALLAHASSEE,,32311,03262026,,SOTEROS             MATT          G,TALLAHASSEE,FL,MGR,SOTEROS             MATT          G,,,,,20260403_corporate.txt
L26000176712,FIRETOWER PROPERTIES JAX LLC,A,FLAL,2995 LANTANA LAKES DR E,,JACKSONVILLE,,32246,03262026,,MAHMOOD              QAISAR,JACKSONVILLE,FL,MGR,MOHAMMAD            FAISAL,,,,,20260403_corporate.txt
L26000176722,JUNIPER CREATIVE ADVENTURES LLC,A,FLAL,14426 STAMFORD CIRCLE,,ORLANDO,,32826,03262026,,MIESEN              JENNIFER,ORLANDO,FL,MGR,MIESEN              JENNIFER      M,,,,,20260403_corporate.txt
L26000176732,SIYOVLE YO VLE LLC,A,FLAL,3717 CORAL TREE CIRCLE,,COCONUT CREEK,,33073,03232026,,DESTIN              AGENOR,NORTH LAUDERDALE,FL,MGR,CERIUS              NATHANAEL,,,,,20260403_corporate.txt
L26000176742,APEX LANDSCAPE MULTISERVICES LLC,A,FLAL,1876 KEENLAND CIR,,WEST PALM BEACH,,33415,03262026,,GOMEZ               JERONIMO,WEST PALM BEACH,FL,MGR,GOMEZ               JERONIMO,,,,,20260403_corporate.txt
L26000176752,"POWER PARTNERS, LLC",A,FLAL,13501 SW 128TH ST,SUITE 212,MIAMI,,33186,03262026,,"BOWA INTERNATIONAL, LLC",MIAMI,FL,MGR,BOWA INTERNATIONAL LLC,MGR,UNIFIED VENTURE GROUP LLC,,,20260403_corporate.txt
L26000176762,SARA LASHES LLC,A,FLAL,1100 BRICKELL BAY DR,APT 41N,MIAMI,,33131,03232026,,CAICEDO             SARA,MIAMI,FL,MGR,CAICEDO             SARA,,,,,20260403_corporate.txt
L26000175083,ARLAND PROPERTY HOLDINGS LLC,A,FLAL,7027 W BROWARD BLVD,#853,PLANTATION,,33317,03262026,,BUSH                RICKY,MIAMI GARDENS,FL,AMBR,BUSH                RICKY,,,,,20260403_corporate.txt
L26000175093,THE PINK WHISK LLC,A,FLAL,1422 MCCASKILL AVENUE,,TALLAHASSEE,,32310,03262026,,SPICER              KAYLA,TALLAHASSEE,FL,AMBR,SPICER              KAYLA,,,,,20260403_corporate.txt
L26000175103,SUMMIT TESTING SOLUTIONS LLC,A,FLAL,6930 40TH CT E,,ELLENTON,,34222,03262026,,SMITH               MARISSA       L,ELLENTON,FL,MGR,SMITH               MARISSA       L,,,,,20260403_corporate.txt
L26000175113,MAG NUCLEAR CONSULTING LLC,A,FLAL,3216 LANDOVER BLVD,,SPRING HILL,,34609,03262026,,GRIDER              MARK,SPRING HILL,FL,AMBR,GRIDER              MARK,,,,,20260403_corporate.txt
L26000175123,SUNSET GLOBAL VENTURES LLC,A,FLAL,7901 4TH ST N STE 300,,ST. PETERSBURG,,33702,03262026,,NORTHWEST REGISTERED AGENT LLC,ST. PETERSBURG,FL,,,,,,,20260403_corporate.txt
L26000175133,DOUBLE N EVENTS LLC,A,FLAL,1601 PALACE CT.,,VALRICO,,33594,03262026,,WARE                MADISONN,VALRICO,FL,,,,,,,20260403_corporate.txt
L26000175143,CBK MOTORS LLC,A,FLAL,8532 AVONSHIRE RD,,ORLANDO,,32817,03262026,,ACEVEDO HERNANDEZ   CARLOS        O,ORLANDO,FL,MGR,ACEVEDO HERNANDEZ   CARLOS        O,,,,,20260403_corporate.txt
L26000175153,TERRASIGHT NETWORK LLC,A,FLAL,7901 4TH ST N STE 300,,ST. PETERSBURG,,33702,03262026,,NORTHWEST REGISTERED AGENT LLC,ST. PETERSBURG,FL,,,,,,,20260403_corporate.txt
L26000175163,"PARABELLUM ENTERPRISES, LLC",A,FLAL,17114 SW 39TH STREET,,MIRAMAR,,33027,03212026,,PHANORD             RALPH,MIRAMAR,FL,MGR,PHANORD             RALPH,,,,,20260403_corporate.txt
L26000175173,PRECISION PLANTING LLC,A,FLAL,3441 EAST FOREST LAKE DRIVE,,SARASOTA,,34232,04012026,,BIANCO              CHARLES,SARASOTA,FL,MGR,BIANCO              CHARLES,,,,,20260403_corporate.txt
L26000175183,JEB WEALTH LLC,A,FLAL,6500 W HILLSBOROUGH AVE,SUITE 130,TAMPA,,33634,03262026,,BUSER               JACOB,TAMPA,FL,MGR,BUSER               JACOB,,,,,20260403_corporate.txt
L26000175193,THE MANOR CANDLE SHOP LLC,A,FLAL,2820 AUTUMN BREEZE WAY,,KISSIMMEE,,34744,03262026,,HELF                RYAN          T,KISSIMMEE,FL,MGR,HELF                RYAN          T,AP,HELF                CANDACE       L,,,20260403_corporate.txt
L26000175203,CANDACE SOLIZ CONSULTING LLC,A,FLAL,7901 4TH ST N STE 300,,ST. PETERSBURG,,33702,03262026,,NORTHWEST REGISTERED AGENT LLC,ST. PETERSBURG,FL,,,,,,,20260403_corporate.txt
L26000175213,ROADSTAR HOLDINGS LLC,A,FLAL,3605 NE 207TH ST,APT 4110,AVENTURA,,33180,03202026,,FRAYND              DANIEL,AVENTURA,FL,AMBR,FRAYND              DANIEL,AMBR,MARTINS             JONATHAN,,,20260403_corporate.txt
L26000175223,APEX PROPERTY SOLUTIONS & INSTALLATION LLC,A,FLAL,1130 18TH AVE N,1,LAKE WORTH BEACH,,33460,03262026,,DECHANTS            ANTHONY       J,LAKE WORTH BEACH,FL,AP,DECHANTS            ANTHONY       J,,,,,20260403_corporate.txt
L26000175233,CERBERUS PROPERTY LLC,A,FLAL,225 E ROBINSON STREET,STE 220,ORLANDO,,32801,03262026,,CORPORATE AGENT ALLIANCE LLC,ORLANDO,FL,MGR,DELBEN SILVA        ANDRE PAULO,MGR,REBOUCAS DE MELO    RAFAEL,MGR,PEDREIRA MAGALHAES  VICTOR,20260403_corporate.txt
L26000175243,ROADSTAR OPERATING LLC,A,FLAL,3605 NE 207TH ST,APT 4110,MIAMI,,33180,03202026,,FRAYND              DANIEL,MIAMI,FL,AR,FRAYND              DANIEL,MGR,MARTINS             JONATHAN,,,20260403_corporate.txt
L26000175253,JORDANUS PROPERTY LLC,A,FLAL,225 E ROBINSON STREET,STE 220,ORLANDO,,32801,03262026,,CORPORATE AGENT ALLIANCE LLC,ORLANDO,FL,MGR,DELBEN SILVA        ANDRE PAULO,MGR,REBOUCAS DE MELO    RAFAEL,MGR,PEDREIRA MAGALHAES  VICTOR,20260403_corporate.txt
L26000175263,"SUN & SPICE, LLC",A,FLAL,429 SW DUVAL AVE,,PORT ST LUCIE,,34983,03262026,,BROWN               ERUM,PORT ST LUCIE,FL,CEO,BROWN               ERUM,CEO,HANEEF              SHAZEENA,,,20260403_corporate.txt
L26000175273,"M HEALTH AGENCY, LLC",A,FLAL,321 NORTHLAKE BOULEVARD,,NORTH PALM BEACH,,33408,03262026,,ZUCKERBERG          MICHAEL       D,WEST PALM BEACH,FL,AMBR,DASHTIZADEH         ANTHONY       K,AMBR,ZUCKERBERG          MICHAEL       D,,,20260403_corporate.txt
L26000175283,Z FAMILY HOLDINGS LLC,A,FLAL,382 NE 191ST ST #660034,,MIAMI,,33179,03262026,,"LEGALZOOM USCA, INC.",FORT LAUDERDALE,FL,AMBR,ZACCARIO            TONY,,,,,20260403_corporate.txt
L26000175293,RZS MANAGEMENT LLC,A,FLAL,25 SE 2ND AVUENUE,,MIAMI,,33131,03262026,,ZENBUSINESS INC.,TALLAHASSEE,FL,AMBR,LOCHARD             SADGI,AMBR,LOCHARD             SADGI JR,AMBR,LOCHARD             SERADGI,20260403_corporate.txt
L26000175303,25TH ACRE REGENERATIVE INFRASTRUCTURE FUND LLC,A,FLAL,218 E BEARSS AVE #340,,TAMPA,,33613,03262026,,METZLER ADVISORY LLC,TAMPA,FL,MGR,RIVERA              MARCOS,,,,,20260403_corporate.txt
L26000175313,UNLOCK YOUR TRUTH LLC,A,FLAL,17530 WOODCREST WAY,,CLERMONT,,34714,03262026,,AZARNOUSH           SIMA,CLERMONT,FL,AMBR,AZARNOUSH           SIMA,,,,,20260403_corporate.txt
L26000175323,THE ZEKE BARBERSHOP LLC,A,FLAL,366 SE STRAIT AVE,,PORT SAINT LUCIE,,34983,03212026,,KETNOLD             NOEL,PORT SAINT LUCIE,FL,MGR,KETNOLD             NOEL,,,,,20260403_corporate.txt
L26000175333,MODERN SIGNAL ADVISORY LLC,A,FLAL,3501 IMPERIAL CROSSING DRIVE,UNIT 7316,BONITA SPRINGS,,34134,03222026,,KNOX                BRIAN         A,BONITA SPRINGS,FL,MGR,KNOX                BRIAN,,,,,20260403_corporate.txt
L26000175343,THE ONES4LIFE LUXURY LLC,A,FLAL,4300 BISCAYNE BLVD,203,MIAMI,,33137,03262026,,OSUN                OLUFEMI,MIAMI,FL,MGR,OSUN                OLUFEMI,,,,,20260403_corporate.txt
L26000175353,KD CHILDCARE HOME LLC,A,FLAL,6816 N HALE AVE,,TAMPA,,33614,03262026,,SOUTO ACOSTA        YOANA,TAMPA,FL,PRES,SOUTO ACOSTA        YOANA,,,,,20260403_corporate.txt
L26000175363,RMI LITHUANIA LLC,A,FLAL,310 NE 61ST STREET,,MIAMI,,33137,03262026,,ZENBUSINESS INC.,TALLAHASSEE,FL,AMBR,URZOLA              VICTOR,AMBR,CUNNINGHAM          PATRICK J,AMBR,LARIOS              LEONARDO,20260403_corporate.txt
P26000017393,COMFORT-TECH AC INC,A,DOMP,2060 SW 90TH AVE UNIT C18,,DAVIE,,33324,04022026,,PALUMBO             STEPHEN       J,DAVIE,FL,P,PALUMBO             STEPHEN       J,,,,,20260403_corporate.txt
L26000175373,BOLD HEALTH LLC,A,FLAL,"2125 BISCAYNE BLVD, STE 204 #25471",,MIAMI,,33137,03262026,,REGISTERED AGENTS INC,ST PETERSBURG,FL,AMBR,MIKAELATB TRUST,,,,,20260403_corporate.txt
L26000175383,HAMMERHEAD ENTERPRISES LLC,A,FLAL,798 SW MCCALL RD.,,PORT SAINT LUCIE,,34953,03262026,,CASTLEBERRY         BOBBY,PORT SAINT LUCIE,FL,AMBR,CASTLEBERRY         BOBBY,,,,,20260403_corporate.txt
L26000175393,KETOFFEE LLC,A,FLAL,3530 MYSTIC POINTE DRIVE,,AVENTURA,,33180,03262026,,ZENBUSINESS INC.,TALLAHASSEE,FL,AMBR,LUNA GONZALEZ       MARCELA,AMBR,MORAN HERNANDEZ     ADRI��N,AMBR,S��NCHEZ GARCIA     MARIA CLEMENCI,20260403_corporate.txt
L26000175403,GUCCIANO'S GARBAGE BIN CLEANING LLC,A,FLAL,11930 NE 64TH PL,,WILLISTON,,32696,03262026,,JOHNSON             LAGONDA,WILLISTON,FL,AP,JOHNSON             LAGONDA,,,,,20260403_corporate.txt
L26000175413,TRUE TALENT AESTHETICS LLC,A,FLAL,217 OLD ENGLAND LOOP,,SANFORD,,32771,03262026,,KEELING             LASHANTAE,SANFORD,FL,AMBR,KEELING             LASHANTAE,,,,,20260403_corporate.txt
P26000017403,REAL DREAM SERVICES AND REPAIRS INC,A,DOMP,971 E 9TH ST HIALEAH FL 33010,,HIALEAH,,33010,03272026,,RODRIGUEZ HERNANDEZ LUIS,HIALEAH,FL,P,RODRIGUEZ HERNANDEZ LUIS,,,,,20260403_corporate.txt
L26000175423,F.N. STRATEGIES LLC,A,FLAL,275 NW 6TH ST,,BOCA RATON,,33432,03262026,,ZENBUSINESS INC.,TALLAHASSEE,FL,AMBR,FRANKLIN            MARCUS         V,,,,,20260403_corporate.txt
N26000004533,WORLD IMPACT SOLIDARITY AND EMPOWERMENT INC,A,DOMNP,3513 3RD STREET WEST,,LEHIGH ACRES,,33971,03272026,,DORFEUILLE          CLAUDE,LEHIGH ACRES,FL,DIRE,DORFEUILLE          CLAUDE,DIRE,JEAN DENIS          MARIE,DIRE,CASTOR              JEAN,20260403_corporate.txt
L26000175433,S3 LEGACY LLC,A,FLAL,"1110 BRICKELL AVE, SUITE 200",,MIAMI,,33131,03262026,,BTU INTERNATIONAL CONSULTING LLC,MIAMI,FL,MGR,LOPEZ DEL RINCON    JORGE ARTURO,MGR,MOSCOSO TOVILLA     ELDRETH,,,20260403_corporate.txt
L26000175443,DKL SIDING ENTERPRISE LLC,A,FLAL,13780 HUNTWICK DRIVE,,ORLANDO,,32837,03262026,,CORONADO            HEISSER       Y,ORLANDO,FL,MGR,CORONADO            HEISSER       Y,,,,,20260403_corporate.txt
P26000017413,LIAT COHEN P.A.,A,DOMP,7360 SW 121ST STREET,,PINECREST,,33156,03272026,,LIAT                COHEN,PINECREST,FL,P,LIAT                COHEN,,,,,20260403_corporate.txt
F26000001983,ASSETA AI INC.,A,FORP,"203 E. 8TH ST., 3F",,NEW YORK,,10128,04022026,,C T CORPORATION SYSTEM,PLANTATION,FL,PSD,PALMITER            DEAN,CEO,PALMITER            DEAN,D,KAUR                JASLEEN,20260403_corporate.txt
L26000175453,ALICE PS LLC,A,FLAL,3004 ALICE DR,,PALM SPRINGS,,33461,03262026,,ALVAREZ             FRANK,ROYAL PALM BEACH,FL,MGR,RICHARDSON          GARTH,MGR,MOHAMMED            JENNA,,,20260403_corporate.txt
P26000017423,ITFCKFJB INC,A,DOMP,2777 SW ARCHER RD APT A,,GAINESVILLE,,32608,03272026,,SOUCHET             AERIKA,GAINESVILLE,FL,PDST,SOUCHET             AERIKA,,,,,20260403_corporate.txt
P26000017433,CANEN GROUP CORP,A,DOMP,4763 SW 39TH AVE,,FORT LAUDERDALE,,33312,04012026,,CANO GIL            ERNESTO       J,FORT LAUDERDALE,FL,P,CANO GIL            ENRIQUE J,D,CANO GIL            ENRIQUE J,VP,CANO GIL            ERNESTO J,20260403_corporate.txt
L26000175463,HLL INVESTMENTS GROUP LLC,A,FLAL,8669 NW STREET,,MIAMI,,33166,04022026,,HUMBERTO JOSE LUENGO JR,MIAMI,FL,AMBR,HUMBERTO JOSE LUENGO JR,,,,,20260403_corporate.txt
P26000017443,VSQOJA INC,A,DOMP,81801 BRANTLEY RD APT 1909,,FORT MYERS,,33907,03272026,,BAEZ                CATALINA,FORT MYERS,FL,PDST,BAEZ                CATALINA,,,,,20260403_corporate.txt
L26000175473,C.O.M.BA.T.S. LOGISTICS LLC,A,FLAL,400 N TAMPA ST STE 1550 #635794,,TAMPA,,33602,03262026,,TURNER              SAMUEL        ASR,JACKSONVILLE,FL,AMBR,TURNER              SAMUEL        ASR.,,,,,20260403_corporate.txt
P26000017453,ZENTRIX SOLUTIONS INC,A,DOMP,3523 SW 6TH STREET,,MIAMI,,33135,03272026,,PILOTO RAMIREZ      MARLON,MIAMI,FL,"P, D",PILOTO RAMIREZ      MARLON,,,,,20260403_corporate.txt
L26000175483,"ART BY EMMALINE, LLC",A,FLAL,855 GONZALEZ PARK DR,,CANTONMENT,,32533,03232026,,GLAZNER             CARRIE        E,CANTONMENT,FL,MGR,GLAZNER             CARRIE        E,,,,,20260403_corporate.txt
L26000175493,TOMAZENA GRACEFUL LIVING LLC,A,FLAL,393 SW 77TH TERRACE,,OKEECHOBEE,,34974,03262026,,HERSHORIN           PAUL,OKEECHOBEE,FL,AMBR,HERSHORIN           PAUL,,,,,20260403_corporate.txt
P26000017463,YCGPVY INC,A,DOMP,6083 RALEIGH ST,,ORLANDO,,32835,03272026,,FRANCIS             JAHLEA,ORLANDO,FL,PDST,FRANCIS             JAHLEA,,,,,20260403_corporate.txt
L26000175503,516 GERONA AVE LLC,A,FLAL,5700 MICHELANGELO ST,,CORAL GABLES,,33146,03262026,,FERNANDEZ           CARLOS        I,CORAL GABLES,FL,MGR,FERNANDEZ           CARLOS        I,MGR,FERNANDEZ           MARIA         F,,,20260403_corporate.txt
L26000175513,MARALDO NORTHPORT INVESTMENTS LLC,A,FLAL,3651 UNIVERSITY PKWY,,SARASOTA,,34243,03272026,,CLAROS              HECTOR        F,SARASOTA,FL,AR,CLAROS              HECTOR        F,,,,,20260403_corporate.txt
P26000017473,OEQDVN INC,A,DOMP,3358 NW 2ND ST,,OKEECHOBEE,,34972,03272026,,ROSA                TAMEKA,OKEECHOBEE,FL,PDST,ROSA                TAMEKA,,,,,20260403_corporate.txt
L26000175523,HELICES L.L.C,A,FLAL,17727 GULF RANCH PL,,BRADENDON,,34211,04012026,,ESCOBAR             ALFONSO       J,BRADENTON,FL,PRES,ESCOBAR             ALFONSO       J,,,,,20260403_corporate.txt
L26000175533,2050 CABRERA LLC,A,FLAL,2050 NW 36 ST,,MIAMI,,33142,03262026,,CABRERA             JUAN          D,MIAMI,FL,MGR,CABRERA             JUAN          D,,,,,20260403_corporate.txt
N26000004543,"UNION COUNTY POST #153, AMERICAN LEGION, DEPARTMENT OF FLORIDA, INC.",A,DOMNP,325 W MAIN STREET,,LAKE BUTLER,,32054,03272026,,REAGAN              BRIAN         V,LAKE BUTLER,FL,CMDR,BISHOP              MITCHELL,VCDR,NEWSOME             SHAWN,ADJT,REAGAN              BRIAN,20260403_corporate.txt
P26000017483,FUNDAMENTALS TI SYSTEMS CORP,A,DOMP,806 VERONA STREET,STE 1,KISSIMMEE,,34741,03272026,,AVROS CORPORATION,KISSIMMEE,FL,P,NOGUEIRA MARINI     FABRIZIO,S,DE OLIVEIRA         NORMILDO BENTO,,,20260403_corporate.txt
L26000175543,ZYB LLC,A,FLAL,7620 52ND AVE S,,TAMPA,,33619,03262026,,RAMOS AGUIRRE       BRAYAN        S,TAMPA,FL,MGR,RAMOS AGUIRRE       BRAYAN        S,,,,,20260403_corporate.txt
P26000017493,"LR ENTRETEN, CORP",A,DOMP,18117 BISCAYNE BLVD,SUITE 2102,AVENTURA,,33160,03302026,,DTLBIZ,AVENTURA,FL,P,DORNELLES RIBEIRO   LEIDE,,,,,20260403_corporate.txt
L26000175553,CARE FOR THE SOUL LLC,A,FLAL,9582 LINGWOOD TRL,,ORLANDO,,32817,04012026,,ALVAREZ ROMAN       BEATRIZ,ORLANDO,FL,AMBR,ALVAREZ ROMAN       BEATRIZ,,,,,20260403_corporate.txt
L26000175563,NELIACORE LLC,A,FLAL,5006 WABASH PLACE,,RIVERVIEW,,33578,03262026,,EL MENOUNI          EL MEHDI,RIVERVIEW,FL,AMBR,EL MENOUNI          EL MEHDI,AMBR,ELAKER              AMINE,,,20260403_corporate.txt
L26000175573,ROSEFINCH PROPERTIES LLC,A,FLAL,1684 SPRING CREEK DRIVE,,SARASOTA,,34239,03262026,,ABU-SHAAR           MUNA,SARASOTA,FL,MGR,ABU-SHAAR           MUNA,MGR,ROSE                JOHN          M,,,20260403_corporate.txt
L26000175583,"JOANN'S QUALITY CLEANING, LLC",A,FLAL,537 NORTH 20TH STREET,UNIT 3,DEFUNIAK SPRINGS,,32433,01262026,,HANDSFORD           JOANN,DEFUNIAK SPRINGS,FL,M,HANDSFORD           JOANN,M,HANDSFORD           KENJI         L,,,20260403_corporate.txt
M26000005213,"R&B LIBERTY REAL ESTATE INVESTMENTS, LLC",A,FORL,25 POMPTON AVE STE 101,,VERONA,,07044-2934,04022026,883439483,NORTHWEST REGISTERED AGENT LLC,ST.PETERSBURG,FL,MBR,MOKRIS              MICHAEL,MBR,MOKRIS              STEFANI,,,20260403_corporate.txt
L26000175593,"K4 PROPERTY GROUP, LLC",A,FLAL,"720 CHARLOTTE AVE.,",,TARPON SPRINGS,,34689,04022026,,KOULIANOS           MARIA,TARPON SPRINGS,FL,MGR,KOULIANOS           JOHN          M,MGR,KOULIANOS           MARIA,,,20260403_corporate.txt
L26000175603,RUSSO REMODELING LLC,A,FLAL,4245 GORGAS ST,,NORTH PORT,,34287,03262026,,RUSSO               ERRICO        J,NORTH PORT,FL,MGR,ZINGERELLA-ANDREWS  THERESA       R,,,,,20260403_corporate.txt
N26000004553,"GLOBAL HISPANIC COUNCIL, INC",A,DOMNP,2153 CORAL WAY,SUITE 400,MIAMI,,33145,03232026,,INTERNATIONAL CORPORATE SUMMITS LLC,MIAMI,FL,P,GIMENEZ             RAMON          SR,VP,MANUEL              GONZALEZ       SR,VP,OLIVIER             VALLECILLO     SR,20260403_corporate.txt
L26000175613,NICANABEN PROPERTY HOLDINGS LLC,A,FLAL,7901 4TH ST N STE 300,,ST. PETERSBURG,,33702,03262026,,NORTHWEST REGISTERED AGENT LLC,ST. PETERSBURG,FL,,,,,,,20260403_corporate.txt
L26000175623,"ZPH MINNESOTA AVENUE, LLC",A,FLAL,38734 MINNESOTA AVENUE,,ZEPHYRHILLS,,33542,03262026,,"CAPRI CAPITAL INVESTORS, LLC",LITHIA,FL,MGR,JOYCE               LINDSAY       A,MGR,JOYCE               MARK          J,,,20260403_corporate.txt
L26000175633,BONLYFE CONCEPTS LLC,A,FLAL,15985 PRESERVE MARKETPLACE BLVD SUITE 30,,ODESSA,,33556,03262026,,REGISTERED AGENTS INC,ST. PETERSBURG,FL,AMBR,POTTER              ROBERT,,,,,20260403_corporate.txt
M26000005223,EAR KANDI ENTERTAINMENT LLC,A,FORL,7901 4TH ST N STE 300,,ST.PETERSBURG,,33702,04022026,852061329,REGISTERED AGENTS INC,ST.PETERSBURG,FL,MBR,DOUGLAS             GARDNER,,,,,20260403_corporate.txt
L26000175643,NEBS ENTERPRISE LLC,A,FLAL,7524 PROXIMA ROAD,,JACKSONVILLE,,32210,03262026,,ZENBUSINESS INC.,TALLAHASSEE,FL,AMBR,BEKELE              MEDHIN,AMBR,WATSON              TOMEKA,,,20260403_corporate.txt
L26000175653,MARIANA FL LLC,A,FLAL,12602 DOUBLE BRIDLE CT,104,TAMPA,,33625,03262026,,WILSON              EVA,TAMPA,FL,MGR,WILSON              EVA,,,,,20260403_corporate.txt
L26000175663,ELEVATE CARE CLINICAL GROUP LLC,A,FLAL,6426 EMERALD DUNES DRIVE,#301,WEST PALM BEACH,,33411,03252026,,SIMILIEN            SHANA,WEST PALM BEACH,FL,MGR,ROSENBERG-COX       PHAIMIRE,MGR,ROSENBERG           JESSICA,MGR,SCALES TARA         BETTINA,20260403_corporate.txt
L26000175673,BERRY BERRY FRUIT CO LLC,A,FLAL,8220 PATTERSON WOODS DR,4105,ORLANDO,,32821,03262026,,VU                  MAI,ORLANDO,FL,MGR,VU                  MAI           T,,,,,20260403_corporate.txt
L26000175683,COASTLINE RENTALS PROPERTIES LLC,A,FLAL,10395 54TH AVE N,,SAINT PETERSBURG,,33708,04152026,,LAM                 DUY           N,SAINT PETERSBURG,FL,MGR,LAM                 DUY           N,,,,,20260403_corporate.txt
L26000175693,COUNTERPUNCH CAPITAL LLC,A,FLAL,9270 UNIVERSITY PKWY,,PEMSACOLA,,32514,03262026,,BARRINEAU IV        THOMAS,PEMSACOLA,FL,MGR,GILLIS              JOHN,AP,BARRINEAU IV        THOMAS,,,20260403_corporate.txt
L26000175703,"LAURA WALDORF REISS INTERNATIONAL, LLC",A,FLAL,11865 PRESERVATION LN,,BOCA RATON,,33498,03262026,,REISS               LAURA         W,BOCA RATON,FL,MGR,REISS               LAURA,AR,REISS               ANDREW        W,,,20260403_corporate.txt
L26000175713,DR GROUP  USA LLC,A,FLAL,16005 KINGSMOORS WAY,,MIAMI LAKES,,33014,03262026,,RODRIGUEZ-MENA BOZA DAYANI,MIAMI LAKES,FL,AMBR,RODRIGUEZ-MENA BOZA DAYANI,,,,,20260403_corporate.txt
L26000175723,EKATVA LLC,A,FLAL,1820 SE 18TH AVE SUITE 4,,OCALA,,34471,04022026,,PATEL               DHRUV,OCALA,FL,MGR,GIBSON              TAILOR,MGR,PATEL               JAYNA,MGR,PATEL               EVA,20260403_corporate.txt
L26000175733,"MELT-ON WALLS, LLC",A,FLAL,136 S BELLEVIEW WAY,,INVERNESS,,34450,03242026,,INC AUTHORITY RA,ORLANDO,FL,MGR,MELTON              KRISTOPHER,,,,,20260403_corporate.txt
P26000017503,COMPUCOVER INC.,A,DOMP,255 PINE AVE W,,CRESTVIEW,,32536,03272026,,GARRETT             JAMES         RIV,CRESTVIEW,FL,CEO,GARRETT             JAMES         RIV,,,,,20260403_corporate.txt
L26000175743,POINCIANA REAL ESTATE INVESTMENT LLC,A,FLAL,2517 PEEKSKILL ROAD,,VALRICO,,33594,03022026,,ACCOUNTAX SERVICES,APOPKA,FL,MGR,YEDAI LLC,MGR,SALVI ENTERPRISES LLC,AMBR,PATHAK PRASAD T,20260403_corporate.txt
L26000175753,SEA FUN BOAT LLC,A,FLAL,1730 SW 30TH TERRACE,,CAPE CORAL,,33914,04022026,,"FORREST J. BASS, ESQ.",PUNTA GORDA,FL,MGR,FERNANDEZ           ANTHONY,MGR,FERNANDEZ           LISSA,,,20260403_corporate.txt
L26000175763,"MYSTERY DOGS, LLC",A,FLAL,708 EAST VOORHIS AVE,,DELAND,,32724,03242026,,INC AUTHORITY RA,ORLANDO,FL,MGR,JONES               LEVI,MGR,JONES               MAXINE,,,20260403_corporate.txt
L26000175773,"BLISSFUL BLENDS, LLC",A,FLAL,12214 COUNTRY DAY CIR,,FORT MYERS,,33913,03242026,,INC AUTHORITY RA,ORLANDO,FL,MGR,ORTIZ               ELIZABETH,MGR,ORTIZ               MATTHEW,,,20260403_corporate.txt
P26000017513,ROXY PARTY RENTALS CORP,A,DOMP,555 WEST 76TH ST,,HIALEAH,,33014,03302026,,MONJIOTTI RODRIGUEZ ROXANA,HIALEAH,FL,,,,,,,20260403_corporate.txt
L26000175783,"DIVINE ASSET MANAGEMENT, LLC",A,FLAL,1413 IOWA AVE,,LYNN HAVEN,,32444,03242026,,INC AUTHORITY RA,ORLANDO,FL,MGR,BROOKS              TAKEYA,,,,,20260403_corporate.txt
P26000017523,GECEL SERVICES INC,A,DOMP,189 TOLUCA DRIVE,,KISSIMMEE,,34743,03242026,,PICHARDO            BERNANDO,KISSIMMEE,FL,P,PICHARDO            BERNANDO,VP,TAPIA               PAOLA,,,20260403_corporate.txt
L26000175793,"KINGDOM BEEZNESS INVESTMENT, LLC",A,FLAL,7725 HART DR,,NORTH FORT MYERS,,33917,03182026,,INC AUTHORITY RA,ORLANDO,FL,MGR,MARTINEZ            SANDRA,,,,,20260403_corporate.txt
L26000175803,"WILSONS LOGISTICS AND TRANSPORTATION, LLC",A,FLAL,9314 CRESCENT LOOP CIR,,TAMPA,,33619,03252026,,INC AUTHORITY RA,ORLANDO,FL,MGR,WILSON              STEVEN,,,,,20260403_corporate.txt
L26000175813,"SUGAR & SCULPTED AESTHETICS, LLC",A,FLAL,1 N OCEAN BLVD,,POMPANO BEACH,,33062,03252026,,INC AUTHORITY RA,ORLANDO,FL,MGR,HARRIS              JAMIE,,,,,20260403_corporate.txt
P26000017533,NOVA HORIZON SERVICES INC,A,DOMP,2735 16TH AVE SE,,NAPLES,,34117,03272026,,SANCHEZ OLIVARES    SUSANA,NAPLES,FL,P,SANCHEZ OLIVARES    SUSANA,,,,,20260403_corporate.txt
L26000175823,"WOLFE FAMILY FARMS, LLC",A,FLAL,17786 CREWS RD,,GLEN SAINT MARY,,32040,03252026,,INC AUTHORITY RA,ORLANDO,FL,MGR,WOLFE               WARDEN,MGR,WOLFE               BRANDI,,,20260403_corporate.txt
P26000017543,MARIA REMODELACION Y CONSTRUCCION INC,A,DOMP,2844 FLOWEVA,,PALM SPRINGS,,33406,03282026,,RODRIGUEZ CEJA      MARIA         A,PALM SPRINGS,FL,P,RODRIGUEZ CEJA      MARIA         A,,,,,20260403_corporate.txt
L26000175833,"ARIBAU CLEAN & GO, LLC",A,FLAL,2008 SW 42ND WAY,,GAINESVILLE,,32607,03252026,,INC AUTHORITY RA,ORLANDO,FL,MGR,ARIAS               OLGA,MGR,ARIAS               SAHARAIN,,,20260403_corporate.txt
L26000175843,"JR SURF AND TURF, LLC",A,FLAL,10008 N ASTER AVE,,TAMPA,,33612,03252026,,INC AUTHORITY RA,ORLANDO,FL,MGR,WILLIAMS            JERROD,,,,,20260403_corporate.txt
L26000175853,"4950 DEERFIELD 103 PJD1, LLC",A,FLAL,"4950 DEERFIELD WAY, UNIT 103",,NAPLES,,34110,04022026,,DIMARCO             PHILIP        JIII,NAPLES,FL,MGR,DIMARCO             PHILIP        JIII,MGR,DIMARCO             JENNIFER,,,20260403_corporate.txt
P26000017553,LEIDY TRANSPORTATION INC,A,DOMP,948 W 80TH PL,,HIALEAH,,33014,03282026,,CANGAS SOTO         LEIDY,HIALEAH,FL,P,CANGAS SOTO         LEIDY,,,,,20260403_corporate.txt
M26000005233,"FORWARD FIRM, LLC",A,FORL,7901 4TH ST N STE 300,,ST PETERSBURG,,33702,04022026,335028337,REGISTERED AGENTS INC,ST PETERSBURG,FL,MBR,RETRACCA            MITCHELL,MBR,SILVERMAN           SAMUEL,,,20260403_corporate.txt
L26000175863,"EUGENE CULVER'S CLEANING, LLC",A,FLAL,1358 TIOGA AVE,,CLEARWATER,,33756,03242026,,INC AUTHORITY RA,ORLANDO,FL,MGR,CULVER              EUGENE,,,,,20260403_corporate.txt
L26000175873,"MY VILLIJ APP, LLC",A,FLAL,8341 SW 91 TERRACE,,MIAMI,,33156,03262026,,FIGUEROA            XIMENA        L,MIAMI,FL,AMBR,FIGUEROA            XIMENA        L,AMBR,MEDINA              DIANA         A,,,20260403_corporate.txt
L26000175883,US - PROMAX LLC,A,FLAL,2456 DEERCROFT DR,,MELBOURNE,,32940,03262026,,MACHADO             ALAN,MELBOURNE,FL,CEO,MACHADO             ALAN,,,,,20260403_corporate.txt
L26000175893,MOEMA BIRDS LLC,A,FLAL,104 CLAYTON AVENUE,,KISSIMMEE,,34747,03262026,,CLAUDIA LIMA TAX & ACCOUNTING LLC,ORLANDO,FL,AMBR,RODRIGUES           CLAUDIO VICTOR,AMBR,FALK RODRIGUES      NICOLE,,,20260403_corporate.txt
L26000175903,"PECAN'S FRIENDS DAYCARE, LLC",A,FLAL,1695 PECAN CT,,ORANGE PARK,,32073,03262026,,SORZANO HERRERO     YUNEISI,ORANGE PARK,FL,AMBR,SORZANO HERRERO     YUNEISI,AMBR,FERNANDEZ DE LA VARAREINIER,,,20260403_corporate.txt
L26000175913,BWTG LLC,A,FLAL,2305 SE 20TH CIRCLE,,OCALA,,34471,03262026,,BEDARD              HUNTER        WESQ.,OCALA,FL,MGR,RAMER               WILLIAM       J,MGR,BEDARD              HUNTER        WESQ.,MGR,CONNELL             DEVIN         RESQ.,20260403_corporate.txt
L26000175923,"ALEXANDRA CLAUS PHYSICAL THERAPY, LLC",A,FLAL,1450 BRICKELL BAY DRIVE,APT 1802,MIAMI,,33131,03262026,,CLAUS               ALEXANDRA     R,MIAMI,FL,MGR,CLAUS               ALEXANDRA     R,,,,,20260403_corporate.txt
L26000175933,M.A.F.S RODELO US LLC,A,FLAL,7718 NW 116TH AVE,,MIAMI,,33178,03262026,,RODELO              MARIA,MIAMI,FL,MGR,RODELO              MARIA,,,,,20260403_corporate.txt
L26000175943,TEAM BARNES REAL ESTATE PLLC,A,FLAL,3405 HILLCREST DR,,PANAMA CITY,,32405,03252026,,BARNES              SAYA,PANAMA CITY,FL,AMBR,BARNES              SAYA,MGR,BARNES              BRADLWY,,,20260403_corporate.txt
L26000175953,BLUE WHALE SOLUTIONS LLC,A,FLAL,205 TALLADEGA LN,,POLK CITY,,33868,03262026,,DIAZ                JORGE,POLK CITY,FL,MGR,DIAZ                JORGE,,,,,20260403_corporate.txt
L26000175963,PROATI ENTERPRISE LLC,A,FLAL,3527 WILES RD,APT 106,COCONUT CREEK,,33073,03262026,,APARICIO GARCIA     SANTIAGO      E,COCONUT CREEK,FL,MGR,APARICIO GARCIA     SANTIAGO      E,,,,,20260403_corporate.txt
L26000175973,JAMES/SMITH DISTRIBUTION LLC,A,FLAL,1600 PONCE DE LEON BLVD,10TH FLOOR #72,CORAL GABLES,,33134,03202026,,WALKER              CRYSTAL       L,"CORAL GABLES ,",FL,MGR,JAMES               TAMARIS       J,,,,,20260403_corporate.txt
L26000175983,"SAER INTEGRATED SERVICES, LLC",A,FLAL,4760 NW 102 AVE,APT 207,DORAL,,33178,03262026,,SAER MENDEZ         JOSE          S,DORAL,FL,MGR,SAER MENDEZ         JOSE          S,,,,,20260403_corporate.txt
L26000175993,SUNFLOWER MEADOWS LLC,A,FLAL,3803 11 MILE RD,,FORT PIERCE,,34945,03262026,,NORTHWEST REGISTERED AGENT LLC,ST PETERSBURG,FL,AMBR,JOHNSON             REBECCA,AMBR,JOHNSON             JAKYM,,,20260403_corporate.txt
L26000176003,BEACHES LAWN CARE LLC,A,FLAL,121 16TH AVE S,,JACKSONVILLE BEACH,,32250,03262026,,"LEGALZOOM USCA, INC.",FORT LAUDERDALE,FL,AMBR,CARTER              JONATHAN      D,,,,,20260403_corporate.txt
L26000176013,NINE LIVES COLLECTIVE LLC,A,FLAL,7901 4TH ST N STE 300,,ST. PETERSBURG,,33702,03262026,,NORTHWEST REGISTERED AGENT LLC,ST. PETERSBURG,FL,MGR,PAXTON              BENJAMIN,MGR,PIHONAK             LESLIE,,,20260403_corporate.txt
L26000176023,"MARINE ONE EXTERIORS, LLC",A,FLAL,2813 CAMEL CIRCLE,,MIDDLEBURG,,32068,03242026,,BRANDT              JASON         C,MIDDLEBURG,FL,MGR,BRANDT              JASON         C,,,,,20260403_corporate.txt
L26000176033,2318 PARK STREET LLC,A,FLAL,11250 ST. AUGUSTINE ROAD,15353,JACKSONVILLE,,32257,03262026,,JORGENSEN           MIKE,JACKSONVILLE,FL,AMBR,JORGENSEN           MIKE,,,,,20260403_corporate.txt
F26000001993,"MPOWERED COMMUNITY SERVICES, INC",A,FORNP,5588 FREESIA DR,,LAKELAND,,33811,03302026,853794432,ANDERSON            REBECCA,LAKELAND,FL,PT,ANDERSON            LEE,VPS,ANDERSON            REBECCA,CH,ANDERSON            KELVIN,20260403_corporate.txt
L26000176043,"""GARCIA CRYSTAL TRADE LLC""",A,FLAL,12401 W OKEECHOBEE RD,LOT 473,HIALEAH,,33018,03262026,,TORRES              ANDIER,HIALEAH,FL,MGR,TORRES              ANDIER,,,,,20260403_corporate.txt
L26000176053,ROMERO PEREZ MGMT LLC,A,FLAL,C/O BREWER LAW LLC,212 PASADENA PLACE,ORLANDO,,32803,04032026,,"KURT FOREST BREWER, ESQ",ORLANDO,FL,MGR,CILBIA ESPERANZA ROMERO,,,,,20260403_corporate.txt
L26000176063,SOSELU INVESTMENTS LLC,A,FLAL,1709 ROYAL GROVE WAY,,WESTON,,33327,04022026,,OSARIO              PAUL,WESTON,FL,MBR,OSARIO              PAUL,MBR,BALLON              SONIA,,,20260403_corporate.txt
L26000176073,"A&S HAULING, LLC",A,FLAL,201 N ORANGE ST,,BUNNELL,,32110,03262026,,INC AUTHORITY RA,ORLANDO,FL,MGR,ARCHIBALD           RICHARD,,,,,20260403_corporate.txt
L26000176083,CHOSEN HEARTS COMPANION LLC,A,FLAL,2454 TALCO HILLS DR.,A,TALLAHASSEE,,32303,03262026,,JOHNSON             TARA,TALLAHASSEE,FL,MGR,JOHNSON             TARA,,,,,20260403_corporate.txt
L26000176093,UPSPRING LLC,A,FLAL,1129 NW NINTH ST,,CAPE CORAL,,33993,03262026,,LAMA RAMOS          CLARIBEL,CAPE CORAL,FL,MGR,LAMA RAMOS          CLARIBEL,MGR,RAMOS RAMOS         IVONNE,,,20260403_corporate.txt
L26000176103,"BLACKWATER ROASTING COMPANY, LLC",A,FLAL,12089 BRANDON LAKE DRIVE,,JACKSONVILLE,,32258,03262026,,MCNEELY             JUSTIN        R,JACKSONVILLE,FL,MGR,MCNEELY             JUSTIN        R,,,,,20260403_corporate.txt
L26000176113,YAIMA BEAUTYY LLC,A,FLAL,8424 W HILLSBOROUGH AVE,STE 22,TAMPA,,33615,03262026,,BLANCO RODRIGUEZ    CARIDAD       Y,TAMPA,FL,MGR,BLANCO RODRIGUEZ    CARIDAD       Y,MGR,POSADA RAMOS        ISRAEL,,,20260403_corporate.txt
P26000017563,DK GLOBAL SOLUTIONS CORP,A,DOMP,401 HIALEAH DR UNIT 331,,HIALEAH,,33010,04022026,415284461,MENDOZA             DAYANA        F,HIALEAH,FL,PRES,MENDOZA             DAYANA        F,,,,,20260403_corporate.txt
L26000176123,ACGI PERFORMANCE LLC,A,FLAL,1605 SCOTCH PINE DR,,BRANDON,,33511,03262026,,MOLINA              YONIS,BRANDON,FL,MGR,MOLINA              YONIS,,,,,20260403_corporate.txt
L26000176133,ADENMA GROUP LLC,A,FLAL,4701 NW 112TH CT,,DORAL,,33178,04022026,,GONZALEZ ALVAREZ    ADIANEZ,DORAL,FL,MGRM,GONZALEZ ALVAREZ    ADIANEZ,,,,,20260403_corporate.txt
M26000005243,"ASCEND ULTIMATE HOLDCO, LLC",A,FORL,"1551 SAWGRASS CORPORATE PKWY., STE. 130",,SUNRISE,,33323,04022026,,CORPORATION SERVICE COMPANY,TALLAHASSEE,FL,MBR,"HONOR CAPITAL TOPCO, LLC",AP,CHEKURI             PRAVEEN,AP,PIERCE              WADE,20260403_corporate.txt
L26000176143,GRL GROUP 11980 LLC,A,FLAL,230 PARK STREET,,MIAMI SPRINGS,,33166,03262026,,BONILLA             ROSELYN,MIAMI SPRINGS,FL,MGR,BONILLA             ROSELYN,MGR,SANTOS              GUILLERMO,,,20260403_corporate.txt
L26000176153,GIANT EYEBALL LLC,A,FLAL,6822 NW 112TH AVE,,DORAL,,33178,03262026,,ROCKET LAWYER CORPORATE SERVICES LLC,TALLAHASSEE,FL,MGR,DELEONARDIS         STEVEN,,,,,20260403_corporate.txt
L26000176163,YANEX INVESTMENTS LLC,A,FLAL,15927 CAPE CORAL LOOP,,CLERMONT,,34714,04022026,,EXPAT CONSULTING CORP,ORLANDO,FL,AMBR,KUEN                YAM LI,,,,,20260403_corporate.txt
L26000176173,MACY PURCELL ENTERPRISES LLC,A,FLAL,226 NW JITTERBUG WAY,,LAKE CITY,,32055,03262026,,CASWELL             NICOLE,LAKE CITY,FL,MBR,CASWELL             NICOLE,MBR,PURCELL             MICHAEL,,,20260403_corporate.txt
L26000176183,INFACT LLC,A,FLAL,450 MAMARONECK AVENUE,SUITE 201,HARRISON,,10528,04022026,,C T CORPORATION SYSTEM,PLANTATION,FL,MGR,KOCH                MARC          E,MGR,GOLDSTEIN           ROBERT        C,,,20260403_corporate.txt
L26000176193,"TEMPLE COLLECTIVE, LLC",A,FLAL,15084 SW 172ND ST,,MIAMI,,33187,03262026,,ARIAS-DELGADO       LESLIE        E,MIAMI,FL,AMBR,ARIAS DELGADO       LESLIE        E,AMBR,PASTOR              HANNAH,,,20260403_corporate.txt
L26000176203,CAMEL TOW EXPRESS LLC,A,FLAL,146 ANCHORAGE AVE,,CAPE CANAVERAL,,32920,03262026,,NORTHWEST REGISTERED AGENT LLC,ST. PETERSBURG,FL,AMBR,TAYLOR              WILLIAM,,,,,20260403_corporate.txt
L26000176213,NAVON CO.GROUP LLC,A,FLAL,7415 GATEHOUSE CIR,,ORLANDO,,32807,04272026,,ROSA                ISHENY,ORLANDO,FL,,,,,,,20260403_corporate.txt
L26000176223,"TBT LEVY, LLC",A,FLAL,1912 HAMILTON STREET,,JACKSONVILLE,,32210,04022026,,MILNE               DOUGLAS       J,JACKSONVILLE,FL,MGR,"HAMILTON STREET MANAGEMENT & TRUST CO, LLC",,,,,20260403_corporate.txt
L26000176233,L&P SERVICE AGENCY LLC,A,FLAL,7292 GATES CIRCLE,,SPRING HILL,,34606,04012026,,LOPEZ PRADO         ALBERTO,SPRING HILL,FL,AMBR,LOPEZ PRADO         ALBERTO,,,,,20260403_corporate.txt
L26000176243,JIMBO PANAMANIANS CUISINE LLC,A,FLAL,13333 SW 269TH ST,,HOMESTEAD,,33936,03262026,,HOYTE               JIMMY,LEHIGH ACRES,FL,,,,,,,20260403_corporate.txt
L26000176253,ENKI EXPRESS LLC,A,FLAL,3144 CASHMERE DR,,ORLANDO,,32827,03262026,,DEJESUS             ERIC          Y,ORLANDO,FL,P,DEJESUS             ERIC,,,,,20260403_corporate.txt
L26000176263,WAYNE HEALTH PLANS LLC,A,FLAL,456 BLUEBIRD LANE,,DELRAY BEACH,,33445,03262026,,REMUS               WAYNE,DELRAY BEACH,FL,MGR,REMUS               WAYNE,,,,,20260403_corporate.txt
L26000176273,"E.G.V. CATMAR, LLC.",A,FLAL,411 W. 40 PL,,HIALEAH,,33012,04022026,,VALIDO              ERLYS GUADA,HIALEAH,FL,AMBR,VALIDO              ERLYS GUADA,,,,,20260403_corporate.txt
L26000176283,FUN ON WHEELS LLC,A,FLAL,615 ORANGE CAMP RD,,DELAND,,32724,04142026,,VALENTI             MILDRED       R,DELAND,FL,MGR,VALENTI             MILDRED       R,AMBR,GRAHAM              KIRAH         I,,,20260403_corporate.txt
L26000176293,CMB TRAVEL GROUP LIMITED LIABILITY COMPANY,A,FLAL,25910 SIERRA CENTER BLVD,CMB 610,LUTZ,,33559,03262026,,BONNER              CHRYSTAL,LUTZ,FL,AR,BONNER              MARTIN,,,,,20260403_corporate.txt
L26000176303,"FA RWO, LLC",A,FLAL,1 TOWN CENTER ROAD,SUITE 600,BOCA RATON,,33486,03262026,,FALCONE             DANIEL,BOCA RATON,FL,MGR,"FALCONE & ASSOCIATES, LLC",,,,,20260403_corporate.txt
L26000176313,JJ PICKUP & DELIVERY SERVICES LLC,A,FLAL,9440 NW 49TH PLACE,11C,SUNRISE,,33351,03252026,,JOHNSON             ALONSO,SUNRISE,FL,MGR,JOHNSON             ALONZO,,,,,20260403_corporate.txt
L26000176323,"ABIE S BEAUTY COLLECTION, LLC",A,FLAL,1601 NE 144TH ST,APP#1,MIAMI,,33181,03262026,,INC AUTHORITY RA,ORLANDO,FL,MGR,JEAN                ABIGAELLE,,,,,20260403_corporate.txt
L26000176333,VALUE REALTY LLC,A,FLAL,6950 PHILLIPS RESERVE CT,,ORLANDO,,32819,03262026,,KOTADIA             KARAN,ORLANDO,FL,MGR,KOTADIA             SUMAN,MGR,KOTADIA             KARAN,,,20260403_corporate.txt
L26000176343,"WHORL BAKEHOUSE, LLC",A,FLAL,6569 CYRILS DR,,SAINT CLOUD,,34771,04012026,,ORTIZ               JEANCARLOS,SAINT CLOUD,FL,AMBR,ORTIZ               JEANCARLOS,AMBR,MAQUILON            ROSE          A,,,20260403_corporate.txt
L26000176353,LOVE KAY 1881 MULTISERVICES LLC,A,FLAL,7901 4TH ST N  STE 300,,ST. PETERSBURG,,33702,03262026,,NORTHWEST REGISTERED AGENT LLC,ST. PETERSBURG,FL,,,,,,,20260403_corporate.txt
L26000176363,"PROYAI, LLC",A,FLAL,6419 NW 109 AVE,,DORAL,,33178,03262026,,RULLI               FERNANDO,DORAL,FL,MGR,RULLI               FERNANDO,,,,,20260403_corporate.txt
L26000176373,PRECISION PM GROUP LLC,A,FLAL,"3101 S.W. 34TH AVENUE, #905-418",,OCALA,,34474,03262026,,FAGUNDO             DASIER,OCALA,FL,MGR,FAGUNDO             DASIER,,,,,20260403_corporate.txt
L26000176383,YESHR SERVICES LLC,A,FLAL,1505 NW 91 ST AV,APT 10213,CORAL SPRINGS,,33071,03262026,,DIAZ                YESENIA       L,CORAL SPRINGS,FL,MGR,DIAZ                YESENIA       L,,,,,20260403_corporate.txt
L26000176393,JESSEA CRUISES LLC,A,FLAL,20366 SW 87 CT,,MIAMI,,33189,03262026,,RIVERO              JESSICA,CUTLER BAY,FL,,,,,,,20260403_corporate.txt
L26000176403,TREUKO 2 LLC,A,FLAL,117 W. 1ST COURT,,MIAMI BEACH,,33139,04022026,,REUTHER             THOMAS,MIAMI BEACH,FL,MGR,REUTHER             THOMAS,MGR,REUTHER             KARIN,,,20260403_corporate.txt
L26000176413,COCOA BEACH PIRATE BOAT TOUR LLC,A,FLAL,408 W COCOA BEACH CSWY,,COCOA BEACH,,32931,03262026,,STADLER             JAMES         FSR,COCOA BEACH,FL,AR,STADLER             JAMES         FSR,,,,,20260403_corporate.txt
L26000176423,CL DURAN SERVICES LLC,A,FLAL,10351 SW 37TH ST,,MIAMI,,33165,03262026,,DURAN GARCIA        CLARA         L,MIAMI,FL,MGR,DURAN GARCIA        CLARA         L,,,,,20260403_corporate.txt
L26000176433,SPARKPATH RENTALS LLC,A,FLAL,"8855 BOYNTON BEACH BLVD, #360-101",,BOYNTON BEACH,,33472,03262026,,"LEGALZOOM USCA, INC.",FORT LAUDERDALE,FL,AMBR,STAHLER             RANDI,,,,,20260403_corporate.txt
L26000176443,TITI'S ISLAND LLC,A,FLAL,27251 WESLEY CHAPEL BLVD,SUITE 1222,WESLEY CHAPEL,,33544,03262026,,GONZALEZ            TARIANA,WESLEY CHAPEL,FL,,,,,,,20260403_corporate.txt
L26000176453,MENCOH LLC,A,FLAL,9501 CAROUSEL CIR E,,BOCA RATON,,33434,03262026,,COHEN               BRENDA,BOCA RATON,FL,MGR,COHEN               MENACHEM,MGR,HENDEL              JAIA,,,20260403_corporate.txt
L26000176463,SUNSHINE WAREHOUSE SYSTEMS LLC,A,FLAL,2413 MAIN ST.,STE 228,MIRAMAR,,33025,03262026,,"JA KISS HOLDINGS, INC",PLANTATION,FL,,,,,,,20260403_corporate.txt
L26000176473,SED GLOBAL ORGANIZATION LLC,A,FLAL,7901 4TH ST N STE 300,,ST PETERSBURG,,33702,04022026,,NORTHWEST REGISTERED AGENT LLC,ST PETERSBURG,FL,AMBR,MARIE ANGIE CAZI,,,,,20260403_corporate.txt
L26000176483,JM RENOVATIONS & HANDYMAN LLC,A,FLAL,276 SE NORFOLK BLVD,,STUART,,34997,03262026,,MEJIA MEJIA         JUVENTINO,STUART,FL,MGR,MEJIA MEJIA         JUVENTINO,AP,MEJIA               LASHEA        D,,,20260403_corporate.txt
L26000176493,PATSOMITE LLC,A,FLAL,402 FLAGLER AVENUE,,NEW SMYRNA BEACH,,32169,03262026,,COLLADO             PATRICIA      G,NEW SMYRNA BEACH,FL,MGR,COLLADO             PATRICIA      G,,,,,20260403_corporate.txt
L26000176503,SPINAL KINETIX GROUP LLC,A,FLAL,6065 NEWPORT VILLAGE WAY,,LAKE WORTH,,33463,03262026,,CERVANTES           GIOVANNI      A,LAKE WORTH,FL,AMBR,CERVANTES           GIOVANNI      A,,,,,20260403_corporate.txt
L26000176513,MORENO LANDSCAPE SOLUTIONS LLC,A,FLAL,2409 S 70TH ST,,TAMPA,,33619,03262026,,MORENO              MIDELIS,TAMPA,FL,MGR,MORENO              MIDELIS,,,,,20260403_corporate.txt
L26000176523,"NEW PATHWAYS COMMUNICATION, LLC",A,FLAL,3156 WILLOW SPRINGS CIRCLE,,VENICE,,34293,03262026,,FERGUSON            KATHERINE     A,VENICE,FL,MGR,FERGUSON            KATHERINE     A,,,,,20260403_corporate.txt
L26000176533,JMJ PASTORI LLC,A,FLAL,1943 KATIE HILL WAY,,WINDERMERE,,34786,03262026,,REPUBLIC REGISTERED AGENT LLC,JACKSONVILLE,FL,AMBR,DOMINGOS PASTORI    JEFERSON,AMBR,LIMA D. JESUS P.    MIRIAM,AMBR,D. PASTORI JR.      JEFERSON,20260403_corporate.txt
L26000176543,HABANERO HARRY GOURMET HOT SAUCE LLC,A,FLAL,35420 WHITE WATER LILY WAY,,ZEPHYRHILLS,,33541,03222026,,LASETER             DEANE         S,ZEPHYRHILLS WEST,FL,MGR,LASETER             DEANE,,,,,20260403_corporate.txt
L26000176553,MIAMI KITCHENS LLC,A,FLAL,9257 BAY DRIVE,,MIAMI,,33154,03262026,,AMSELLEM            YURI,MIAMI,FL,MGR,AMSELLEM            YURI,,,,,20260403_corporate.txt
L26000176563,WONGCARE HEALTH LLC,A,FLAL,6365 SW EIGHTH ST,8,WEST MIAMI,,33144,03262026,,WONG                MAIDELIN,WEST MIAMI,FL,MGR,WONG                MAIDELIN,,,,,20260403_corporate.txt
L26000176573,FAITH AND LOVE HOPE SERVICES LLC,A,FLAL,7901 4TH STREET N,#25888,ST PETERSBURG,,33702,03272026,,REGISTERED AGENTS INC,ST PETERSBURG,FL,AMBR,TAYLOR              KLARIKA,,,,,20260403_corporate.txt
L26000176583,ORQITEK LLC,A,FLAL,150 SE 2ND AVE STE 1403 #6800,,MIAMI,,33131,04022026,,LUPA ENTERPRISES INC,MIAMI,FL,MGRM,SERGIO UGAS HERNANDEZ,,,,,20260403_corporate.txt
M26000005253,"HHM BOOKKEEPING SOLUTIONS, LLC",A,FORL,1200 MARKET ST.,,CHATTANOOGA,,37402,03242026,474172309,MASHBURN            PAULA,PENSACOLA,FL,MGR,HUTCHERSON          JAMES         D,AP,EDGE                BEVERLY       S,,,20260403_corporate.txt
L26000176593,BASIS HOME HEALTH LLC,A,FLAL,2538 REDFORD DR.,,CANTONMENT,,32533,03262026,,MARTIN              IAN           T,CANTONMENT,FL,MGR,MARTIN              IAN           T,,,,,20260403_corporate.txt
L26000176603,BVM FAST FOOD LLC,A,FLAL,88 DALTON MILL DR,,SAINT JOHNS,,32259,03262026,,PATEL               KRISHNA,SAINT JOHNS,FL,MGR,PATEL               KRISHNA,,,,,20260403_corporate.txt
L26000176613,PRECISION PROPERTY MEDIA LLC,A,FLAL,2162 SE 27TH DR,,GAINESVILLE,,32601,03252026,,ADAMS               ROBERT        LJR,GAINESVILLE,FL,,,,,,,20260403_corporate.txt
L26000176623,"FULCRUM GROWTH, LLC",A,FLAL,5671 DELACROIX TERRACE,,PALM BEACH GARDENS,,33418,03262026,,COURTNEY            MATTHEW       R,PALM BEACH GARDENS,FL,AMBR,HSSC HOLDINGS LLC,,,,,20260403_corporate.txt
L26000176633,JOTABE COASTAL LLC,A,FLAL,7145 SW 136TH CT,,MIAMI,,33183,03262026,,GUTIERREZ CABRERA   JOSE          C,MIAMI,FL,MGR,GUTIERREZ CABRERA   JOSE          C,MGR,GARCELL RODRIGUEZ   BLAS          J,,,20260403_corporate.txt
L26000176643,MORE HEALTH SERVICE LLC,A,FLAL,16514 BALLYSHANNON DRIVE,,TAMPA,,33624,03262026,,MORE                DRISHTI,TAMPA,FL,MGR,MORE                DRISHTI,,,,,20260403_corporate.txt
L26000176653,BARROSO CLEANING SERVICES OF PALM BEACH  LLC,A,FLAL,4258 PALM AVE,,WEST PALM BEACH,,33406,03262026,,BARROSO             ARLETIS       L,WEST PALM BEACH,FL,AMBR,BARROSO             ARLETIS       L,,,,,20260403_corporate.txt
L26000176663,EMERALD SHORE RENTALS LLC,A,FLAL,7624 E 7TH LANE,,SPOKANE,,99212,03012026,,"REGISTERED AGENT SOLUTIONS, INC.",PLANTATION,FL,MGR,KELLER              GALINA,,,,,20260403_corporate.txt
L26000176673,CS CLEANING SERVICES AND MORE LLC,A,FLAL,5840 RED BUG LAKE RD,NUM 1611,WINTER SPRINGS,,32708,04012026,,CRESPO              CARLOS,WINTER SPRINGS,FL,MGR,CRESPO              CARLOS,,,,,20260403_corporate.txt
L26000176683,J AND A COMPLETE TRANSPORTATION LLC,A,FLAL,3718 NE 10TH CT,,HOMESTEAD,,33033,03262026,,PEREZ TELLEZ        JUAN,HOMESTEAD,FL,MGR,PEREZ TELLEZ        JUAN,,,,,20260403_corporate.txt
L26000176693,BBOSSO CLEANING SERVICES LLC,A,FLAL,10116 TULLER LOOP,HALSTON AP 14-208,WINTER GARDEN,,34787,03262026,,BOSSO               THANIA,WINTER GARDEN,FL,AMBR,BOSSO               THANIA,,,,,20260403_corporate.txt
L26000176703,ORLANDO SIGNATURE EXPERIENCE LLC,A,FLAL,11035 ROBERT FROST DR,,WINTER GARDEN,,34787,03252026,,LIN                 CHAOFAN,WINTER GARDEN,FL,AMBR,LIN                 CHAOFAN,,,,,20260403_corporate.txt
L26000176713,BY & D INSURANCE AGENCY LLC,A,FLAL,"6250 SW 130TH AVE., UNIT 704",,MIAMI,,33183,04022026,,RODRIGUEZ           YUSNEYNS,MIAMI,FL,AMBR,RODRIGUEZ           YUSNEYNS,,,,,20260403_corporate.txt
L26000176723,"QUALITY TRANSPORT ONE ,LLC",A,FLAL,2756 LA VISTA DR,,HAINES CITY,,33844,03262026,,DIAZ FERNANDEZ      MAIKEL,HAINES CITY,FL,MGR,DIAZ               CARMEN        L,,,,,20260403_corporate.txt
L26000176733,"SPECIAL OPS RV TANK CLEANING, LLC",A,FLAL,4602 CR 673,SUITE #1834,BUSHNELL,,33513,03212026,,DALE                JASON         E,BUSHNELL,FL,MGR,DALE                JASON         E,,,,,20260403_corporate.txt
L26000176743,JES HOLDINGS GROUP LLC,A,FLAL,115 HARMONY WAY,,FREEPORT,,32439,03262026,,SQUIRIC             JOHN,FREEPORT,FL,MGR,SQUIRIC             JAMES,,,,,20260403_corporate.txt
L26000176753,NEXORA HEALTH LLC,A,FLAL,3523 NW 4TH AVENUE,,BOCA RATON,,33431,03232026,,ZAHRA               TOUQIR,BOCA RATON,FL,MGR,ZAHRA               TOUQIR,,,,,20260403_corporate.txt
L26000176763,265 EVERGLADE LLC,A,FLAL,1900 S HARBOR CITY BLVD,317,MELBOURNE,,32901,03252026,,BGL EQUITY MANAGEMENT LLC,MELBOURNE,FL,MGR,BGL EQUITY MANAGEMENT LLC,AMBR,265 EVERGLADE LP,,,20260403_corporate.txt
L26000175084,BARNETT FAMILY HOMESTEAD LLC,A,FLAL,1029 ISABELLA RD,,CANTONMENT,,32533,03262026,,BLACKMAN            KIMBERLY,CANTONMENT,FL,MGR,BLACKMAN            KIMBERLY,,,,,20260403_corporate.txt
L26000175094,LCEI202 LLC,A,FLAL,16971 W DOWNERS DR,,LOXAHATCHEE,,33470,03262026,,CHAIT               LETTY         E,LOXAHATCHEE,FL,MGR,CHAIT               LETTY         E,,,,,20260403_corporate.txt
L26000175104,GAFB PROPERTIES LLC,A,FLAL,377 N POINT CT,,SATELLITE BEACH,,32937,03262026,,HOUSTON LAW PLLC,NORTH PALM BEACH,FL,MGR,MCCONNELL           DIANE,,,,,20260403_corporate.txt
L26000175114,HEXILOGIC LLC,A,FLAL,7901 4TH ST N STE 300,,ST. PETERSBURG,,33702,03262026,,NORTHWEST REGISTERED AGENT LLC,ST. PETERSBURG,FL,,,,,,,20260403_corporate.txt
L26000175124,NAE & NAE EXTRAORDINARY EATS & TREATS LLC,A,FLAL,381 AUBURN GROVE CROSSING,,AUBURNDALE,,33823,03232026,,ARRINGTON           ZENOBIA,KISSIMMEE,FL,MGR,DOUGLAS             RENEE,MGR,THOMAS              NADINE,,,20260403_corporate.txt
L26000175134,THE CHRISTY ENTERPRISES LLC,A,FLAL,8650 SADDLEBROOK CIR,APT 6101,NAPLES,,34104,03202026,,MATHIEU             DJOUDELKA,NAPLES,FL,MGR,MATHIEU             DJOUDELKA,,,,,20260403_corporate.txt
L26000175144,GIA MARINE INTELLIGENCE LLC,A,FLAL,903 SOUTH STERLING AVENUE,,TAMPA,,33629,03262026,,ENTITY PROTECT RA SERVICES,TAMPA,FL,AMBR,GALATI III          JOSEPH,,,,,20260403_corporate.txt
L26000175154,BCHOSEN TOO LLC,A,FLAL,358 BRUSHWOOD LANE,,WINTER SPRING,,32708,03202026,,BADILLO             ELISEO,WINTER SPRINGS,FL,MGR,BADILLO             ELISEO,,,,,20260403_corporate.txt
L26000175164,THE GLASS KNIGHT LLC,A,FLAL,6122 MINERVA STREET,,ZEPHYRHILLS,,33542,03262026,,ZENBUSINESS INC.,TALLAHASSEE,FL,AMBR,VALDEZ              JUSTIN,,,,,20260403_corporate.txt
L26000175174,EVERSTEAD HOME CARE  LLC,A,FLAL,7463 OAKMOSS LOOP,,DAVENPORT,,33837,03262026,,JONES               KARAI         A,DAVENPORT,FL,MGRM,JONES               KARAI         A,,,,,20260403_corporate.txt
L26000175184,GALEX GROUP LLC,A,FLAL,7220 W 4TH AVE,208,HIALEAH,,33014,03262026,,TIER ONE LLC,DORAL,FL,MGR,CASTILLO            DOUGLESKYS,,,,,20260403_corporate.txt
L26000175194,FLORIDA PERMIT LLC,A,FLAL,1679 OAK PARK DR E,,CLEARWATER,,33764,03262026,,AHERN               COREY,CLEARWATER,FL,MGR,AHERN               COREY,,,,,20260403_corporate.txt
L26000175204,EXALTRA GLOBAL SALES LLC,A,FLAL,525 NE 6 TH CT,,FLORIDA   CITY,,33034,03262026,,ALONSO               SERVIN       OSR,FLORIDA  CITY,FL,AMBR,ALONSO              SERVIN        OSR,,,,,20260403_corporate.txt
L26000175214,KAAPNIE LLC,A,FLAL,13021 SUNSHINE VIEW CT,,CLERMONT,,34711,03262026,,DOMUS GLOBAL TAX ADVISORS LLC,WINTER GARDEN,FL,MGR,PACHECO             SARA LACERDA,,,,,20260403_corporate.txt
L26000175224,SAVVY INNOVATIONS LLC,A,FLAL,4277 PURDY LANE,,WEST PALM BEACH,,33406,03262026,,REGISTERED AGENTS INC.,ST. PETERSBURG,FL,MGR,GELINA              KARLA,,,,,20260403_corporate.txt
L26000175234,HOMETEAM SPORTS CONSULTING  LLC,A,FLAL,131 SE 21ST ST,,GAINESVILLE,,32641,03262026,,CLEMENTS            ASHTON,GAINESVILLE,FL,AMBR,CLEMENTS            ASHTON,,,,,20260403_corporate.txt
L26000175244,TRANS85 LLC,A,FLAL,6362 VINELAND RD,,ORLANDO,,32819,03262026,,RED SQUARE ACCOUNTING & TAX LLC,ORLANDO,FL,AMBR,CHICU               IGOR,AMBR,SINITIN             ANATOLI,,,20260403_corporate.txt
L26000175254,"VANTORIS LEGAL PUBLISHING, LLC",A,FLAL,1769 VIA GRANADA,,BOYNTON BEACH,,33426,03262026,,BENJAMIN            CAROL         IMS.,BOYNTON BEACH,FL,AMBR,BENJAMIN            CAROL         IMS.,,,,,20260403_corporate.txt
L26000175264,GOLDEN CART LLC,A,FLAL,7901 4TH ST N,STE 300,ST. PETERSBURG,,33702,03252026,,NORTHWEST REGISTERED AGENT LLC,ST. PETERSBURG,FL,AMBR,MICHEL              GISLENE,,,,,20260403_corporate.txt
L26000175274,KORBA HOMESERVICES LLC,A,FLAL,155 OLD TAMIAMI TRL,,NAPLES,,34110,03262026,,KORBA               LUKASZ,NAPLES,FL,CEO,KORBA               LUKASZ,,,,,20260403_corporate.txt
L26000175284,MUSCA AUSTRALIS PROPERTY LLC,A,FLAL,225 E ROBINSON STREET,STE 220,ORLANDO,,32801,03262026,,CORPORATE AGENT ALLIANCE LLC,ORLANDO,FL,MGR,DELBEN SILVA        ANDRE PAULO,MGR,REBOUCAS DE MELO    RAFAEL,MGR,PEDREIRA MAGALHAES  VICTOR,20260403_corporate.txt
L26000175294,RHINOCEROS PROPERTY LLC,A,FLAL,225 E ROBINSON STREET,STE 220,ORLANDO,,32801,03262026,,CORPORATE AGENT ALLIANCE LLC,ORLANDO,FL,MGR,DELBEN SILVA        ANDRE PAULO,MGR,REBOUCAS DE MELO    RAFAEL,MGR,PEDREIRA MAGALHAES  VICTOR,20260403_corporate.txt
L26000175304,POLOPHYLAX MAJOR PROPERTY LLC,A,FLAL,225 E ROBINSON STREET,STE 220,ORLANDO,,32801,03262026,,CORPORATE AGENT ALLIANCE LLC,ORLANDO,FL,MGR,DELBEN SILVA        ANDRE PAULO,MGR,REBOUCAS DE MELO    RAFAEL,MGR,PEDREIRA MAGALHAES  VICTOR,20260403_corporate.txt
L26000175314,NAPLES LEAN LLC,A,FLAL,381 W HICKPOCHEE AVE,,LABELLE,,33935,03272026,,HAUENSTEIN          JOHN          K,LABELLE,FL,AMBR,HAUENSTEIN          JOHN          K,AMBR,RAWLINGS            VANESSA,,,20260403_corporate.txt
L26000175324,VESPA PROPERTY LLC,A,FLAL,225 E ROBINSON STREET,STE 220,ORLANDO,,32801,03262026,,CORPORATE AGENT ALLIANCE LLC,ORLANDO,FL,MGR,DELBEN SILVA        ANDRE PAULO,MGR,REBOUCAS DE MELO    RAFAEL,MGR,PEDREIRA MAGALHAES  VICTOR,20260403_corporate.txt
L26000175334,ALL NEW SURFACES LLC,A,FLAL,12234 152ND ST N,,JUPITER,,33478,03232026,,PHILLIPS            ALYCIA,JUPITER,FL,MGR,BIALOCK             JAMES,,,,,20260403_corporate.txt
L26000175344,XIPHIAS PROPERTY LLC,A,FLAL,225 E ROBINSON STREET,STE 220,ORLANDO,,32801,03262026,,CORPORATE AGENT ALLIANCE LLC,ORLANDO,FL,MGR,DELBEN SILVA        ANDRE PAULO,MGR,REBOUCAS DE MELO    RAFAEL,MGR,PEDREIRA MAGALHAES  VICTOR,20260403_corporate.txt
L26000175354,"MANGLARDI MEDICAL AESTHETICS, LLC",A,FLAL,4207 GABRIELLA LANE,,WINTER PARK,,32792,03262026,,MANGLARDI           ERIN          E,WINTER PARK,FL,MGR,MANGLARDI           ERIN          E,,,,,20260403_corporate.txt
L26000175364,CALMIA CONSULTING LLC,A,FLAL,450 ALTON ROAD,APT 2310,MIAMI,,33139,03262026,,SIKACZOWSKI         NATALIA       S,MIAMI,FL,,,,,,,20260403_corporate.txt
P26000017394,REDBRIDGE PHARMACEUTICALS INC,A,DOMP,161-21 JAMAICA AVENUE 4TH FLOOR,,NEW YORK,,11432,04022026,,CORPORATE CREATIONS NETWORK INC.,NORTH PALM BEACH,FL,PRES,SULEYMANOV          AKSANS,DIR,ARONOV              TAMARA,DIR,DAVYDOFF            MIRA,20260403_corporate.txt
L26000175374,LAKE DRIVE PROPERTY OWNER LLC,A,FLAL,1700 79TH STREET CAUSEWAY,SUITE 136,NORTH BAY VILLAGE,,33141,03252026,,EICHNER             IAN BRUCE      MR.,NORTH BAY VILLAGE,FL,MGR,EICHNER             IAN BRUCE,,,,,20260403_corporate.txt
L26000175384,AMARK TALENT SOLUTIONS LLC,A,FLAL,8903 GLADES ROAD,STE A8 #4113,BOCA RATON,,33434,03262026,,ZENBUSINESS INC.,TALLAHASSEE,FL,AMBR,SIMACOV             RAVITAL,,,,,20260403_corporate.txt
L26000175394,LOGISTICS TRANSPORTATION SOLUTION LLC,A,FLAL,1059 SW PINEMOUNT RD,,LAKE CITY,,32024,03262026,,VILLALONGA          JOHN,LAKE CITY,FL,AMBR,VILLALONGA          JOHN,,,,,20260403_corporate.txt
L26000175404,5160 HIGHLAND AVENUE LLC,A,FLAL,5160 HIGHLAND AVENUE,,JACKSONVILLE,,32258,03262026,,"FINANCIAL SOLUTION ADVISORS CPA, LLC",JACKSONVILLE,FL,AMBR,BRADLEY             NICHOLAS      J,,,,,20260403_corporate.txt
L26000175414,HAVENBRA LLC,A,FLAL,5050 DEVON PARK DRIVE,,TAMPA,,33647,03262026,,COXALL              TAMEKA        M,TAMPA,FL,MGR,COXALL              TAMEKA        M,,,,,20260403_corporate.txt
P26000017404,SVOLKDUI INC,A,DOMP,1411 BRAMBLEWOOD RD,,LAKELAND,,33811,03272026,,JAVIS               JAMES,LAKELAND,FL,PDST,JAVIS               JAMES,,,,,20260403_corporate.txt
L26000175424,BIG PAPA'S CLOSET LLC,A,FLAL,400 N TAMPA ST STE 1550 #332497,,TAMPA,,33602,03262026,,"LEGALZOOM USCA, INC.",FORT LAUDERDALE,FL,AMBR,BRAZELL             SHELLY        R,,,,,20260403_corporate.txt
L26000175434,WILD SOCIALS STUDIO LLC,A,FLAL,2325 ULMERTON RD,SUITE 20,CLEARWATER,,33762,03262026,,BULLARD             MEGHAN        A,CLEARWATER,FL,MGR,BULLARD             MEGHAN        A,,,,,20260403_corporate.txt
N26000004534,WILLOW'S HELPING HAND FOUNDATION INC.,A,DOMNP,23399 SW 102ND AVE,,MIRAMAR,,33025,04012026,,ST JEAN             TANIA,MIRAMAR,FL,P,ST JEAN             TANIA,VP,BEGYME              JEAN,TR,ALLONCE             STEPHENSON    P,20260403_corporate.txt
L26000175444,PRIMOS LAWN CARE LLC,A,FLAL,4640 SIDESADDLE TRL,,ST CLOUD,,34772,03262026,,CYAN CONSULTANTS INC,KISSIMMEE,FL,MGRM,CUENCAS             VALENTINA,MGRM,CRUZ GONZALEZ       HUMBERTO,,,20260403_corporate.txt
P26000017414,"RUFO ART DECO, CORP",A,DOMP,1652 SW 29 TERR APT B,,FORT LAUDERDALE,,33312,04022026,,CABALLERO           RUBEN,FORT LAUDERDALE,FL,DP,CABALLERO           RUBEN,,,,,20260403_corporate.txt
P26000017424,FDSJXVZ INC,A,DOMP,15210 AMBERLY DR APT 1823,,TAMPA,,33647,03272026,,MONROE              ZEMAN,TAMPA,FL,PDST,MONROE              ZEMAN,,,,,20260403_corporate.txt
L26000175454,ROYAL AUTO MARKET LLC,A,FLAL,5305 NW 195TH TER,,MIAMI GARDENS,,33055,03262026,,REPUBLIC REGISTERED AGENT LLC,JACKSONVILLE,FL,AMBR,HUNG                LIU,,,,,20260403_corporate.txt
P26000017434,"MACQUEEN ENGINEERING SOLUTIONS, INC",A,DOMP,1105 FREDRICK LANE,,BRANDON,,33511,04012026,,KEATON              KAREN         S,ST PETERSBURG,FL,PSTD,CHAPPELL            RYAN          M,,,,,20260403_corporate.txt
L26000175464,"MARCOTTE'S DWELLINGS, LLC",A,FLAL,617 CLEARWATER LARGO ROAD,,LARGO,,33770,04022026,,HAMPSON             CHRISTINE,LARGO,FL,MGR,HAMPSON             CHRISTINE,,,,,20260403_corporate.txt
P26000017444,MELET APPLIANCES CORP,A,DOMP,5545 W 24TH AVE,103,HIALEAH,,33016,03272026,,ABDUNES PERALES     TOMAS         J,HILAEAH,FL,P,ABDUNES PERALES     TOMAS         J,,,,,20260403_corporate.txt
L26000175474,DONOVAN DOES IT ALL LLC,A,FLAL,11050 BRISTOL BAY DR APT 902,,BRADENTON,,34209,03262026,,DONOVAN             NICHOLAS,BRADENTON,FL,AMBR,DONOVAN             NICHOLAS,,,,,20260403_corporate.txt
F26000001984,"NOBUDDY, INC",A,FORP,3062 BIRD AVE.,,MIAMI,,33133,04022026,,CORPORATION SERVICE COMPANY,TALLAHASSEE,FL,D,BEATY MARLOWE       EDWIN DAVID,,,,,20260403_corporate.txt
P26000017454,CASA 2 CORP,A,DOMP,4941 E. BUSCH BLVD.,,"TAMPA,",,33617,04012026,,HIZAM               MOGEEB,"TAMPA,",FL,PRES,HIZAM               MOGEEB,,,,,20260403_corporate.txt
L26000175484,NELSON PRIME LLC,A,FLAL,49 ATKINSON ROAD,,CRAWFORDVILLE,,32327,03272026,,NELSON              AUSTIN        B,CRAWFORDVILLE,FL,MGR,NELSON              AUSTIN        B,AMBR,NELSON              AUSTIN        B,AP,NELSON              AMBER         N,20260403_corporate.txt
L26000175494,TIER ONE INDUSTRIAL LLC,A,FLAL,3847 SUNNY SPRING ST,,PLANT CITY,,33565,03212026,,BAEZ                JULIAN,PLANT CITY,FL,AR,ORAMA               SANDRO,,,,,20260403_corporate.txt
P26000017464,OSO 4 CORP.,A,DOMP,3611 W. HILLSBOROUGH AVE.,,TAMPA,,33614,04012026,,HIZAM               MOGEEB,TAMPA,FL,PRES,HIZAM               MOGEEB,,,,,20260403_corporate.txt
L26000175504,"FEEL THE SUN, LLC",A,FLAL,6522 WEST ROCK SPRINGS ROAD,,DECATUR,,62522,03262026,,MEISENHELTER        DANA,PLACIDA,FL,MGR,MEISENHELTER        DANA,,,,,20260403_corporate.txt
L26000175514,2561 PALM AIRE LLC,A,FLAL,2651 S. PALM AIRE DR.,#105,POMPANO BEACH,,33069,03262026,,DE VARONA LAW,BOCA RATON,FL,MGR,BUSTAMANTE ETTEDGUI JOSE          I,,,,,20260403_corporate.txt
P26000017474,ATLAS BRIDGE SERVICES INC,A,DOMP,18931 NW 24 AVE,,MIAMI GARDENS,,33056,03272026,,PEREZ ORTEGA        RUBEN,MIAMI GARDENS,FL,P,PEREZ ORTEGA        RUBEN,,,,,20260403_corporate.txt
L26000175524,HIDDEN HONEY LLC,A,FLAL,2400 S FLAGLER AVE,,FLAGLER BEACH,,32136,03262026,,CORPENING           MATTHEUS,FLAGLER BEACH,FL,MGR,CORPENING           ERICA,MGR,CORPENING           MATTHEUS,,,20260403_corporate.txt
L26000175534,SMD GROUP LLC,A,FLAL,1142 BALLARD RIDGE RD,,JACKSONVILLE,,32211,03262026,,DAOUD               MOHAMED,JACKSONVILLE,FL,AMBR,DAOUD               MOHAMED,,,,,20260403_corporate.txt
N26000004544,LOVE LIFTS NATIONS INC.,A,DOMNP,7901 4TH ST N,STE 300,ST. PETERSBURG,,33702,03202026,,ROBERTS             DAVID,ST. PETERSBURG,FL,PD,SMITH               SONYA         R,VPD,SMITH               CECIL,SD,LEGER               KEVIN,20260403_corporate.txt
P26000017484,SKY WINGS AVIATION TECH CORP,A,DOMP,21787 SW 194 AVE,,MIAMI,,33170,03272026,,HASBUN ALVEZ        FUAD          A,MIAMI,FL,P,HASBUN ALVEZ        FUAD          A,,,,,20260403_corporate.txt
L26000175544,PURELENDING LLC,A,FLAL,2534 SE SANTA BARBARA PL,SUITE 201,CAPE CORAL,,33901,03262026,,HULSLANDER          SHANE         P,CAPE CORAL,FL,,,,,,,20260403_corporate.txt
P26000017494,GUAJIRO GENERAL SERVICE CORP,A,DOMP,6803 EDEN LANE,,TAMPA,,33634,03272026,,VALERA              LUZBEXI       T,TAMPA,FL,P,VALERA              LUZBEXI       T,VP,ABDUL CHANI         ZADYS         M,,,20260403_corporate.txt
L26000175554,UNIFIELD PARTNERS LLC,A,FLAL,66 W FLAGER ST,STE 900 PMB 11826,MIAMI,,33130,03232026,,SENGEZER            ALPARSLAN,MIAMI,FL,MGR,SENGEZER            ALPARSLAN,,,,,20260403_corporate.txt
L26000175564,DOLCE 2235 LLC,A,FLAL,7901 4TH ST N STE 300,,ST. PETERSBURG,,33702,03262026,,REGISTERED AGENTS INC,ST. PETERSBURG,FL,AMBR,DEWAR               JOHN K,AMBR,DUBOIS              JAX HEALY,,,20260403_corporate.txt
L26000175574,FIELD OF PROFESSIONALS LLC,A,FLAL,1000 CORAL RIDGE DR,102,CORAL SPRINGS,,33071,03262026,,PHELPS              DAVID,CORAL SPRINGS,FL,MGR,PHELPS              DAVID,VP,LEBOST              DANIEL,,,20260403_corporate.txt
L26000175584,HUMAN SYSTEMS COLLECTIVE LLC,A,FLAL,525 COX ROAD,,COCOA,,32926,03262026,,ZENBUSINESS INC.,TALLAHASSEE,FL,AMBR,CLAYTON ORRISON     ANNE          C,,,,,20260403_corporate.txt
M26000005214,VICI CONSTRUCTION ENTERPRISES LLC,A,FORL,"345 ROUTE 9, STE. 382",,MANALAPAN,,07726,04022026,393739291,CONTRACTOR LICENSING INC.,MARCO ISLAND,FL,MGR,MAJURI              ANTHONY,,,,,20260403_corporate.txt
L26000175594,KEYSTONE SUPPLY AND LOGISTICS LLC,A,FLAL,1374 MAJESTY TER,SUITE 115,WESTON,,33327,03262026,,PSCN MANAGEMENT CORP,SUNRISE,FL,MGR,PEREZ ROMERO        LUIS          F,,,,,20260403_corporate.txt
L26000175604,GGIO GROUP LLC,A,FLAL,10734 BOCA WOODS LN,,BOCA RATON,,33428,03262026,,INREP LLC,MARGATE,FL,MGR,LUTZ BECKER         GUSTAVO       A,,,,,20260403_corporate.txt
L26000175614,NORDIN ORIGINAL LLC,A,FLAL,5811 W IRLO BRONSON MEMORIAL HWY,"BOOTH #75, #77, #205 & 206",KISSIMMEE,,34746,03262026,,NOUREDDINE          TALEB,KISSIMMEE,FL,MGR,NOUREDDINE          TALEB,MGR,NOUREDDINE         ALI,,,20260403_corporate.txt
N26000004554,"FAITHBRIDGE BIBLE UNIVERSITY, CORP",A,DOMNP,1501 YAMATO RD.,SUITE. 200,BOCA RATON,,33431,04012026,,TULLOCH             HEATHER       A,BOCA RATON,FL,COB,TULLOCH             O NEIL        G,CAO,TULLOCH             HEATHER       A,SEC,SMITH               ASHLEY        M,20260403_corporate.txt
L26000175624,GEO PROPERTY & HOME SERVICES LLC,A,FLAL,130 N BIG CYPRESS DR,216,ST JOHNS,,32259,03262026,,ZENBUSINESS INC.,TALLAHASSEE,FL,AMBR,TORRES              NANCY         L,AMBR,RAMIREZ CALDERON    EDUARDO       G,,,20260403_corporate.txt
L26000175634,DEL VALLE ELITEHANDYMANJJ LLC,A,FLAL,1147 NW 1 ST,,FLORIDA CITY,,33034,03262026,,DEL VALLE           JOSEPH         SR,FLORIDA CITY,FL,MGR,DEL VALLE           JOSEPH         SR,,,,,20260403_corporate.txt
L26000175644,DJF REALTY LLC,A,FLAL,8264 SW 27TH ST,,MIRAMAR,,33025,03262026,,SCHELLBACH          DANIELLE,MIRAMAR,FL,AMBR,SCHELLBACH          DANIELLE,,,,,20260403_corporate.txt
M26000005224,"EXALT RYAN PANAMA CITY, LLC",A,FORL,"533 SOUTH 3RD ST., STE. 100",,MINNEAPOLIS,,55415,04022026,,COGENCY GLOBAL INC.,TALLAHASSEE,FL,MGR,"RYAN PANAMA CITY, LLC",AP,MURRAY              BRIAN         C,AP,KRO                 LISA,20260403_corporate.txt
L26000175654,OSSFIN LLC,A,FLAL,777 35TH AVE S,,SAINT PETERSBURG,,33705,03262026,,ATCHLEY             EVAN          W,SAINT PETERSBURG,FL,AMBR,ATCHLEY             EVAN          W,,,,,20260403_corporate.txt
L26000175664,MASTERS BUILDING COMPANY LLC,A,FLAL,890 CASSADAGA RD,,LAKE HELEN,,32744,03262026,,MASTERS             TROY          A,LAKE HELEN,FL,MGR,MASTERS             TROY          A,,,,,20260403_corporate.txt
N26000004564,"MAX HAVEN RESCUE & SANCTUARY, INC.",A,DOMNP,13880 69TH STREET N,,WEST PALM BEACH,,33412,03272026,,ERICKSON            SCOTT,WEST PALM BEACH,FL,P,ERICKSON            SCOTT,VP,ERICKSON            CAROLINE,SEC,ERICKSON            KATHLEEN,20260403_corporate.txt
L26000175674,SILVEROAK COMMUNITY LIVING LLC,A,FLAL,"3225 MCLEOD DR, SUITE 100",,LAS VEGAS,,89121,03262026,,"ANDERSON REGISTERED AGENTS, INC.",TAMPA,FL,AMBR,PATEL               BRIJESHKUMAR,,,,,20260403_corporate.txt
L26000175684,NOVUS PRIME ACQUISITIONS LLC,A,FLAL,16455 NELSON PARK DRIVE,107,CLERMONT,,34714,03262026,,VINTILA             BRANDON,CLERMONT,FL,MGR,VINTILA             BRANDON,,,,,20260403_corporate.txt
L26000175694,KAV GLOBAL APPAREL LLC,A,FLAL,2760 SW 115TH AVE,APT 302,MIRAMAR,,33025,03262026,,NAIR                KRISHNA,MIRAMAR,FL,MGR,NAIR                KRISHNA,,,,,20260403_corporate.txt
L26000175704,"MARTINI PAINTING, LLC",A,FLAL,9366 MERRIWEATHER DRIVE,,WEEKI WACHEE,,34613,03262026,,MARTINI             ROBERT,WEEKI WACHEE,FL,MGR,MARTINI             ROBERT,,,,,20260403_corporate.txt
L26000175714,"PREMIER DRAW CONCIERGE PHLEBOTOMY, LLC",A,FLAL,2244 WOLVERTON CT,,ALVA,,33920,03262026,,ROA                 TRACI         D,ALVA,FL,,,,,,,20260403_corporate.txt
L26000175724,VEXX SERVICES L.L.C,A,FLAL,191 RIVERWALK BLVD,APT L 304,FREEPORT,,32439,03262026,,GIESBRECHT          ABRAM         J,FREEPORT,FL,MGR,GIESBRECHT          ABRAM         J,,,,,20260403_corporate.txt
L26000175734,"VELVET EARTH BOTANICAL, LLC",A,FLAL,220 LAKE ELLEN DRIVE,,CASSELBERRY,,32707,03242026,,INC AUTHORITY RA,ORLANDO,FL,MGR,VEGA                ROSANNA,,,,,20260403_corporate.txt
L26000175744,"LA REINA DIVA ROSA BY KRYSTAL, LLC",A,FLAL,12321 NE 48TH LOOP,,OXFORD,,34484,03242026,,INC AUTHORITY RA,ORLANDO,FL,MGR,ROSA                KRYSTAL,,,,,20260403_corporate.txt
P26000017504,PASTRANA LUMINA THERAPY SERVICES INC,A,DOMP,5341 HAWKS LANDING DR,205,FORT MYERS,,33907,03252026,,ACOSTA PASTRANA     YARITZA,FORT MYERS,FL,P,ACOSTA PASTRANA     YARITZA,,,,,20260403_corporate.txt
L26000175754,"FMN CREATIVE COLLECTIVE, LLC",A,FLAL,507 NW 9TH ST,#2,HALLANDALE BEACH,,33009,03242026,,INC AUTHORITY RA,ORLANDO,FL,MGR,FREDERICK           WALTER,,,,,20260403_corporate.txt
L26000175764,"ECHO FLAVOR KITCHEN, LLC",A,FLAL,401 N MILLS AVE,STE B PMB 1134,ORLANDO,,32803,03242026,,INC AUTHORITY RA,ORLANDO,FL,MGR,ODOM                ANGELA,,,,,20260403_corporate.txt
L26000175774,FINANCIAL COACHING BY AUSTIN SMITH LLC,A,FLAL,636 VISTA VILLAGES BOULEVARD,,DAVENPORT,,33896,04022026,,ZENBUSINESS INC.,TALLAHASSEE,FL,AMBR,SMITH               AUSTIN,,,,,20260403_corporate.txt
P26000017514,ANRE REMODELING CONSTRUCTION INC,A,DOMP,147 E OAKLAND PARK,209,OAKLAND PARK,,33334,03272026,,MORENO MARTINEZ     MAURICIO      A,OAKLAND PARK,FL,PRES,MORENO MARTINEZ     MAURICIO      A,,,,,20260403_corporate.txt
L26000175784,"GEENAILEDIT, LLC",A,FLAL,5868 JOHNS WAY,,BELLVIEW,,32526,03252026,,INC AUTHORITY RA,ORLANDO,FL,MGR,WATSON              GEAZIA,,,,,20260403_corporate.txt
P26000017524,CHRISTIANLINKED INC,A,DOMP,970 HAMMACHER AVE,,PALM BAY,,32908,03272026,,LAWRENCE SMITH      ARLENE,PALM BAY,FL,P,LAWRENCE SMITH      ARLENE,SEC,LAWRENCE SMITH      ARLENE,,,20260403_corporate.txt
L26000175794,MARNAR K1 ESTATES LLC,A,FLAL,9147 DELANO STREET,9605,NAPLES,,34113,04012026,,SONGCO              NARRA,NAPLES,FL,MGR,SONGCO              NARRA,AMGR,SONGCO              MARTIN,,,20260403_corporate.txt
L26000175804,"REGISTEREDAGENTSERVICE.COM, LLC",A,FLAL,1344 EUCLID AVE APT 2,,MIAMI BEACH,,33139,03252026,,INC AUTHORITY RA,ORLANDO,FL,MGR,GENDRON             JOSEPH,,,,,20260403_corporate.txt
L26000175814,KARINA S COMIDA LLC,A,FLAL,8620 PINE FOREST RD,,PENSACOLA,,32534,03252026,,INC AUTHORITY RA,ORLANDO,FL,MGR,SANDOVAL            KARINA,,,,,20260403_corporate.txt
P26000017534,SPILLED INK & BOOKS INC,A,DOMP,2322 SW 67 AVE,,MIAMI,,33155,03282026,,AYALA               MIGUEL,MIAMI,FL,P,AYALA               MIGUEL        A,VP,FERNANDO            GARCIA        A,S,MENENDEZ            PEDRO,20260403_corporate.txt
L26000175824,"CHANEL TRUCKING USA, LLC",A,FLAL,2016 S 58TH ST,,TAMPA,,33619,03252026,,INC AUTHORITY RA,ORLANDO,FL,MGR,PEREZ               DAINEL,,,,,20260403_corporate.txt
P26000017544,ASTROLOGICA LIFE CORP,A,DOMP,14 NE 1ST AVE,SUITE 1210,MIAMI,,33132,03282026,,NUNEZ PINILLA       BERNARDITA,MIAMI,FL,P,NUNEZ PINILLA       BERNARDITA,,,,,20260403_corporate.txt
L26000175834,"E&J TRANSPORT SERVICES, LLC",A,FLAL,1450 VICTORIA BLVD,,ROCKLEDGE,,32955,03252026,,INC AUTHORITY RA,ORLANDO,FL,MGR,FOLSTON             JAMES,,,,,20260403_corporate.txt
L26000175844,"POOLS AND MORE, LLC",A,FLAL,4608 CLEMENS ST,,LAKE WORTH,,33463,03252026,,INC AUTHORITY RA,ORLANDO,FL,MGR,OLSON               MICHAEL,,,,,20260403_corporate.txt
L26000175854,"GREEN SALAD GIRL, LLC",A,FLAL,1139 POPOLEE RD,,SAINT JOHNS,,32259,03252026,,INC AUTHORITY RA,ORLANDO,FL,MGR,RODGERS             ALLISON,,,,,20260403_corporate.txt
P26000017554,UNDER THE SEA RENTALS INC,A,DOMP,302 LINCOLN AVE,UNIT 6,CAPE CANAVERAL,,32920,04012026,,SINGLETON           TINA          K,MERRITT ISLAND,FL,P,SINGLETON           TINA          K,,,,,20260403_corporate.txt
M26000005234,"CREST DEVELOPMENT, LLC",A,FORL,3213 W. MAIN ST.,,RAPID CITY,,57702,04032026,460645650,GRAY                JEROME        L,KEYSTONE HEIGHTS,FL,MGR,GRAY                JEROME        L,,,,,20260403_corporate.txt
L26000175864,"OCEAN ESTATE FILMS, LLC",A,FLAL,8713 TAHITI LN,,TAMPA,,33615,03252026,,INC AUTHORITY RA,ORLANDO,FL,MGR,MATHES              DYLAN,,,,,20260403_corporate.txt
L26000175874,"SURGICAL RECORDS ENTERTAINMENT, LLC",A,FLAL,209 NW 12TH ST,APT 1,POMPANO BEACH,,33060,03262026,,INC AUTHORITY RA,ORLANDO,FL,MGR,SMITH               RAHEEM,MGR,WILLIAMS            KIM,,,20260403_corporate.txt
L26000175884,TCM HOME SOLUTIONS LLC.,A,FLAL,3034 SE ORANGE TREE PLACE,,STUART,,34997,03262026,,EVAN                MARK          TJR.,STUART,FL,MR.,EVAN                MARK          TJR.,,,,,20260403_corporate.txt
L26000175894,L & B JACKSONVILLE JANITORIAL SERVICES LLC,A,FLAL,9803 CREEKFRONT RD N401,,JACKSONVILLE,,32256,03262026,,BATTLE HARVEY       LATONIA,JACKSONVILLE,FL,OWN,BATTLE HARVEY       LATONIA,MGR,SKELTON             BOBBY,,,20260403_corporate.txt
L26000175904,OBJECTEEV LLC,A,FLAL,2941 CASCADA ISLE WAY,,COOPER CITY,,33024,03262026,,SCHERER             SVEN,COOPER CITY,FL,MGR,SCHERER             SVEN,,,,,20260403_corporate.txt
L26000175914,COTTONE VENTURES LLC,A,FLAL,6805 PLEASANT OAKS PL,,RIVERVIEW,,33578,03262026,,COTTONE             PHILIP        M,RIVERVIEW,FL,MGR,COTTONE             PHILIP        M,,,,,20260403_corporate.txt
L26000175924,NEXT GEN FUTBOL ACADEMY LLC,A,FLAL,4199 SW 159TH AVE,,MIRAMAR,,33027,03262026,,"LEGALCORP SOLUTIONS, LLC",HOLLYWOOD,FL,AMBR,GALEANO             DARIO ADRIAN,AMBR,SANCHEZ CASTRO      FREDY ANDRES,,,20260403_corporate.txt
L26000175934,MILENA CLEANING GROUP LLC,A,FLAL,9721 SAGE CREEK DR,,SUN CITY CENTER,,33573,03212026,,RUIZ                MONICA        M,SUN CITY CENTER,FL,MGR,RUIZ                MONICA        M,,,,,20260403_corporate.txt
L26000175944,AZAREV LLC,A,FLAL,113 PONTOTOC PLAZA,,AUBURNDALE,,33823,03262026,,"HARDING BELL INTERNATIONAL, INC.",AUBURNDALE,FL,MGR,BLAQUWELL LLC,,,,,20260403_corporate.txt
L26000175954,NUMONT TITLE LLC,A,FLAL,"16703 EARLY RISE AVENUE,",,LAND O' LAKES,,34638,04022026,,"SPIEGEL & UTRERA, P.A.,",MIAMI,FL,MGR,DIESEL              TIM,,,,,20260403_corporate.txt
L26000175964,J CALA LLC,A,FLAL,5077 NW 7TH ST APT 605,,MIAMI,,33126,03262026,,CALA ARENCIBIA      ADRIAN NOEL,MIAMI,FL,MGR,CALA ARENCIBIA      ADRIAN NOEL,,,,,20260403_corporate.txt
L26000175974,DAVEY JEWELRY LLC,A,FLAL,1915 WASHINGTON ST,,HOLLYWOOD,,33020,03262026,,DANGER LUQUE        DAVEY,HOLLYWOOD,FL,MGR,DANGER  LUQUE       DAVEY,,,,,20260403_corporate.txt
L26000175984,"JUNSET SERVICES, LLC",A,FLAL,1200 4TH ST,#870,KEY WEST,,33040,03262026,,INC AUTHORITY RA,ORLANDO,FL,MGR,JUNIOR MONIER       JEAN FRANCK,MGR,MURAT               NELTA,,,20260403_corporate.txt
L26000175994,THE BALANCED THERAPY LLC,A,FLAL,398 E 33RD ST,SUITE 204,HIALEAH,,33013,03262026,,RIVERA PARRA        ALEXANDER,HIALEAH,FL,AMBR,REYES ESPARA        KELLY         D,AMBR,RIVERA PARRA        ALEXANDER,,,20260403_corporate.txt
L26000176004,"CANTABRIA LABS USA, LLC",A,FLAL,1101 BRICKELL AVE SUITE N1400,,MIAMI,,33131,04022026,,CORPORATION SERVICE COMPANY,TALLAHASSEE,FL,MGR,JUAN IGNACIO MATJI,,,,,20260403_corporate.txt
L26000176014,OCEANOS AZULES LLC,A,FLAL,"2020 PONCE DE LEON, BLVD",SUITE 904,CORAL GABLES,,33134,03262026,,AVALON INCORPORATORS LLC,CORAL GABLES,FL,MGR,ZULUAGA LOPEZ       JESUS         A,,,,,20260403_corporate.txt
L26000176024,PS TRUCKING TECH LLC,A,FLAL,2245 MALIBU LAKES CIRCLE,APT 434,NAPLES,,34119,03262026,,SAINTILIEN          PRESLER,NAPLES,FL,AMBR,SAINTILIEN          PRESLER,,,,,20260403_corporate.txt
L26000176034,JPALVAREZ LLC,A,FLAL,1108 BEACHUM DRIVE,,TALLAHASSEE,,32301,03262026,,ALVAREZ             JOSEPH        P,TALLAHASSEE,FL,MGR,ALVAREZ             JOSEPH        P,,,,,20260403_corporate.txt
L26000176044,SPENCES FENCES & MORE LLC,A,FLAL,490 MERCURY AVE,APT #114,PALM BAY,,32909,03262026,,JOHNSON             SPENCER,PALM BAY,FL,AMBR,JOHNSON             SPENCER,,,,,20260403_corporate.txt
L26000176054,SUNSHINE BIOMED SOLUTIONS LLC,A,FLAL,9701 NE 2ND AVE,#1189,MIAMI SHORES,,33138,03262026,,JACKSON             SHAKELA,MIAMI SHORES,FL,MGR,JACKSN              SHAKELA,,,,,20260403_corporate.txt
L26000176064,REALTY AI LLC,A,FLAL,2261 KERRA LN,,NAVARRE,,32566,03262026,,JONES               KIOWA         D,NAVARRE,FL,MGR,JONES               KIOWA         D,,,,,20260403_corporate.txt
F26000001994,NEXILLO HEALTH INC,A,FORP,950 E STATE HWY 114 STE 160,,SOUTHLAKE,,76092,03302026,331271325,REGISTERED AGENTS INC,ST.PETERSBURG,FL,OWNR,MALLAVARAPU         ANIL,POFF,PARVATHAM           SASIDHAR,,,20260403_corporate.txt
L26000176074,CRUCE FAMILY FARMS AND LIVESTOCK LLC,A,FLAL,8384 SE CR 237,,LAKE BUTLER,,32054,03262026,,CRUCE               MICHAEL,LAKE BUTLER,FL,AMBR,CRUCE               HEATHER,,,,,20260403_corporate.txt
L26000176084,"INDUSTRY FUSION, LLC",A,FLAL,90 FORT WADE ROAD,SUITE 100,PONTE VEDRA,,32081,03262026,,MCCAFFERTY          HUGH          A,PONTE VEDRA,FL,AM,MCCAFFERTY          OWEN          E,,,,,20260403_corporate.txt
L26000176094,HCG CONSTRUCTION FLORIDA LLC,A,FLAL,"8089 WOODEN DR,",,SPRING HILL,,34606,03262026,,PINEIRO             YOANLY,SPRING HILL,FL,AMBR,PINEIRO             YOANLY,AMBR,PULLES              YARIANNA,,,20260403_corporate.txt
L26000176104,"FALCON SERVICES & RENOVATION, LLC",A,FLAL,1500 NE MIAMI PL,APT 1709,MIAMI,,33132,03262026,,INC AUTHORITY RA,ORLANDO,FL,MGR,FALCON              OSNEILAN,,,,,20260403_corporate.txt
L26000176114,COTTONTAIL CONFECTIONS LLC,A,FLAL,444 COPPERFIELD RD.,,SPRING HILL,,34606,03262026,,FALKENBURG          SAMANTHA      L,SPRING HILL,FL,MGR,FALKENBURG          SAMANTHA      L,,,,,20260403_corporate.txt
L26000176124,"DEREK SERVICES, LLC",A,FLAL,5838 MADISON ST,,HOLLYWOOD,,33023,03262026,,ALMEIDA ADRIANI     DEREK         E,HOLLYWOOD,FL,MGR,ALMEIDA ADRIANI     DEREK         E,,,,,20260403_corporate.txt
L26000176134,ATLAS IN PARADISE LENDING LLC,A,FLAL,6325 MAGNOLIA ST,,KEYSTONE HEIGHTS,,32656,03262026,,SECRIST             MELANY,KEYSTONE HEIGHTS,FL,AMBR,SECRIST             MELANY,,,,,20260403_corporate.txt
M26000005244,"MC PROP 67, LLC",A,FORL,"800 MAINE AVE. SW, #200",,WASHINGTON,,20024,04022026,414315991,CORPORATION SERVICE COMPANY,TALLAHASSEE,FL,MGR,BLACKWOOD           ALEXANDER,AP,BLACKWOOD           ALEXANDER,AP,KAZALAS             MICHAEL,20260403_corporate.txt
L26000176144,ECL ESSENTIALS LLC,A,FLAL,14869 SW 104TH ST,APT 23,MIAMI,,33196,03262026,,RIGHI               MIRTHA        A,MIAMI,FL,,,,,,,20260403_corporate.txt
L26000176154,"A&D CONTRACTING SOLUTIONS, LLC",A,FLAL,11061 SW 60TH STREET,,MIAMI,,33173,03262026,,SANCHEZ             DANIEL,MIAMI,FL,MGR,SANCHEZ             DANIEL,AMBR,SANCHEZ             ARICEL,,,20260403_corporate.txt
L26000176164,TAMMY HOUSE LLC,A,FLAL,11188 PINOT DR,,VENICE,,34293,03262026,,EDISON              NOAH,VENICE,FL,MGR,EDISON              NOAH,MGR,TRAN                THANHTAM      T,,,20260403_corporate.txt
L26000176174,"625 VERBENIA, LLC",A,FLAL,3181 SKYWAY CIRCLE,,MELBOURNE,,32934,03262026,,WELSH               PHILLIP       J,MELBOURNE,FL,MGR,"MWP HOLDINGS, LLC",,,,,20260403_corporate.txt
L26000176184,LEMIEUX SERVICES LLC,A,FLAL,554 TARPON DR,,SEBASTIAN,,32976,03262026,,LEMIEUX             KATHRYN       L,SEBASTIAN,FL,AMBR,LEMIEUX             KATHRYN       L,,,,,20260403_corporate.txt
L26000176194,A DUDE AND HIS DOG BIN CLEANING LLC,A,FLAL,7083 MONTANA TRAIL,,KEYSTONE HEIGHTS,,32656,03262026,,GAUER               ALLISON       C,KEYSTONE HEIGHTS,FL,AR,GAUER               HEATHER       R,,,,,20260403_corporate.txt
L26000176204,YENNYLUGONES LLC,A,FLAL,12833 SW 252 ST,305,HOMESTEAD,,33032,03262026,,LUGONES             YENNY          MISS,HOMESTEAD,FL,AR,LUGONES             YENNY          MISS,AP,LUGONES             YENNY          MISS,,,20260403_corporate.txt
L26000176214,"OPTIMAL DIGITAL TRANSFORMATION GROUP, LLC",A,FLAL,5146 KERNWOOD CT,,PALM HARBOR,,34685--361,03262026,,NORTON              TERESA,PALM HARBOR,FL,MGR,NORTON              TERESA,,,,,20260403_corporate.txt
L26000176224,"MUNTEANU COMMUNICATIONS CONSULTANTS, LLC",A,FLAL,6899 S WATERWAY DRIVE,,MIAMI,,33155,03262026,,MUNTEANU            NICOLE        A,MIAMI,FL,AMBR,MUNTEANU            NICOLE        A,,,,,20260403_corporate.txt
L26000176234,YO SATURNE LLC,A,FLAL,1040 NE 196TH ST,,MIAMI,,33179,03262026,,YOMARY FRANCOIS     CHRIST        D,MIAMI,FL,CEO,FRANCOIS            CHRIST        D,CEO,SATURNE             SCHMITT       E,,,20260403_corporate.txt
L26000176244,SGC HOLDINGS USA 31 LLC,A,FLAL,687 HAROLD AVE,,WINTER PARK,,32789,03262026,,SGC HOLDINGS USA LLC,WINTER PARK,FL,MGR,SARAPI              OPHIR,MGR,GUY                 ITAY,MGR,SHERF               ERAN,20260403_corporate.txt
L26000176254,SKILL CRAFT PRESS LLC,A,FLAL,501 E DANIA BEACH BLVD,STE 1N,DANIA BEACH,,33004,04012026,,KING                LAURIE,DANIA BEACH,FL,MGR,KING                LAURIE,,,,,20260403_corporate.txt
L26000176264,MG & SG PROPERTY MANAGEMENT LLC,A,FLAL,420 N WINTER PARK DR,,CASSELBERRY,,32707,03262026,,GERKEN              MICHAEL       J,CASSELBERRY,FL,AMBR,GERKEN              MICHAEL       J,AMBR,GERKEN              SULMA,,,20260403_corporate.txt
L26000176274,CLAUDIA SARDUY LLC,A,FLAL,11323 SW 7TH TERR,,MIAMI,,33174,03262026,,SARDUY MARTINEZ     CLAUDIA,MIAMI,FL,MGR,SARDUY MARTINEZ     CLAUDIA,,,,,20260403_corporate.txt
L26000176284,8425 SOUTH FLORIDA HOLDING LLC,A,FLAL,115-13 JAMAICA AVENUE,,RICHMOND HILL,,11418,03252026,,RENDON              GISELLE,MIAMI BEACH,FL,MGR,RENDON              GISELLE,,,,,20260403_corporate.txt
L26000176294,TAYLORMADE HOME HEALTH LLC,A,FLAL,3564 AVALON PARK EAST BOULEVARD,1 Z3050,ORLANDO,,32828,03262026,,ZENBUSINESS INC.,TALLAHASSEE,FL,AMBR,HARVEY              TERRI,AMBR,HARVEY              NELSON         JR,,,20260403_corporate.txt
L26000176304,RAMAH ENTERPRISES LLC,A,FLAL,3239 OLD WINTER GARDEN RD,STE 15,ORLANDO,,32805,03262026,,SOUSA               ELLEN,ORLANDO,FL,MGR,SOUSA               ELLEN,MGR,SOUSA               ELIELD,MGR,ALMEIDA             RANIEL,20260403_corporate.txt
L26000176314,LUISCOLORCRAFT LLC,A,FLAL,4016 SPRING GLEN RD,,JACKSONVILLE,,32207,03262026,,PADILLA YANES       JOSE          L,JACKSONVILLE,FL,MGR,PADILLA YANES       JOSE          L,,,,,20260403_corporate.txt
L26000176324,"GOLD DIGGER II, LLC",A,FLAL,"4600 MILITARY TRAIL, SUITE 212",,JUPITER,,33458,04022026,,PINEIRO PERCY PLLC,JUPITER,FL,MGR,SPIEGEL             BENN,,,,,20260403_corporate.txt
L26000176334,SOUTHBOUND CREATIVE LLC,A,FLAL,1048 40TH AVE NE,,ST. PETERSBURG,,33703,03252026,,GILMORE             MICHAEL       W,ST. PETERSBURG,FL,MGR,GILMORE             MICHAEL       W,MGR,MARLOWE             JOHN-MICHAEL  D,,,20260403_corporate.txt
L26000176344,GEMSTONE FINANCIAL CONSULTING LLC,A,FLAL,"2275 BISCAYNE BOULEVARD, SUITE 2",,MIAMI,,33137,04022026,,"ALEX D.SIRULNIK, P.A.",CORAL GABLES,FL,MGR,GEMSTONE CONSULTING GROUP LLC,,,,,20260403_corporate.txt
L26000176354,PREMIER CO-LIVING LLC,A,FLAL,701 N WESTSHORE BLVD,2ND FLOOR,TAMPA,,33609,03262026,,ASGARD LAW OFFICES PLLC,TAMPA,FL,AR,ASGARD LAW OFFICES PLLC,AMBR,JAMES               HARDY,,,20260403_corporate.txt
L26000176364,"CJL & EVER HOME CARE AGENCY, LLC",A,FLAL,430 NORTHWEST 117TH STREET,,MIAMI,,33168,03262026,,INC AUTHORITY RA,ORLANDO,FL,MGR,CHERY CHERIZAL      CHRISTINA,MGR,LUBIN              JEAN MARTIN,,,20260403_corporate.txt
L26000176374,GLOWPATH ABA LLC,A,FLAL,1949 SW IDAHO LN,,PORT ST. LUCIE,,34953,03262026,,FLECHOSO ANDALIA    SUSANA,PORT ST. LUCIE,FL,MGR,FLECHOSO ANDALIA    SUSANA,,,,,20260403_corporate.txt
L26000176384,"EVOLVING ELEMENTS, LLC",A,FLAL,101 SW 54TH TERRACE,,CAPE CORAL,,33914,04012026,,O'NEILL             MARY          S,CAPE CORAL,FL,MBR,O'NEILL             MARY          S,,,,,20260403_corporate.txt
L26000176394,JG MODERN RESTORATIONS LLC,A,FLAL,3811 ROLLINGSFORD CIR,,LAKELAND,,33810,03262026,,GARCIA TORRES       JAVIER,LAKELAND,FL,AMBR,GARCIA TORRES       JAVIER,,,,,20260403_corporate.txt
L26000176404,KOOSTA SYSTEMS LLC,A,FLAL,2315 NW FLAGLER TERRACE,,MIAMI,,33125,03262026,,GUSTAVO             GONZALEZ,MIAMI,FL,,,,,,,20260403_corporate.txt
L26000176414,DEKA LLC,A,FLAL,10902 NW 83RD ST,210,DORAL,,33178,03262026,,KELLER              DIEGO         ESR,DORAL,FL,AMBR,KELLER              DIEGO         ESR,,,,,20260403_corporate.txt
L26000176424,HEART AND HAMMER LLC,A,FLAL,7120 HENRY DRIVE,310,BRADENTON,,34210,03262026,,FISHER              TONI          S,BRADENTON,FL,MGR,FISHER              TONI          S,,,,,20260403_corporate.txt
L26000176434,PANE RELIEF AUTO GLASS LLC,A,FLAL,7901 4TH ST N STE 300,,ST. PETERSBURG,,33702,03262026,,REGISTERED AGENTS INC,ST. PETERSBURG,FL,,,,,,,20260403_corporate.txt
L26000176444,J & J BROTHER MECANICO LLC,A,FLAL,260 COBALT DR.,,KISSIMMEE,,34758,03272026,,CALDERON            JOSHUA        OSR.,KISSIMMEE,FL,MGR,CALDERON            JOSHUA         SR.,,,,,20260403_corporate.txt
L26000176454,"DECOR CLEANING SERVICES, LLC",A,FLAL,208 THIRD ST SE,UNIT F,FORT WALTON BEACH,,32548,03262026,,INC AUTHORITY RA,ORLANDO,FL,MGR,LIMA                VALERIA,MGR,LIMA                ELAINE,,,20260403_corporate.txt
L26000176464,SETI HOTEP EL LLC,A,FLAL,7901 4TH ST N STE 300,,ST. PETERSBURG,,33702,03262026,,NORTHWEST REGISTERED AGENT LLC,ST. PETERSBURG,FL,AMBR,SINCERE CAPITAL RECORDS LLC,,,,,20260403_corporate.txt
L26000176474,SWIFT WOLF EXPRESS LLC,A,FLAL,6621 LAKESHORE LN APT 916,,FORT MYERS,,33912,03262026,,"LEGALZOOM USCA, INC.",FORT LAUDERDALE,FL,AMBR,KAZMIERZAK          ALEXANDER     C,AMBR,PARZYCK             JONATHON      D,,,20260403_corporate.txt
L26000176484,HAZIE CLUB LLC,A,FLAL,701 NW 105TH PLACE,,MIAMI,,33172,03272026,,GIRALDO             HAROLD,MIAMI,FL,MGR,GIRALDO             HAROLD,,,,,20260403_corporate.txt
L26000176494,FUNCTIONAL RELIEF THERAPEUTICS LLC,A,FLAL,7552 NAVARRE PKWY,UNIT 52,NAVARRE,,32566,03262026,,ZURAFF              JOY,NAVARRE,FL,MGR,ZURAFF              JOY,,,,,20260403_corporate.txt
L26000176504,CFL DISTRIBUTORS LLC,A,FLAL,3290 OLD CANOE CREEK RD,,ST CLOUD,,34772,03262026,,VAZQUEZ OTERO       ALBERT,ST CLOUD,FL,AMBR,VAZQUEZ OTERO       ALBERT,,,,,20260403_corporate.txt
L26000176514,"PED PRO SOLUTIONS, LLC",A,FLAL,"408 NORTHEAST 6TH STREET, UNIT 339",,FT.LAUDERDALE,,33304,04022026,,"SPIEGEL & UTRERA, P.A.",MIAMI,FL,MGR,MARKOPOULOS         DANIEL        J,,,,,20260403_corporate.txt
L26000176524,MICRO DRAFT SKIFFS LLC,A,FLAL,7901 4TH ST N STE 300,,ST. PETERSBURG,,33702,03262026,,NORTHWEST REGISTERED AGENT LLC,ST. PETERSBURG,FL,,,,,,,20260403_corporate.txt
L26000176534,5TH AVE FLORIDA CITY LLC,A,FLAL,14970 SW 86 AVE,,PALMETTO BAY,,33158,04022026,,RIVERA              GLENN,PALMETTO BAY,FL,AMBR,"DMLMR HOLDINGS, LLC",AMBR,HM1 INVESTMENTS LLC,,,20260403_corporate.txt
L26000176544,TERRYS MULTISERVICE LLC,A,FLAL,417 LOS ALTOS RD,,PALM SPRINGS,,33461,03262026,,TERRY TEJEDA        CARLOS        M,PALM SPRINGS,FL,MGR,TERRY TEJEDA        CARLOS        M,,,,,20260403_corporate.txt
L26000176554,"PRECISION VENDING, LLC",A,FLAL,9479 NATURE CREEK LANE,,PENSACOLA,,32526,03262026,,HOES                CARSON        L,PENSACOLA,FL,MGR,CARSON              HOES          L,,,,,20260403_corporate.txt
L26000176564,FORTITUDE23 LLC,A,FLAL,74 7TH STREET,,SHALIMAR,,32579,03252026,,MATLAGA             MARYANN       E,SHALIMAR,FL,MGR,MATLAGA             MARYANN       E,,,,,20260403_corporate.txt
L26000176574,PRESTIGE HAIR RESTORATION LLC,A,FLAL,1200 W. GRANADA BLVD.,,ORMOND BEACH,,32174,03262026,,THOMSON             PETER         H,NEW SMYRNA BEACH,FL,MGR,DORIA               RONALD,MGR,KELLER              GARY,,,20260403_corporate.txt
L26000176584,BULL AUTO GROUP LLC,A,FLAL,"2125 BISCAYNE BLVD, STE 204 #25619",,MIAMI,,33137,03262026,,REPUBLIC REGISTERED AGENT LLC,JACKSONVILLE,FL,AMBR,LEDEZMA             GABRIEL,,,,,20260403_corporate.txt
L26000176594,ACSA BOUTIQUE LLC,A,FLAL,2128 WALDEN PARK CIRCLE,APT  204,KISSIMMEE,,34744,03262026,,SANTIAGO            HAZEL,KISSIMMEE,FL,,,,,,,20260403_corporate.txt
L26000176604,SB COMMERCE LLC,A,FLAL,"2125 BISCAYNE BLVD, STE 204 #25623",,MIAMI,,33137,03262026,,REPUBLIC REGISTERED AGENT LLC,JACKSONVILLE,FL,AMBR,BERNARDINI          SUSANA,,,,,20260403_corporate.txt
M26000005254,DG US HMACO LLC,A,FORL,"360 S. ROSEMARY AVE., 18TH FLOOR",,WEST PALM BEACH,,33401,03312026,,CORPORATION SERVICE COMPANY,TALLAHASSEE,FL,MGR,"DG US MANCO, INC.",MBR,"DG US MANCO, INC.",MGR,GREENBERG           ELLIOT,20260403_corporate.txt
L26000176614,DANI CLEANING SWFL LLC,A,FLAL,2845 WINKLER AVE APT 324,,FORT MYERS,,33916,03262026,,DA SILVA SANTOS     DANIELA,FORT MYERS,FL,MGR,DA SILVA SANTOS     DANIELA,,,,,20260403_corporate.txt
L26000176624,ANCHOR HEALTH INSURANCE AGENCY LLC,A,FLAL,9286 SW 5TH ST,A,BOCA RATON,,33428,03262026,,ROSARIO             CHRISTIAN,BOCA RATON,FL,MGR,ROSARIO             CHRISTIAN,MGR,ROJAS               JUAN CARLOS,,,20260403_corporate.txt
L26000176634,DAWN HORIZON DYNAMICS LLC,A,FLAL,8956 HUNTINGTON POINTE DRIVE,,SARASOTA,,34238,03262026,,SMOTROV             MAKSIM,SARASOTA,FL,MGR,TULINOV             DENIS,,,,,20260403_corporate.txt
L26000176644,M&M RESTORATION WOOD LLC,A,FLAL,316 ALAMEDA DR,,LAKE WORTH,,33461,03262026,,DERIVAL             MAKENSON,LAKE WORTH,FL,MGR,DERIVAL             MAKENSON,,,,,20260403_corporate.txt
L26000176654,CODE 3 BOUNCE LLC,A,FLAL,"400 NW 112TH AVE., APT 832",,MIAMI,,33172,04022026,,STATRELD            JUSTIN ANDREW,MIAMI,FL,AMBR,STATRELD            JUSTIN ANDREW,,,,,20260403_corporate.txt
L26000176664,ONYX PRO SERVICES LLC,A,FLAL,4621 WASSAIL DR,,JACKSONVILLE,,32257,03262026,,MACHADO             RODRIGO       A,JACKSONVILLE,FL,AMBR,MACHADO             RODRIGO       A,AMBR,KAYAN SILVA SANTOS THALLES,,,20260403_corporate.txt
L26000176674,SAM SMOKE & VAPE SHOP LLC,A,FLAL,2540 N VOLUSIA AVENUE,,ORANGE CITY,,32776-3,04032026,,ALSHAEIA            NADIR,ORANGE CITY,FL,MGR,ALSHAEIA            NADIR,,,,,20260403_corporate.txt
L26000176684,PLAY CARS  SERVICES LLC,A,FLAL,14029 SW 67TH TER,,MIAMI,,33183,03262026,,UZCATEGUI MALAVE    CLAUDIO A,MIAMI,FL,AMBR,UZCATEGUI M         CLAUDIO A,,,,,20260403_corporate.txt
L26000176694,ACC&SCC LLC,A,FLAL,11871 HATCHER CIRCLE,,ORLANDO,,32824,03262026,,MI TAX TEAM LLC,MIAMI,FL,AMBR,CELADON CHIRINOS    ALESSANDRO    C,,,,,20260403_corporate.txt
L26000176704,YMLA LLC,A,FLAL,221 NE IVANHOE BLVD,SUITE 300,ORLANDO,,32804,03262026,,"STOREY LAW GROUP, PA",ORLANDO,FL,MGR,STOREY              CAROL         R,MGR,STOREY              JOHN          W,MGR,STOREY              EDWARD        A,20260403_corporate.txt
L26000176714,DLG HOMECARE SOLUTION LLC,A,FLAL,11354 SW 165 TER,,MIAMI,,33157,03262026,,SANCHEZ             DALIA,MIAMI,FL,MGR,SANCHEZ             DALIA,,,,,20260403_corporate.txt
L26000176724,"RDG OPERATIONS, LLC",A,FLAL,"3225 MCLEOD DR, SUITE 100",,LAS VEGAS,,89121,03262026,,"ANDERSON REGISTERED AGENTS, INC.",TAMPA,FL,MGR,ROBERTSON           DANIAH,MGR,ROBERTSON           KAYVIN,,,20260403_corporate.txt
L26000176734,REFUNDIQ ACADEMY LLC,A,FLAL,1627 RIVERVIEW ROAD,110,DEERFIELD BEACH,,33441,04012026,,FERRANTE            JOHN,DEERFIELD BEACH,FL,MGR,FERRANTE            JOHN,,,,,20260403_corporate.txt
L26000176744,THE MAXIMUS GROUP LLC,A,FLAL,2210 CENTRAL AVE,,ST PETERSBURG,,33712,03262026,,WATSON              MAX           S,ST PETERSBURG,FL,MGR,WATSON              MAX           S,,,,,20260403_corporate.txt
L26000176754,TASHAAS EXCLUSIVES STUDIO SALON & SUITES LLC,A,FLAL,2267 FOWLER ST,,"FORT MYERS , FL",,33901,03262026,,JEFFRIES            AALIEVA,FORT MYERS,FL,AR,JEFFRIES            AALIEVA,,,,,20260403_corporate.txt
L26000176764,HYPERFIBER SOLUTIONS LLC,A,FLAL,801 THREE ISLANDS BLVD,514,HALLANDALE BEACH,,33009,03262026,,KAZAKHMEDOV         RUSTAM,HALLANDALE BEACH,FL,MGR,RUSTAM KAZAKHMEDOV,,,,,20260403_corporate.txt
L26000175085,JANIN NAOIMI TRUCKING LLC,A,FLAL,5353 MOSAIC DR,,HOLIDAY,,34690,03262026,,RODRIGUEZ           ANGEL,HOLIDAY,FL,MGR,RODRIGUEZ           ANGEL,,,,,20260403_corporate.txt
L26000175095,CAFECITO & CAREERS LLC,A,FLAL,12622 SAWGRASS OAK ST,,ORLANDO,,32824,03262026,,ENTITY PROTECT RA SERVICES,TAMPA,FL,AMBR,RODRIGUEZ           ALANNA,,,,,20260403_corporate.txt
L26000175105,MICH1KOS LLC,A,FLAL,1635 ERIE TERRACE,,WEST PALM BEACH,,33406,03262026,,VELIZ BATZ          LUIS          A,"WEST PALM BEACH, FLORIDA",FL,MGR,VELIZ BATZ          LUIS          A,,,,,20260403_corporate.txt
L26000175115,REVER CREW LLC,A,FLAL,1320 NE 25TH AVE,,POMPANO BEACH,,33062,03262026,,REGISTERED AGENTS INC,ST. PETERSBURG,FL,,,,,,,20260403_corporate.txt
L26000175125,HOME GPD SERVICES LLC,A,FLAL,1111 LOBLOLLY LN,APT 203,DAVERPORT,,33896,03262026,,MORENO              AIDELIN,DAVENPORT,FL,MGR,MORENO              AIDELIN       A,,,,,20260403_corporate.txt
L26000175135,LUMERA BY FARAH LLC,A,FLAL,11510 MACLAY CT,,JACKSONVILLE,,32225,03262026,,ELITANI             FARAH,JACKSONVILLE,FL,AMBR,ELITANI             FARAH,,,,,20260403_corporate.txt
L26000175145,YALIAM REMODELING & CONSTRUCTION LLC,A,FLAL,611 NW 23 CT,,MIAMI,,33125,03262026,,CONSUEGRA CRESPO    YAMIL,MIAMI,FL,MGR,CONSUEGRA CRESPO    YAMIL,,,,,20260403_corporate.txt
L26000175155,CULTURE HAUS LLC,A,FLAL,821 HIGH POINTE CIR,,MINNEOLA,,34715,03262026,,ALLICOCK            CIARA         A,MINNEOLA,FL,MGR,ALLICOCK            CIARA         A,,,,,20260403_corporate.txt
L26000175165,AA TEXTILE RECYCLING LLC,A,FLAL,9550 SATELLITE BLVD,SUITE 145,ORLANDO,,32837,03262026,,LALJI               AMBER,LAKE MARY,FL,MGR,ABBAS               ASAD,,,,,20260403_corporate.txt
L26000175175,A GREAT SERVICE FL LLC,A,FLAL,110 ROYAL PALM ROAD,APT 308,HIALEAH GARDENS,,33016,03262026,,OLIVER              ABEL,HIALEAH GARDENS,FL,,,,,,,20260403_corporate.txt
L26000175185,OSLEY'S PLUMBING L.L.C,A,FLAL,12470 SW 184 STREET,,MIAMI,,33177,03262026,,RODRIGUEZ           OSLEY,MIAMI,FL,MGR,RODRIGUEZ           OSLEY,,,,,20260403_corporate.txt
L26000175195,AL SALEHI MACHINERY & EQUIPMENT REPAIRING L.L.C.,A,FLAL,7901 4TH ST N STE 300,,ST. PETERSBURG,,33702,03262026,,NORTHWEST REGISTERED AGENT LLC,ST. PETERSBURG,FL,AMBR,MEZDEH              SALEHI,,,,,20260403_corporate.txt
L26000175205,NO PLACE LIKE HOME EXCEPTIONAL CARE LLC.,A,FLAL,131 AVE B NE,#4,WINTER HAVEN,,33881,03262026,,SMOTHERS            JACQUELINE    L,WINTER HAVEN,FL,AMBR,SMOTHERS            JACQUELINE    L,,,,,20260403_corporate.txt
L26000175215,KRAVENZA LLC,A,FLAL,3501 SHIRLEY DR,,APOPKA,,32703,03262026,,CORTES CUELLAR      JORGE         A,APOPKA,FL,MGR,CORTES CUELLAR      JORGE         A,,,,,20260403_corporate.txt
L26000175225,CARAVANNING LLC,A,FLAL,7328 BELMONT LANE,,PARKLAND,,33067,03262026,,ZENBUSINESS INC.,TALLAHASSEE,FL,AMBR,SARGIS              MELISSA,,,,,20260403_corporate.txt
L26000175235,THE GREEN STARS LLC,A,FLAL,2330 HURON TRL,,MAITLAND,,32751,03262026,,DA VITORIA LOBO     SABEI,MAITLAND,FL,MGR,DA VITORIA LOBO     SABEI,,,,,20260403_corporate.txt
L26000175245,MANZIANO PRIVATE WEALTH LLC,A,FLAL,3609 SANTAREN CT,,NAPLES,,34119,03262026,,MANZIANO            DOMINIC,NAPLES,FL,MGR,MANZIANO            DOMINIC,,,,,20260403_corporate.txt
L26000175255,"KAEWE KEALOHA CONSULTING, LLC",A,FLAL,278 SW 3RD STREET,,DEERFIELD BEACH,,33441,03262026,,DIAZ                JACQUELINE,DEERFIELD BEACH,FL,MGR,DIAZ                JACQUELINE,,,,,20260403_corporate.txt
L26000175265,EVER UPWARD SOLUTIONS LLC,A,FLAL,2135 NW SETTLE AVE,,PORT SAINT LUCIE,,34986,03262026,,BARRETT             ROBERT        H,PORT SAINT LUCIE,FL,AMBR,BARRETT             ROBERT        H,,,,,20260403_corporate.txt
L26000175275,SALT PREP CONSULTING LLC,A,FLAL,455 LAKEVIEW DR,,SANTA ROSSA BEACH,,32459,03252026,,MCNALLY             MARIO         RJR,SANTA ROSA BEACH,FL,MGR,MCNALLY             MARIO         RJR.,,,,,20260403_corporate.txt
L26000175285,"C HEALTH AGENCY, LLC",A,FLAL,321 NORTHLAKE BOULEVARD,216,NORTH PALM BEACH,,33408,03262026,,ZUCKERBERG          MICHAEL       D,WEST PALM BEACH,FL,AMBR,DASHTIZADEH         ANTHONY       K,AMBR,ZUCKERBERG          MICHAEL       D,,,20260403_corporate.txt
L26000175295,ALYSSA JEAN MEDIA LLC,A,FLAL,27233 RIO VISTA CIR,,BONITA SPRINGS,,34135,03262026,,TEETERS             ALYSSA,BONITA SPRINGS,FL,AMBR,TEETERS             ALYSSA,,,,,20260403_corporate.txt
L26000175305,TREKWAY LLC,A,FLAL,5321JADE ST,,KISSIMMEE,,34746,03262026,,PIERRE LOUIS        MARK-LEE,KISSIMMEE,FL,MEMB,PIERRE LOUIS        RECULE ANOLITA,MEMB,PIERRE LOUIS        MARK-LEE,,,20260403_corporate.txt
L26000175315,"MACH VENTURES, LLC",A,FLAL,825 3RD AVENUE NORTH,,JACKSONVILLE BEACH,,32250,03262026,,MACHULA             DEREK,JACKSONVILLE BEACH,FL,MGR,MACHULA             DEREK,,,,,20260403_corporate.txt
L26000175325,"OPTIMUM CONSULTING AND PROMOTIONS, LLC",A,FLAL,29255 CLARA DR,,PUNTA GORDA,,33982,03262026,,SOUSER              ZACHERY,PUNTA GORDA,FL,MGR,SOUSER              ZACHERY,,,,,20260403_corporate.txt
L26000175335,SANCTUM HOLDINGS LLC,A,FLAL,1991 MAIN STREET,UNIT 331,SARASOTA,,34236,03262026,,CASPAR              SZULC,SARASOTA,FL,MGR,SZULC               CASPAR,AMBR,SZULC               THOMAS,,,20260403_corporate.txt
L26000175345,WBL INVESTMENTS LLC,A,FLAL,2316 NW 161ST TERRACE,,PEMBROKE PINES,,33028,03262026,,LESLIE LOHN LLC,ENGLEWOOD,FL,AMBR,CORTES-LOHN         KASEY,AMBR,BORJAS              CARLOS        A,,,20260403_corporate.txt
L26000175355,THIN FILM SCIENCE LLC,A,FLAL,1634 NORTHEAST 8TH AVENUE,,FORT LAUDERDALE,,33305,03262026,,ZENBUSINESS INC.,TALLAHASSEE,FL,AMBR,SANCHEZ             DAVID,,,,,20260403_corporate.txt
L26000175365,AROMA FRESCO LLC,A,FLAL,316 W PALM DRIVE,139,FLORIDA CITY,,33034,03262026,,CANALES             ERIC          J,HOMESTEAD,FL,AMBR,CANALES             ERIC          J,AMBR,DOMINGUEZ           MANUELA       R,,,20260403_corporate.txt
P26000017395,"TROPICAL BREEZE TINT STUDIO, INC.",A,DOMP,11729 CANAL ST UNIT 1603,,MIRAMAR,,33025,04022026,,CHIN LOY            KEVIN,MIRAMAR,FL,P,CHIN LOY            KEVIN,VP,WEBB                JAMES,,,20260403_corporate.txt
L26000175375,IMPERIUM LEGACY LLC,A,FLAL,4503 NW 103RD AV,105,SUNRISE,,33351,03262026,,GARCIA ZAYAS        DAIRON        E,MIAMI,FL,MGR,GARCIA ZAYAS        DAIRON        E,,,,,20260403_corporate.txt
L26000175385,R&L ELECTRICITY LLC,A,FLAL,2307 W COMANCHE AVE,,TAMPA,,33603,03262026,,PUPO MORENO         RENIDES,TAMPA,FL,AMBR,PUPO MORENO         RENIDES,,,,,20260403_corporate.txt
L26000175395,FREEDIVING ADVENTURES LLC,A,FLAL,11125 PARK BLVD,SUITE 104-278,SEMINOLE,,33772,04022026,,INNOVATION BOUND LLC,SEMINOLE,FL,AMBR,INNOVATION BOUND LLC,AMBR,"MARTIN STEPANEK, LLC",AMBR,FERRIS              ANDREW        J,20260403_corporate.txt
L26000175405,"PREMIUM AUTO DETAILING OF SOUTH FLORIDA, LLC",A,FLAL,272 IMPERIAL LANE,,LAUDERDALE-BY-THE-SEA,,33308,03262026,,O'GRADY             PARKER,LAUDERDALE-BY-THE-SEA,FL,,,,,,,20260403_corporate.txt
L26000175415,COPEL CONSULTING LLC,A,FLAL,3208 E COLONIAL DRIVE,SUITE 111,ORLANDO,,32803,03262026,,COPELAND            MEGAN         E,ORLANDO,FL,MGR,COPELAND            MEGAN         E,,,,,20260403_corporate.txt
P26000017405,RIVERGREEN DEVELOPMENT CORP,A,DOMP,5600 NORTH FEDERAL HIGHWAY,,FORT LAUDERDALE,,33308,04012026,,LYNN                MARK          JESQ,FORT LAUDERDALE,FL,PRES,FEDEI               NICHOLAS,,,,,20260403_corporate.txt
L26000175425,VIR 24 LLC,A,FLAL,"7451 103RD ST,",SUITE 15,JACKSONVILLE,,32210,03272026,,KAPUR               MOHNISH        MEMBER,JACKSONVILLE,FL,MGR,KAPUR               MOHNISH,,,,,20260403_corporate.txt
L26000175435,EXPORTS CS LLC,A,FLAL,7521 NW 44 CT,,CORAL SPRINGS,,33065,03262026,,ALVAREZ             FRANK,ROYAL PALM BEACH,FL,MGR,RICHARDSON          GARTH,MGR,MOHAMMED            JENNA,,,20260403_corporate.txt
N26000004535,MARION COUNTY PRIDE INC.,A,DOMNP,411 NW 106TH AVE,,OCALA,,34482,03222026,,HARPER              RODNEY        D,OCALA,FL,P,HARPER              RODNEY        D,S,SMITH               PAULA,T,ERDVIG              ARDEN,20260403_corporate.txt
L26000175445,MULTIHOTELS LLC,A,FLAL,3750 NORTH JOG ROAD,APT 101,ROYAL PALM BEACH,,33411,03262026,,DUBON ANTUNEZ       GERMAN        M,ROYAL PALM BEACH,FL,MGR,DUBON ANTUNEZ       GERMAN        M,,,,,20260403_corporate.txt
P26000017415,"NORA HERNANDEZ, P.A",A,DOMP,2761 NE 58TH ST,,FORT LAUDERDALE,,33308,03222026,,HERNANDEZ           NORA,FORT LAUDERDALE,FL,P,HERNANDEZ           NORA,,,,,20260403_corporate.txt
P26000017425,VJTYUE INC,A,DOMP,13532 WILDGRASS MEADOW DR 303,,RIVERVIEW,,33578,03272026,,CALLENDER           TROY,RIVERVIEW,FL,PDST,CALLENDER           TROY,,,,,20260403_corporate.txt
L26000175455,COMMUNITY MAINTENANCE LLC,A,FLAL,3031 28TH STREET NORTH,,ST. PETERSBURG,,33713,03262026,,ZENBUSINESS INC.,TALLAHASSEE,FL,AMBR,ROUSSIS             CHRIS         P,,,,,20260403_corporate.txt
P26000017435,ARIHDY INC,A,DOMP,539 W 23RD ST APT 4,,JACKSONVILLE,,32206,03272026,,DAVIS               JERRY,JACKSONVILLE,FL,PDST,DAVIS               JERRY,,,,,20260403_corporate.txt
L26000175465,E & S LAWN SPECIALIST LLC,A,FLAL,1683 ZAFFER STREET NW,,PALM BAY,,32907,03262026,,BROWN               ERIC          N,PALM BAY,FL,MGR,BROWN               ERIC          N,,,,,20260403_corporate.txt
P26000017445,BROTHERS BBQ FLORIDA INC.,A,DOMP,1019 WEST PEPPERTREE DRIVE,,SIESTA KEY,,34242,04012026,,O'SULLIVAN          CHRISTOPHER,SIESTA KEY,FL,P,O'SULLIVAN          CHRISTOPHER,VP,OSULLIVAN           NICHOLAS,,,20260403_corporate.txt
L26000175475,SUMMIT MEDIA SOLUTIONS LLC,A,FLAL,1100 PARK CENTRAL BLVD S,STE 2600,POMPANO BEACH,,33064,03252026,,POWERS              JAMES,POMPANO BEACH,FL,AMBR,POWERS              JAMES,,,,,20260403_corporate.txt
P26000017455,PEACEFUL GLASS INC,A,DOMP,535 NW 126TH ST,,NORTH MIAMI,,33168,03272026,,MONTERO             DAVID         D,NORTH MIAMI,FL,P,MONTERO             DAVID         D,,,,,20260403_corporate.txt
L26000175485,CLOVERFIELD ROOFING LLC,A,FLAL,238 N MASSACHUSETTS AVE,,LAKELAND,,33801,03262026,,REPUBLIC REGISTERED AGENT LLC,JACKSONVILLE,FL,AMBR,JORQUERA            JOHN,,,,,20260403_corporate.txt
L26000175495,MENDEZ INVESTMENTS GROUP LLC,A,FLAL,3520 JAMAICA RUN LANE,#1613,KISSIMMEE,,34741,03272026,,MENDEZ              LUIS,KISSIMMEE,FL,MGR,MENDEZ              LUIS,,,,,20260403_corporate.txt
P26000017465,MATEO SERVICE CORP,A,DOMP,5701 W 25 CT,APT 406,HIALEAH,,33016,03272026,,JACOBO & ASSOCIATES INC,PEMBROKE PINES,FL,P,MATEO MARRERO       TANIA         C,,,,,20260403_corporate.txt
L26000175505,"BIRD ISLAND ADVENTURES, LLC",A,FLAL,915 W SECOND AVENUE,,WINDERMERE,,34786,03262026,,MCCARTHY            JAMS          AJR.,WINDERMERE,FL,MGR,MCCARTHY            JAMES         AJR.,,,,,20260403_corporate.txt
F26000001985,"COX AUTOMOTIVE MOBILITY SOLUTIONS, INC.",A,FORP,6205 PEACHTREE DUNWOODY RD.,,ATLANTA,,30328,04022026,,CORPORATION SERVICE COMPANY,TALLAHASSEE,FL,SD,HIGHTOWER           JENNIFER,PD,ROWLEY              STEPHEN       M,VPT,ODOM                CHARLES       L,20260403_corporate.txt
L26000175515,"SOUTH FLORIDA FUN YACHT GROUP,  LLC",A,FLAL,3200 PORT ROYALE DRIVE NORTH,UNIT #601,FORT LAUDERDALE,,33308,03262026,,KATZ                LAWRENCE      P,FORT LAUDERDALE,FL,AMBR,KATZ                LAWRENCE      P,,,,,20260403_corporate.txt
P26000017475,SERVICIOS INTEGRALES SC INC,A,DOMP,7610 DICKENS AVE APT 3,,MIAMI BEACH,,33141,03272026,,OLIVA               ANA,MIAMI,FL,P,SERNA SERNA         GIMENA,VP,LARA CIFUENTES      JELMEZ        D,,,20260403_corporate.txt
L26000175525,MECHANICAL CLAIM SOLUTIONS LLC,A,FLAL,1001 59TH STREET SOUTH,,GULFPORT,,33707,03262026,,ZENBUSINESS INC.,TALLAHASSEE,FL,AMBR,BRAZIL              BREIANA       M,,,,,20260403_corporate.txt
L26000175535,BALKAN BITE LLC,A,FLAL,3549 HILLTOP CIRCLE,,LAKEWOOD RANCH,,34211,03262026,,HASKIC              EMIR,LAKEWOOD RANCH,FL,,,,,,,20260403_corporate.txt
N26000004545,STEVIE JANE'S ANGEL FOUNDATION INC.,A,DOMNP,2501 S. OCEAN DR.,APT 512,HOLLYWOOD,,33019,04032026,,BABICE              STEVEN        J,HOLLYWOOD,FL,P,BABICE              STEVEN        J,VP,BABICE              NICHOLAS      W,VP,BABICE              MARGARET      A,20260403_corporate.txt
P26000017485,YHUDTC INC,A,DOMP,8134 BAYSHORE DR,,SEMINOLE,,33776,03272026,,GUERRERO            LUIS,SEMINOLE,FL,PDST,GUERRERO            LUIS,,,,,20260403_corporate.txt
L26000175545,LITTLE FOOT AIR QUALITY LLC,A,FLAL,249 40TH AVE S,,JACKSONVILLE BEACH,,32250,03262026,,"FINANCIAL SOLUTION ADVISORS CPA, LLC",JACKSONVILLE,FL,AMBR,BRADLEY             NICHOLAS,,,,,20260403_corporate.txt
P26000017495,"FARHAAD ALIYARI NAGHOON, P.A.",A,DOMP,4767 NEW BROAD ST,,"ORLANDO, FL",,32814,03232026,,NAGHOON             FARHAAD       A,ORLANDO,FL,DP,NAGHOON             FARHAAD       A,,,,,20260403_corporate.txt
L26000175555,JAADED BEAUTY LAB LLC,A,FLAL,100 EAST PINE STREET,SUITE 110,ORLANDO,,32801,03262026,,ENTITY PROTECT RA SERVICES,TAMPA,FL,AMBR,DELISSER            JESTINE,,,,,20260403_corporate.txt
L26000175565,SOLENE COMMUNITY MANAGEMENT LLC,A,FLAL,233 E BAY ST SUITE 920 B,,JACKSONVILLE,,32202,03262026,,GOLDEN              BRITTANY      P,JACKSONVILLE,FL,MGR,GOLDEN              BRITTANY      P,MGR,LLOYD               JACQUELINE,,,20260403_corporate.txt
L26000175575,"CENTR PROPERTIES II, LLC",A,FLAL,13225 STATE ROAD 64 EAST,,BRADENTON,,34212,04022026,,FOLKERS             CHRISTA       L,BRADENTON,FL,MGR,FOLKERS             CHRISTA       L,,,,,20260403_corporate.txt
L26000175585,HOLY GRAIN & CO. LLC,A,FLAL,2558 RED EGRET DRIVE,,BARTOW,,33830,03262026,,GUDES               SABRINA       R,BARTOW,FL,MGR,GUDES               ROBERT        AJR,,,,,20260403_corporate.txt
L26000175595,LAMEDA SOLUTIONS LLC,A,FLAL,1603 RED CEDAR DRIVE,15,FORT MYERS,,33907,03232026,,LAMEDA MORILLO      JESUS         D,FORT MYERS,FL,,,,,,,20260403_corporate.txt
M26000005215,SKY NET UTILITY & DRILLING LLC,A,FORL,1821 NW 7TH ST,,GAINESVILLE,,32609,04022026,414833086,IRMA I. BRIZUBLA CAMPO,GAINESVILLE,FL,MGR,CAMPO               YESIT         J,MGR,IRMA I. BRIZUELA CAMPO,,,20260403_corporate.txt
L26000175605,"26-B0024 JACKSONVILLE FL, LLC",A,FLAL,2240 WEST FIRST STREET STE 101,,FORT MYERS,,33901,04022026,,CREIGHTON           M. DAN,FORT MYERS,FL,MGR,CREIGHTON           M. DAN,MGR,EVANS               G. BRENT,,,20260403_corporate.txt
L26000175615,"4031 REMODELING AND SERVICES, LLC",A,FLAL,9027 POLLY AVENUE,,PANAMA CITY BEACH,,32408,03262026,,REVIS               THURMAN       G,PANAMA CITY,FL,MGR,REVIS               THURMAN       G,,,,,20260403_corporate.txt
N26000004555,"HEALING HEALTH CARE OF FLORIDA, INC",A,DOMNP,140 MAYALL DR W,,JACKSONVILLE,,32220,03272026,,WORTHINGTON         DAIRA         P,JACKSONVILLE,FL,CHM,CORLEY              DEREK,VCHM,WORTHINGTON         DAIRA         P,TRES,CAMERON             SHERRILL,20260403_corporate.txt
L26000175625,"CNN ONE OCEAN MIAMI, LLC",A,FLAL,924 88TH STREET,,SURFSIDE,,33154,04012026,,COGENCY GLOBAL INC.,TALLAHASSEE,FL,MGR,NELSON              LINDEN        D,MGR,NELSON              SANFOD        E,MGR,CROFT               BETTY,20260403_corporate.txt
L26000175635,PEACOCK HOME SOLUTIONS LLC,A,FLAL,2080 SOUTH COURTENAY PKWY,,MERRITT ISLAND,,32952,03212026,,PEACOCK             JEREMY,MERRITT ISLAND,FL,MGR,PEACOCK             JEREMY,,,,,20260403_corporate.txt
L26000175645,LA BELLE JOANA HAIR DESIGN LLC,A,FLAL,291 NW 144TH ST,,MIAMI,,33168,04012026,,JOSEPH              JOANA,MIAMI,FL,MGR,JOSEPH              JOANA,,,,,20260403_corporate.txt
L26000175655,SELLING2GO LLC,A,FLAL,7950 NW 53RD ST,337,MIAMI,,33166,03262026,,PUSINERI            ANA           L,WESTON,FL,MGR,ROUGET              MARISA        A,MGR,PUSINERI            ANA           L,,,20260403_corporate.txt
M26000005225,FRS HOLDINGS OF MI LLC,A,FORL,1530 SWARTHOUT RD.,,PINCKNEY,,48169,04022026,365173275,"REGISTERED AGENT SOLUTIONS, INC.",PLANTATION,FL,MBR,SAMPLE              FRANK,MBR,SAMPLE              RENEE,,,20260403_corporate.txt
L26000175665,GREENSERVIS LLC,A,FLAL,5200 SW 89TH PL,,MIAMI,,33165,03262026,,VERDES              OSCAR,MIAMI,FL,P,VERDES              OSCAR,,,,,20260403_corporate.txt
L26000175675,441 CABRERA LLC,A,FLAL,441 SWALLOW DR,# 9,MIAMI SPRINGS,,33166,03262026,,CABRERA             JUAN          D,MIAMI SPRINGS,FL,MGR,CABRERA             JUAN          D,,,,,20260403_corporate.txt
L26000175685,LIZZIES TAYLORD MOMENTS LLC,A,FLAL,1201 6TH AVE W,STE 100 UNIT #838,BRADENTON,,34205,03262026,,TRAIL               ELIZABETH,BRADENTON,FL,MGR,TRAIL               ELIZABETH,MGR,TAYLOR              TRENTON,,,20260403_corporate.txt
L26000175695,FUTUREBRIGHT LIMITED LIABILITY COMPANY,A,FLAL,285 WILSON AVENUE,,SATELLITE BEACH,,32937,03232026,,ROMERO              ANTHONY,SATELLITE BEACH,FL,MGR,ROMERO              ANTHONY,MGR,ROMERO              MATTHEW,,,20260403_corporate.txt
L26000175705,LAVI DEFENSE LLC,A,FLAL,3323 NE 163RD STREET,600,MIAMI,,33160,03262026,,FISHMAN             JACK          C,BAY HARBOR ISLANDS,FL,MGR,FISHMAN             JACK          C,,,,,20260403_corporate.txt
L26000175715,AYOMA FINANCIAL L.L.C,A,FLAL,698 NORTHEAST 1ST AVENUE,3805,MIAMI,,33132,03262026,,AYOMA               DAVID         O,MIAMI,FL,PRES,AYOMA               DAVID         O,,,,,20260403_corporate.txt
L26000175725,KTD STRATEGIC HOLDINGS LLC,A,FLAL,9008 FRONT BEACH ROAD,,PANAMA CITY BEACH,,32407,03262026,,HOGAN               KATHRYN,PANAMA CITY BEACH,FL,CEO,HOGAN               KATHRYN,,,,,20260403_corporate.txt
L26000175735,"BALISTRIERI FINANCIAL, LLC",A,FLAL,218 NW 8TH ST,1806,MIAMI,,33136,03242026,,INC AUTHORITY RA,ORLANDO,FL,MGR,PEREZ               CHRISTOPHER,,,,,20260403_corporate.txt
N26000004565,HEALING 2 HEROES INC.,A,DOMNP,"382 NE 191ST STREET, #721192",,MIAMI,,33179,04022026,,"LEGALZOOM USCA, INC.",FT. LAUDERDALE,FL,P\D,DAVIDOV HANSON      SHAYNA,S,HANSON              STEPHEN,T\D,ROSENFELD           ZEKE,20260403_corporate.txt
L26000175745,"RMZ FENCE & EXTERIOR SOLUTIONS, LLC",A,FLAL,223 HIBISCUS PKWY W,,LAKELAND,,33815,03242026,,INC AUTHORITY RA,ORLANDO,FL,MGR,RAMIREZ             MANUEL,,,,,20260403_corporate.txt
P26000017505,"S.Z.K. USA, INC.",A,DOMP,677 N WASHINGTON BLVD,#57,SARASOTA,,34236,03272026,,U.S.A. LICENSE BROKERAGE AND AGENCY INTERN,SARASOTA,FL,PTSD,SZANTO              KRISZTIAN     K,,,,,20260403_corporate.txt
L26000175755,RIDGE CAPITAL LLC,A,FLAL,445 W 40TH ST #402831,,MIAMI BEACH,,33140,04012026,,SUNSHINE STATE CORPORATE COMPLIANCE CO,TALLAHASSEE,FL,MGR,BERLINER            ERIC,,,,,20260403_corporate.txt
L26000175765,"PREMIUM HEALTHCARE STAFFING, LLC",A,FLAL,10924 GOLDEN SILENCE DR,,RIVERVIEW,,33579,03242026,,INC AUTHORITY RA,ORLANDO,FL,MGR,UKPONG              CHRISTOPHER,,,,,20260403_corporate.txt
L26000175775,"AUGUSTA TRANSPORTATION & SERVICES, LLC",A,FLAL,4186 DUTCHESS PARK ROAD,,FORT MYERS,,33916,03242026,,INC AUTHORITY RA,ORLANDO,FL,MGR,LORENZ              ANTHONY,,,,,20260403_corporate.txt
P26000017515,LUXURY OPEN BOX APPLIANCE CORP,A,DOMP,4034 NW 6TH AVE,,OAKLAND PARK,,33334,03272026,,FALOTICO            ANDRE,DEERFIELD BEACH,FL,P,FALOTICO            ANDRE,,,,,20260403_corporate.txt
L26000175785,"D3 UTILITY SERVICES, LLC",A,FLAL,7107 CLEARWOOD RD,,PENSACOLA,,32526,03242026,,INC AUTHORITY RA,ORLANDO,FL,MGR,DAVIS               JOEY,MGR,DAVIS               DYANA,,,20260403_corporate.txt
P26000017525,RKM PANAMA SERVICE INC,A,DOMP,760 WEST 72ND PL,,HIALEAH,,33014,04012026,,PEREA               RICARDO,HIALEAH,FL,P,PEREA               RICARDO,,,,,20260403_corporate.txt
L26000175795,"TKSB HOLDINGS, LLC",A,FLAL,150 SE 2ND AVE,316,DELRAY BEACH,,33444,03252026,,INC AUTHORITY RA,ORLANDO,FL,MGR,SOKOLOSKY           KILLIAN,,,,,20260403_corporate.txt
L26000175805,"COUTCHY, LLC",A,FLAL,3676 NW 28TH CT,,LAUDERDALE LAKES,,33311,03252026,,INC AUTHORITY RA,ORLANDO,FL,MGR,DJIMY               SAJOUSTE,MGR,DUME                WILGENS,,,20260403_corporate.txt
L26000175815,"PROFECT MOVERS, LLC",A,FLAL,4644 N TAMIAMI TRL,UNIT 415,SARASOTA,,34234,03252026,,INC AUTHORITY RA,ORLANDO,FL,MGR,CHEAVES             CYQUAILE,,,,,20260403_corporate.txt
P26000017535,"MAXIMO FERNANDEZ PROPERTY MANAGEMENT, P.A.",A,DOMP,333 N UNIVERSITY DR,422,PLANTATION,,33324,03292026,,FERNANDEZ           MAXIMO        A,PLANTATION,FL,P,FERNANDEZ           MAXIMO,,,,,20260403_corporate.txt
L26000175825,"CREDISCORE VE, LLC",A,FLAL,142 NW 37TH STREET,,MIAMI,,33127,04012026,,MFF SOLUTIONS LLC,MIAMI,FL,MGR,ELIAS ANTONIO ASSAL FADEL,,,,,20260403_corporate.txt
P26000017545,"ALPHA CREDIT & CAPITAL READINESS, INC.",A,DOMP,217 SE 1ST AVENUE SUITE 200,200,OCALA,,34471,03302026,,LANDMARK            JOSEPH,OCALA,FL,P,LANDMARK            JOSEPH,,,,,20260403_corporate.txt
L26000175835,"SECURE CYBER-IT, LLC",A,FLAL,12834 SHERINGHAM WAY,,SARASOTA,,34240,03252026,,INC AUTHORITY RA,ORLANDO,FL,MGR,BLATZ               JOLYNN,,,,,20260403_corporate.txt
L26000175845,"A EDGE ABOVE THE REST, LLC",A,FLAL,2232 CARTER STREET,,BALDWIN,,32234,03252026,,INC AUTHORITY RA,ORLANDO,FL,MGR,CARLYLE             JOSH,,,,,20260403_corporate.txt
L26000175855,"DOBBS PROJECTS, LLC",A,FLAL,4289 SE BOXLEAF PL,,STUART,,34997,03252026,,INC AUTHORITY RA,ORLANDO,FL,MGR,DOBBS               JONATHAN,MGR,DOBBS               BRAXTON,,,20260403_corporate.txt
L26000175865,1244 REALTY 1 LLC,A,FLAL,1244 NW 68 TER,,MIAMI,,33147,04032026,,PENAGOS QUINTERO    EFRAIN,PEMBROKE PINES,FL,AMBR,DI DOMENICO         HUGO ALBERTO,AMBR,PENAGOS QUINTERO    EFRAIN,,,20260403_corporate.txt
P26000017555,FINANZIE ASSETSFLOW CAPITAL INC,A,DOMP,10837 NORTHWEST 7TH STREET,APT 23,MIAMI,,33172,03302026,,BAQUERO LOPEZ       LINDSAIDE     J,MIAMI,FL,P,BAQUERO LOPEZ       LINDSAIDE     J,,,,,20260403_corporate.txt
L26000175875,ITYANA LLC,A,FLAL,1688 WEST AVE,SUITE 1102,MIAMI BEACH,,33139,03262026,,TRAPERO             SANDRA        E,MIAMI BEACH,FL,AMBR,TRAPERO             SANDRA        E,,,,,20260403_corporate.txt
L26000175885,TORTILLA DE PATATA MADRID LLC,A,FLAL,2224 RIVER PARK CIRCLE,411,ORLANDO,,32817,03262026,,GIL                 EDWIN,ORLANDO,FL,MGR,GIL                 EDWIN,MGR,SANTOS              SHIRLEY,,,20260403_corporate.txt
L26000175895,SPONGE-DOO CLEANING LLC,A,FLAL,14004 OVIEDO PL,,FORT MYERS,,33905,03262026,,STHORMES            ISABELLA,FORT MYERS,FL,AMBR,STHORMES            ISABELLA,,,,,20260403_corporate.txt
L26000175905,THETAJDEDAJ LLC,A,FLAL,11053 OCEANSPRAY BLVD,,ENGLEWOOD,,34224,03262026,,DAGENAIS            MICHELLE,ENGLEWOOD,FL,AMBR,DAGENAIS            MICHELLE,AMBR,DAGENAIS            ERIC          M,,,20260403_corporate.txt
L26000175915,GF COMMERCIAL CLEAN LLC,A,FLAL,2121 BURWICK AVE APT 1702,,ORANGE PARK,,32073,03262026,,GARCIA SIERRA       LINA          M,ORANGE PARK,FL,AMBR,GARCIA SIERRA       LINA          M,AMBR,FLOREZ VADEL        ALLAN         A,,,20260403_corporate.txt
L26000175925,"THE BRITT OLSON, LLC",A,FLAL,211 E MAIN STREET,,LAKELAND,,33801,03262026,,OLSON               BRITTANY,LAKELAND,FL,MGR,OLSON               BRITTANY,,,,,20260403_corporate.txt
L26000175935,"596 GREEN SPRINGS PLACE, LLC",A,FLAL,201 S NARCISSUS AVE APT PH2,,WEST PALM BEACH,,33401,03242026,,FLAHERTY            NINA LUZ      D,WEST PALM BEACH,FL,MGR,FLAHERTY            NINA LUZ      D,AMBR,FLAHERTY            RICHARD       GJR,AMBR,"RICHARD G FLAHERTY, JR. REVOCABLE TRUST",20260403_corporate.txt
L26000175945,RONECA LLC,A,FLAL,12200 NW 30TH ST,,SUNRISE,,33323,03262026,,CID                 ROSINA,SUNRISE,FL,AMBR,CID                 ROSINA,AMBR,SANTOS              NELSA,AMBR,MANTELLINI          CARLA,20260403_corporate.txt
L26000175955,"FRENCH BAKING STUDIO, LLC",A,FLAL,7776 OKEECHOBEE BLVD,UNIT 15,WEST PALM BEACH,,33411,03252026,,MARSEILLE           JEAN GARCIA    JR,WEST PALM BEACH,FL,MGR,MARSEILLE           JEAN GARCIA    JR,,,,,20260403_corporate.txt
L26000175965,VALVTEK LATAM LLC,A,FLAL,C/O 301 W HALLANDALE BEACH BLVD,,HALLANDALE BEACH,,33009,03262026,,"ROZENCWAIG & NADEL, LLP",HALLANDALE BEACH,FL,MGR,GRAUER              DANIEL,,,,,20260403_corporate.txt
L26000175975,NU SPA LLC,A,FLAL,6370 N STATE RD 7 STE 119,,COCONUT CREEK,,33073,03262026,,FEI                 DANLE,COCONUT CREEK,FL,AMBR,FEI                 DANLE,,,,,20260403_corporate.txt
L26000175985,"D67, LLC",A,FLAL,3744 NE 15TH PL,,CAPE CORAL,,33990,03262026,,INC AUTHORITY RA,ORLANDO,FL,MGR,DILLON              JOHN,MGR,DILLON              ASHLEY,,,20260403_corporate.txt
L26000175995,METABOLIC RESTORATIONS LLC,A,FLAL,867 GERHARDT DR,,PENSACOLA,,32503,03262026,,SPALDING            CATHERINE     P,PENSACOLA,FL,AMBR,SPALDING            CATHERINE     P,,,,,20260403_corporate.txt
L26000176005,EPA PRODUCTION LLC,A,FLAL,1934 NE 149TH ST,,MIAMI,,33181,03262026,,TRAVELSTEAD         ERINN         D,MIAMI,FL,MGR,TRAVELSTEAD         ERINN,,,,,20260403_corporate.txt
L26000176015,"GOLDA HOLDINGS, LLC",A,FLAL,1135 KANE CONCOURSE,SECOND FLOOR,BAY HARBOR ISLANDS,,33154,03262026,,RAIJMAN             GINA          N,BAY HARBOR ISLANDS,FL,MGR,RAIJMAN             GINA          N,,,,,20260403_corporate.txt
L26000176025,"CR BUBBA, LLC",A,FLAL,3850 SUMNER ROAD,,DOVER,,33527,04032026,,FULTON              COLLEEN       G,DOVER,FL,MGR,FULTON              TERRY         N,MGR,FULTON              COLLEEN       G,,,20260403_corporate.txt
L26000176035,C4 FENCING & FABRICATION LLC,A,FLAL,3456 UNION HILL ROAD,,BONIFAY,,32425,03222026,,COOK                SAMUEL        W,BONIFAY,FL,MGR,COOK                SAMUEL        W,,,,,20260403_corporate.txt
L26000176045,RENT247 LLC,A,FLAL,1451 WELLS ROAD,,ORANGE PARK,,32073,03262026,,CARRYL              ROBERT        B,JACKSONVILLE,FL,MGR,CARRYL              ROBERT        B,,,,,20260403_corporate.txt
L26000176055,"PONCHO & LEFTY GROUP, LLC",A,FLAL,1429 PINE STREET EAST,,NOKOMIS,,34275,03262026,,KLINGLER            ERIC,NOKOMIS,FL,MGR,KLINGLER            ERIC,,,,,20260403_corporate.txt
L26000176065,APEX EMERGENCY VEHICLES LLC,A,FLAL,15923 NW 141ST ST,,ALACHUA,,32615,04062026,,GONZALEZ            JONATHAN      C,ALACHUA,FL,MGR,HAY                 SCOTT         P,,,,,20260403_corporate.txt
L26000176075,DELM LLC,A,FLAL,"7901 LUDLAM ROAD, SUITE 206",,SOUTH MIAMI,,33143,04022026,,"NEAL S. LITMAN, P.A.",SOUTH MIAMI,FL,MGR,"NEAL S. LITMAN, P.A.",,,,,20260403_corporate.txt
L26000176085,"MEEK'S FAMILY CLEANING, LLC",A,FLAL,1655 NORTH 29TH ST.,UNIT 104,FORT PIERCE,,34947,03262026,,INC AUTHORITY RA,ORLANDO,FL,MGR,HANNA               SHAMEKIA,,,,,20260403_corporate.txt
M26000005235,DYNAMIC OFFICE SPECIALIST LLC,A,FORL,1312 WILLIAMS AVE NW,,ORTING,,98360,04022026,412649793,"LEGALZOOM USCA, INC.",FORT LAUDERDALE,FL,MBR,TREVIZO             DAVID,,,,,20260403_corporate.txt
L26000176095,VMLL HOLDING LLC,A,FLAL,2950 LOOPDALE LN,,KISSIMMEE,,34741,04012026,,GOLDEN HILLS SERVICES INC,KISSIMMEE,FL,MGR,NERIA PRISCILA VALENTINI,MGR,CLEIVER JOSE MARCHI,,,20260403_corporate.txt
L26000176105,BIG BUCK ENTERPRISES LLC,A,FLAL,6683 STRATFORD DR,,PARKLAND,,33067,03262026,,BUCKNER             COLE          E,PARKLAND,FL,AMBR,BUCKNER             COLE          E,,,,,20260403_corporate.txt
L26000176115,"TIDE & TIMBER AERIAL, LLC",A,FLAL,264 GIBRALTAR COURT,301,SAINT AUGUSTINE,,32080,03262026,,RIVERS              LACI          J,SAINT AUGUSTINE,FL,,,,,,,20260403_corporate.txt
L26000176125,PSAC HOLDINGS 3351 LLC,A,FLAL,5551 SE 44TH CIRCLE,,OCALA,,34480,04022026,,SEOANE              PONCIANO       JR,OCALA,FL,MGR,SEOANE              PONCIANO       JR,MGR,CASTANO             LUZ ADRIANA,,,20260403_corporate.txt
L26000176135,ELEVATE AND SHINE MD LLC,A,FLAL,1900 ALAMANDA  DRIVE,,NORTH MIAMI,,33181,03262026,,DAVIS               JASON,NORTH MIAMI,FL,MGR,DE LOS RIOS         MERY          C,MGR,DAVIS               JASON,,,20260403_corporate.txt
L26000176145,BIRDIE & PINE LLC,A,FLAL,2388 MILES CT,,LAKELAND,,33812,03262026,,AL-OAN              ALLISON       G,LAKELAND,FL,MGR,AL-OAN              ALLISON       G,,,,,20260403_corporate.txt
L26000176155,2012 NW 2ND STREET LLC,A,FLAL,2012 NW 2ND STREET,,MIAMI,,33125,04022026,,PICALOMINO          HERNAN,MIAMI,FL,AMBR,PICALOMINO          HERNAN,,,,,20260403_corporate.txt
M26000005245,MC 3691 CENTER LLC,A,FORL,"800 MAIN AVE. SW, #200",,WASHINGTON,,20024,04022026,413040465,CORPORATION SERVICE COMPANY,TALLAHASSEE,FL,MGR,BLACKWOOD           ALEXANDER,AP,BLACKWOOD           ALEXANDER,AP,KAZALAS             MICHAEL,20260403_corporate.txt
L26000176165,RAWJR ENTERPRISE LLC,A,FLAL,600 CARVER DR,,"LAKE WALES,",,33853,03262026,,WORKS               RAY           AJR,LAKE WALES,FL,,,,,,,20260403_corporate.txt
L26000176175,AVENTUS MERCHANT SERVICES LLC,A,FLAL,5920 SW 39TH CT,,DAVIE,,33314,03212026,,MARTINEZ            KELVIN,SOUTHWEST RANCHES,FL,MGR,MARTINEZ            KELVIN,,,,,20260403_corporate.txt
L26000176185,"CRISTIAN PELAEZ, LLC",A,FLAL,8289 OLYMPIC STONE CIR,,NEW PORT RICHEY,,34655,03262026,,PELAEZ              CRISTIAN      E,NEW PORT RICHEY,FL,MGR,PELAEZ              CRISTIAN      E,,,,,20260403_corporate.txt
L26000176195,ARTE & TAPIZ LLC,A,FLAL,35 SW 77 AVE,,MIAMI,,33144,03262026,,DEL TORO MENDEZ     ROSARIO,MIAMI,FL,AMBR,DEL TORO MENDEZ     ROSARIO,,,,,20260403_corporate.txt
L26000176205,NUON CONSULTING LLC,A,FLAL,6420 WASHINGTON STREET,,HOLLYWOOD,,33023,03262026,,BELTRAN             KATHERINE,HOLLYWOOD,FL,MGR,BELTRAN             KATHERINE,,,,,20260403_corporate.txt
L26000176215,COLE HEALTH WORLD LLC,A,FLAL,11620 ASHTON FIELD AVENUE,,RIVERVIEW,,33579,03262026,,COLE                AUSTIN,RIVERVIEW,FL,CEO,COLE                AUSTIN,,,,,20260403_corporate.txt
L26000176225,PAGAN-FIGUEROA CPA GROUP LLC,A,FLAL,"2750 TAYLOR AVE, SUITE A-120",,ORLANDO,,32806,03312026,,PAGAN               OSVALDO,ORLANDO,FL,CPA,RICARDO             PAGAN,,,,,20260403_corporate.txt
L26000176235,"AM PLATINUM PROPERTIES, LLC",A,FLAL,7303 NW 39TH AVE,,COCONUT CREEK,,33073,03262026,,MITERIN             ANASTASIA,COCONUT CREEK,FL,MGR,MITERIN             ANASTASIA,MGR,MITERIN             ANDREY,,,20260403_corporate.txt
L26000176245,DINO SCREEN ENCLOSURES LLC,A,FLAL,15189 SE 180TH ST,,WEIRSDALE,,32195,03262026,,HOMMES              JASON         R,WEIRSDALE,FL,MGR,HOMMES              JASON         R,,,,,20260403_corporate.txt
L26000176255,FEZLX LLC,A,FLAL,7901 4TH ST N STE 300,,ST. PETERSBURG,,33702,03262026,,NORTHWEST REGISTERED AGENT LLC,ST. PETERSBURG,FL,AMBR,MBONGI              FEZEKA,,,,,20260403_corporate.txt
L26000176265,BLUEPRINT FUTURE REALTY LLC,A,FLAL,7362 FUTURES DR,3,ORLANDO,,32819,03262026,,ROJAS MEDINA        JAVIER,ORLANDO,FL,CEO,GUBAIRA RIVERO      FARID,CFO,GONZALEZ            PABLO,COO,ROJAS MARTINEZ      JOSE,20260403_corporate.txt
L26000176275,GVO MEDIA LLC,A,FLAL,879 OUTER ROAD,STE B,ORLANDO,,32814,03262026,,LAUS CONSULTING SERVICES LLC,ORLANDO,FL,AMBR,PUMPLE              JEFF,AMBR,PUMPLE              JESSICA,,,20260403_corporate.txt
L26000176285,RJD 831 LLC,A,FLAL,831 12TH AVE NW,,NAPLES,,34120,03262026,,DENOME              ROBERT,NAPLES,FL,AMBR,DENOME              ROBERT,AMBR,DENOME              JULIA,,,20260403_corporate.txt
L26000176295,BIOAD STRATEGIES LLC,A,FLAL,12725 SOUTH PARKLAND BAY TRAIL,,CORAL SPRINGS,,33076,03262026,,DEGEETER            KEVIN,CORAL SPRINGS,FL,MGR,DEGEETER            KEVIN,MGR,SUSAN               AU,,,20260403_corporate.txt
F26000001995,HOUSE OF RESTORATION MINISTRIES INC.,A,FORNP,864 POST AVE,,STATEN ISLAND,,10310,04022026,142005364,REV. DR. EPHRAIM GARCIA,KINDRED,FL,P,GARCIA              MICHAEL,T,FELIX               MIGUEL,D,VELAZQUEZ           SAMUEL,20260403_corporate.txt
L26000176305,ZAVALA TAX AND ACCOUNTING LLC,A,FLAL,1701 NE ORA AVE,,ARCADIA,,34266,04012026,,ZAVALA              JOEL,ARCADIA,FL,MGR,ZAVALA              JOEL,,,,,20260403_corporate.txt
L26000176315,"MAGNOLIA MOON, LLC",A,FLAL,"334 OCEANWALK DRIVE, S.",,ATLANTIC BEACH,,32233,03272026,,DONAHOO             THOMAS        MJR,JACKSONVILLE,FL,MGR,MOON                TANSY         F,,,,,20260403_corporate.txt
L26000176325,EUDIS GUZMAN LLC,A,FLAL,1925 S CLARA AVE,,DELAND,,32720,03262026,,GUZMAN              EUDIS         A,DELAND,FL,AMBR,GUZMAN              EUDIS         A,,,,,20260403_corporate.txt
L26000176335,YSACAN ESTHETIC LLC,A,FLAL,9531 FONTAINEBLEAU BLVD,#108,MIAMI,,33172,03262026,,ACEVEDO             YSABEL,MIAMI,FL,AMBR,ACEVEDO             YSABEL,,,,,20260403_corporate.txt
L26000176345,ABC COLLECTS LLC,A,FLAL,9244 WILTON AVE E,,JACKSONVILLE,,32208,03262026,,AMOAH               JAIMIE,JACKSONVILLE,FL,AMBR,BRYANT-CLAXTON      ADRIENNE,,,,,20260403_corporate.txt
L26000176355,DAWSON'S BACKYARD BBQ LLC,A,FLAL,8714 ELMDALE PL,,TAMPA,,33637,03262026,,"LEGALZOOM USCA, INC.",FORT LAUDERDALE,FL,AMBR,DAWSON              MARVIN        T,,,,,20260403_corporate.txt
L26000176365,SIMOSE LIQUIDATION LLC,A,FLAL,2604 16TH AVE DR E,,BRADENTON,,34208,03262026,,GEROME              WADNA,FORT MYERS,FL,MGR,MANIUS DESROSES     SIMOSE,,,,,20260403_corporate.txt
L26000176375,FIVE STAR PROFESSIONAL SERVICES LLC,A,FLAL,2111 10TH AVE N,,LAKE WORTH,,33461,03252026,,JOSEPH              VERLANDE       CEO,LAKE WORTH,FL,MGR,JOSEPH              VERLANDE,MGR,ETIENNE             JACHOA,MGR,CENOBLE             FANICIA,20260403_corporate.txt
L26000176385,HANDYMAN$$$PLUS LLC,A,FLAL,1025 SW SULTAN DR,,PORT ST LUCIE,,34953,03262026,,PIERRE              LUCKSON,ORLANDO,FL,MGR,DOREUS              ALAIN,,,,,20260403_corporate.txt
L26000176395,OSPREY SKYOPS LLC,A,FLAL,10009 CELTIC ASH DR,,RUSKIN,,33573,03262026,,THOMAS              DAVID,RUSKIN,FL,MGR,THOMAS              DAVID,,,,,20260403_corporate.txt
L26000176405,MIRRORMD LLC,A,FLAL,7901 4TH ST N STE 300,,ST. PETERSBURG,,33702,03262026,,NORTHWEST REGISTERED AGENT LLC,ST. PETERSBURG,FL,,,,,,,20260403_corporate.txt
L26000176415,ABC SETTLES LLC,A,FLAL,9244 WILTON AVE E,,JACKSONVILLE,,32208,03262026,,AMOAH               JAIMIE,JACKSONVILLE,FL,AMBR,BRYANT-CLAXTON      ADRIENNE,,,,,20260403_corporate.txt
L26000176425,FIZZ HAUS LLC,A,FLAL,8670 SW 212 ST,APT 106,MIAMI,,33189,03262026,,SUAREZ              KAYLIE,MIAMI,FL,AMBR,SUAREZ              KAYLIE,AMBR,CANTERO             DANIELA       B,,,20260403_corporate.txt
L26000176435,LB3 2.0 LLC,A,FLAL,1245 WEST AVE,404,MIAMI BEACH,,33139,03212026,,HENDRICKSON         SARAHROSE,MIAMI BEACH,FL,,,,,,,20260403_corporate.txt
L26000176445,VIVENDRO LLC,A,FLAL,19549 N COQUINA WAY,,WESTON,,33332,03262026,,VELICHKO            ANGELINA,WESTON,FL,AMBR,VELICHKO            ANGELINA,,,,,20260403_corporate.txt
L26000176455,"FLORIDA FIRST PROPERTY SERVICES, LLC",A,FLAL,1322 SE 46TH LANE,201,CAPE CORAL,,33904,03262026,,ESTRADA CRUZ        MARIA         F,CAPE CORAL,FL,AP,ESTRADA CRUZ        MARIA         F,,,,,20260403_corporate.txt
L26000176465,DV SNACK VAULT LLC,A,FLAL,11036 CANARY AVE,,WEEKI WACHEE,,34613,03262026,,"LEGALZOOM USCA, INC.",FORT LAUDERDALE,FL,AMBR,PEREIRA             DANIEL        L,AMBR,PEREIRA             VANESSA,,,20260403_corporate.txt
L26000176475,MANNY HOME INSPECTOR LLC,A,FLAL,10606 MANGO RD,,THONOTOSASSA,,33592,03262026,,GOMEZ               MANUEL        A,THONOTOSASSA,FL,MGR,GOMEZ               MANUEL        A,,,,,20260403_corporate.txt
L26000176485,JAMKAT RV SOLUTIONS LLC,A,FLAL,505 NW 21ST AVE,103,CHEIFLAND,,32626,03262026,,ANTLEY              JAMES         RJR,CHEIFLAND,FL,,,,,,,20260403_corporate.txt
L26000176495,"MD LEADERSHIP, LLC",A,FLAL,9202 SW 78 PLACE,,MIAMI,,33156,03262026,,HERNANDEZ           YOLANGEL,MIAMI,FL,MGR,HERNANDEZ           YOLANGEL,,,,,20260403_corporate.txt
L26000176505,"VISUALS BY KEVIN SCHWARTZ, LLC",A,FLAL,11219 SOUTHWEST 74TH TERRACE,,MIAMI,,33173,03262026,,LEHMAN              SCOTT          ESQ.,CORAL GABLES,FL,AMBR,SCHWARTZ            KEVIN,,,,,20260403_corporate.txt
L26000176515,ROYAL STAY ORLANDO LLC,A,FLAL,1934 HOLLYWOOD BLVD,201,HOLLYWOOD,,33020,03262026,,SEVI SERVICES LLC,HOLLYWOOD,FL,AMBR,DEL VALLE           GUSTAVO,,,,,20260403_corporate.txt
L26000176525,BELMARE INVESTMENTS LLC,A,FLAL,6412 N UNIVERSITY DR,7551B,TAMARAC,,33321,03262026,,MERCADO             YRCIA,TAMARAC,FL,AMBR,VICTORIA BONILLA    JOSE MANUEL,,,,,20260403_corporate.txt
L26000176535,REGULATORY COMPLIANCE ASSURANCE LLC,A,FLAL,5555 COLLINS AVENUE,APT 8W,MIAMI BEACH,,33140,03262026,,FRIDMAN             MARIA,MIAMI BEACH,FL,CEO,FRIDMAN             MARIA         E,,,,,20260403_corporate.txt
L26000176545,T'S FAMILY MARKETING LLC,A,FLAL,8135 WHITE FENCES LN,,VERO BEACH,,32968,03262026,,RETTEMNIER          THOMAS        CJR,VERO BEACH,FL,AMBR,RETTEMNIER          THOMAS        CJR.,,,,,20260403_corporate.txt
L26000176555,ENDO KID CARE LLC,A,FLAL,7901 4TH ST N STE 300,,ST. PETERSBURG,,33702,03262026,,REGISTERED AGENTS INC,ST. PETERSBURG,FL,AMBR,LUGO-RUIZ           SONIELY,,,,,20260403_corporate.txt
L26000176565,TIME UNLIMITED LLC,A,FLAL,5537 AV. ROBINSON,,COTE SAINT-LUC,,H4V 2-P4,03262026,,BORSTEINAS          DAVID,AVENTURA,FL,MGR,BORSTEINAS          DAVID,,,,,20260403_corporate.txt
L26000176575,OHANA CLEAR POOL SERVICES LLC,A,FLAL,10046 WINDING LAKE RD,APT 202,SUNRISE,,33351,03262026,,RAMIREZ             ALAN,SUNRISE,FL,MGR,RAMIREZ             ALAN,,,,,20260403_corporate.txt
L26000176585,"TANGIERS HOLDINGS, LLC",A,FLAL,157 YACHT CLUB WAY,APT. 104,HYPOLUXO,,33462,03252026,,IOMMAZZO            ROBERT        M,HYPOLUXO,FL,MGR,IOMMAZZO            ROBERT        M,MGR,IOMMAZZO            DANA          E,,,20260403_corporate.txt
L26000176595,SKID REALTY LLC,A,FLAL,7901 4TH ST N STE 300,,ST. PETERSBURG,,33702,03262026,,NORTHWEST REGISTERED AGENT LLC,ST. PETERSBURG,FL,AMBR,SKIDELL             SPENCER,,,,,20260403_corporate.txt
L26000176605,BREEZY LOGISTICS & SERVICES LLC,A,FLAL,924 N MAGNOLIA AVE,SUITE 202 UNIT 5330,ORLANDO,,32803,03262026,,SMITH               AMBER         R,ORLANDO,FL,MGR,SMITH               AMBER         R,MGR,DANIELS             EMMANUEL,,,20260403_corporate.txt
L26000176615,BAUTISTA OROZCO LLC,A,FLAL,203 SPRING LAKE CIR,,OCOEE,,34761,02202026,,MARTINEZ            ANTONIO       JSR,ORLANDO,FL,MGR,BAUTISTA            MILTON        SSR,,,,,20260403_corporate.txt
L26000176625,MORPHO PI LLC,A,FLAL,3113 W VINA DEL MAR BLVD,,ST PETE BEACH,,33706,03262026,,ACCOUNTING & TAX CONSULTING,ST PETE BEACH,FL,MGR,CRANCE              ORLANDO,MGR,CRANCE              KRISTIN,,,20260403_corporate.txt
M26000005255,DG US EMPLOYEECO LLC,A,FORL,"360 S. ROSEMARY AVE., 18TH FLOOR",,WEST PLAM BEACH,,33401,03312026,,CORPORATION SERVICE COMPANY,TALLAHASSEE,FL,MGR,"DG US MANCO, INC.",MBR,"DG US MANCO, INC.",MGR,GREENBERG           ELLIOT,20260403_corporate.txt
L26000176635,TRINDADE RENTAL HOME LLC,A,FLAL,8803 FUTURES DR,SUITE 2,ORLANDO,,32819,03202026,,PRIMELY TAX LLC,ORLANDO,FL,AMBR,TRINDADE            ISAI,AMBR,DA SILVA            DIRLANDIA M,,,20260403_corporate.txt
L26000176645,"BIG PINE BOATS, BOARDS & BEYOND LLC",A,FLAL,30525 WINIFRED ST,,PINE KEY,,33043,03262026,,ALBERTO AND COMPANY LLC,MIAMI LAKES,FL,MGR,HERNANDEZ LEZCANO   DIOSNEL,,,,,20260403_corporate.txt
L26000176655,OBERTS FINE FIXTURES LLC,A,FLAL,13641 MY KATHY���S RD,,PANAMA CITY,,32409,03262026,,OBERT               CAMERON,PANAMA CITY,FL,MGR,OBERT               ROBERT,,,,,20260403_corporate.txt
P26000017565,CLOUD HAVEN INC,A,DOMP,4027 CORTEZ ROAD,,BRADENTON,,34210,04032026,,ZAHER               SAMIR,BRADENTON,FL,PRES,ZAHER               SAMIR,,,,,20260403_corporate.txt
L26000176665,"PARADISE WELLNESS AND RECOVERY, L.L.C.",A,FLAL,2091 MARLIN WAY,,ENGLEWOOD,,34224,03262026,,BOLLIN              DOUGLAS       J,ENGLEWOOD,FL,MGR,BOLLIN              DOUGLAS       J,,,,,20260403_corporate.txt
L26000176675,"COVENANT COMMERCIAL CAPITAL, LLC",A,FLAL,50 EAGLE NEST LN.,,ST. JOHNS,,32259,03262026,,BLENDEN             MELISSA,ST. JOHNS,FL,MGRM,BLENDEN             MELISSA,AMBR,HILLIARD            EDWARD,,,20260403_corporate.txt
L26000176685,SUNLIT HOMES LLC,A,FLAL,1016 W BEARSS AVE,,TAMPA,,33613--110,03262026,,VALDES              ALEXANDER     KSR,TAMPA,FL,MGR,VALDES              ALEXANDER     KSR,MGR,CASTANO             JONATHAN      M,,,20260403_corporate.txt
L26000176695,THRIVE WITH HOPE REVENUE CYCLE MANAGEMENT L.L.C,A,FLAL,4550 HOLLY TREE CT,111,ORLANDO,,32811,03262026,,DANIEL              DEBORAH,ORLANDO,FL,MGR,DANIEL              DEBORAH,MGR,DANIEL              DEBORAH,MGR,DANIEL              DEBORAH,20260403_corporate.txt
L26000176705,SWEET BITES BY ROXY LLC,A,FLAL,4541 54TH TER,,VERO BEACH,,32967,03262026,,MARTINEZ            ROSA          A,VERO BEACH,FL,MGR,MARTINEZ            ROSA          A,,,,,20260403_corporate.txt
L26000176715,MRG HOSPITALITY GROUP LLC,A,FLAL,6300 COLLINS AVE,204,MIAMI,,33141,03262026,,GARCIA              RAUL,MIAMI,FL,CEO,GARCIA              RAUL,,,,,20260403_corporate.txt
L26000176725,EZRA REAL ESTATE HOLDINGS LLC,A,FLAL,LAMED ALEF STREET 45,,"TEL AVIV, ISRAEL",,67673-56,03262026,,INCORP SERVICES INC,TALLAHASSEE,FL,AMBR,COHEN-HUSZTI        ALMOG,AMBR,COHEN               ROTEM,,,20260403_corporate.txt
L26000176735,GULFWAY APP L.L.C.,A,FLAL,205 SHORE DRIVE,G,PALM HARBOR,,34683,03262026,,PIKOS               ANTHONY       M,PALM HARBOR,FL,MGR,PIKOS               ANTHONY       H,AP,PIKOS               REBECCA,,,20260403_corporate.txt
L26000176745,PROTECTUS INVESTIGATIONS LLC,A,FLAL,1012 ELM GROVE LANE,,VALRICO,,33596,03262026,,MALDONADO           JIMMY,VALRICO,FL,AP,MALDONADO           JIMMY,AP,MALDONADO           JASMINE,,,20260403_corporate.txt
L26000176755,MAGIC WOW LLC,A,FLAL,1607 BELMONT LN,1607,NORTH LAUDERDALE,,33068,03232026,,DESTIN              AGENOR,NORTH LAUDERDALE,FL,MGR,MELEUS              KIMSCIE,,,,,20260403_corporate.txt
L26000176765,WOSV 73 LLC,A,FLAL,4601 SHERIDAN ST STE 200,,HOLLYWOOD,,33021,03262026,,"TIRADO-LUCIANO & TIRADO, P.A.",CORAL GABLES,FL,AMBR,S&H WORLD HOLDINGS LLC,,,,,20260403_corporate.txt
L26000175076,LCRP215 LLC,A,FLAL,16971 W DOWNERS DR,,LOXAHATCHEE,,33470,03262026,,CHAIT               LETTY         E,LOXAHATCHEE,FL,MGR,CHAIT               LETTY         E,,,,,20260403_corporate.txt
L26000175086,ASH AND BARNES ENTERPRISE LLC.,A,FLAL,2534 LEMON LN.,,TALLAHASSEE,,32308,03262026,,ASH                 TONY          D,TALLAHASSEE,FL,MGR,ASH                 TONY,,,,,20260403_corporate.txt
L26000175096,AUCTUS GROUP HOLDINGS LLC,A,FLAL,8282 BARTON FARMS BOULEVARD,,SARASOTA,,34240,03262026,,GIULIANO            BRIAN,SARASOTA,FL,AMBR,GIULIANO            BRIAN,,,,,20260403_corporate.txt
L26000175106,SELECT TRAVEL BOOKINGS LLC,A,FLAL,7901 4TH ST N STE 300,,ST. PETERSBURG,,33702,03262026,,REGISTERED AGENTS INC,ST. PETERSBURG,FL,MGR,GRANT               TAMARA,,,,,20260403_corporate.txt
L26000175116,PRESTIGE STRUCTURE CONSULTING LLC,A,FLAL,3321 INDIAN TRL,,EUSTIS,,32726,03262026,,NORTHWEST REGISTERED AGENT LLC,ST. PETERSBURG,FL,AMBR,KHALIL              MOHAMMAD,,,,,20260403_corporate.txt
L26000175126,KSTDESIGN LLC,A,FLAL,4410 CLUSTER DR,,ORLANDO,,32808,03262026,,TEIXEIRA            KENNETH,ORLANDO,FL,MGR,TEIXEIRA            KENNETH,,,,,20260403_corporate.txt
L26000175136,"GLAMEROUS, LLC",A,FLAL,5993 LEE VISTA BLVD,306,ORLANDO,,32822,03262026,,URDANETA            ARLETH,ORLANDO,FL,MGR,URDANETA            ARLETH,,,,,20260403_corporate.txt
L26000175146,JR. & R. QUALITY LLC,A,FLAL,5495 USAPPA DRIVE,,AVE MARIA,,34142,03262026,,SAINT FORT          PIERRE JUNIOR,AVE MARIA,FL,MGR,SAINT FORT          PIERRE JUNIOR,,,,,20260403_corporate.txt
L26000175156,"BRIDGE ANGEL INVESTORS XIX (WIRE WALLET), LLC",A,FLAL,19443 NEWLANE PLACE,,BRADENTON,,34202,03262026,,JELLISON            LINDA,BRADENTON,FL,MGR,WEIKLE              AARON,MGR,PREBLE              MICHAEL,,,20260403_corporate.txt
L26000175166,D SMART SOLUTIONS LLC,A,FLAL,7901 4TH ST N STE 300,,ST. PETERSBURG,,33702,03262026,,NORTHWEST REGISTERED AGENT LLC,ST. PETERSBURG,FL,AMBR,GONZALEZ            LEONARDO,AMBR,GONZALEZ            DAYANA,,,20260403_corporate.txt
L26000175176,PARADISE 475 LLC,A,FLAL,334 MOONLIGHT BAY DR,,PANAMA CITY BEACH,,32407,03262026,,CHIRINO             HUMBERTO       JR,FORT LAUDERDALE,FL,MGR,DELGADO             ANDREW        O,MGR,CHIRINO             HUMBERTO       JR,,,20260403_corporate.txt
L26000175186,KEEPING IT IN THE COOP LLC,A,FLAL,2005 E DR MARTIN LUTHER KING JR BLVD,,TAMPA,,33610,03212026,,DAVIS               RESHEA,TAMPA,FL,CEO,DAVIS               RESHEA,,,,,20260403_corporate.txt
L26000175196,SHILSTONE CONSTRUCTION LLC,A,FLAL,2647 18TH AVE N,,ST PETERSBURG,,33713,03262026,,SHILSTONE           TIMOTHY       DJR,ST PETERSBURG,FL,AMBR,SHILSTONE           TIMOTHY       DJR.,,,,,20260403_corporate.txt
L26000175206,"SEA GLASS OASIS, LLC",A,FLAL,4523 HARBOR HILLS DR,,LARGO,,33770,03262026,,CIARUFFOLI          NANCY,LARGO,FL,CEO,CIARUFFOLI          NANCY,PRES,GARVEY              TERRENCE,,,20260403_corporate.txt
L26000175216,ASTERION PROPERTY LLC,A,FLAL,225 E ROBINSON STREET,STE 220,ORLANDO,,32801,03262026,,CORPORATE AGENT ALLIANCE LLC,ORLANDO,FL,MGR,DELBEN SILVA        ANDRE PAULO,MGR,REBOUCAS DE MELO    RAFAEL,MGR,PEDREIRA MAGALHAES  VICTOR,20260403_corporate.txt
L26000175226,CANCER MINOR PROPERTY LLC,A,FLAL,225 E ROBINSON STREET,STE 220,ORLANDO,,32801,03262026,,CORPORATE AGENT ALLIANCE LLC,ORLANDO,FL,MGR,DELBEN SILVA        ANDRE PAULO,MGR,REBOUCAS DE MELO    RAFAEL,MGR,PEDREIRA MAGALHAES  VICTOR,20260403_corporate.txt
L26000175236,"CHARLES GEORGE, LLC",A,FLAL,1005 W. INDIANTOWN R,#202,JUPITER,,33458,03262026,,COX & COMPANY,JUPITER,FL,AMBR,ANDERSON            CLYDE         B,,,,,20260403_corporate.txt
L26000175246,ELOHIM LCM INVESTMENTS LLC,A,FLAL,15815 SHADDOCK DR STE 120,,WINTER GARDEN,,34787,03262026,,DOMUS GLOBAL TAX ADVISORS LLC,WINTER GARDEN,FL,MGR,MUNIZ CHERENE       CLEBER,,,,,20260403_corporate.txt
L26000175256,WA FURNITURE LLC,A,FLAL,7065 WESTPOINTE BLVD,SUITE 310,ORLANDO,,32835,03252026,,AES ACCOUNTING & CONSULTING LLC,ORLANDO,FL,AMBR,ANTUNES             ARISON PAULO,AMBR,DA CRUZ             MARILEI CARINA,,,20260403_corporate.txt
L26000175266,MUSCA BOREALIS PROPERTY LLC,A,FLAL,225 E ROBINSON STREET,STE 220,ORLANDO,,32801,03262026,,CORPORATE AGENT ALLIANCE LLC,ORLANDO,FL,MGR,DELBEN SILVA        ANDRE PAULO,MGR,REBOUCAS DE MELO    RAFAEL,MGR,PEDREIRA MAGALHAES  VICTOR,20260403_corporate.txt
L26000175276,WALLER UTILITY CONSULTING LLC,A,FLAL,10909 S. RUNNING DEER PT.,,INVERNESS,,34452,03262026,,WALLER              TALIA         M,INVERNESS,FL,AR,WALLER              CHAD          W,AP,WALLER              SHYANNE       F,,,20260403_corporate.txt
L26000175286,PRIME TIME MARKETING LLC,A,FLAL,1631 DEL PRADO BLVD S,SUITE 300 #1102,CAPE CORAL,,33990,03262026,,"DEZ ENTERPRISE, LLC",CAPE CORAL,FL,AMBR,MELENDEZ            JOSHUA,,,,,20260403_corporate.txt
L26000175296,JAMES MATTHEW CHAMBERS & ASSOC LLC,A,FLAL,3507 LONGMEADOW,,SARASOTA,,34235,03262026,,ZENBUSINESS INC.,TALLAHASSEE,FL,AMBR,CHAMBERS            JAMES,,,,,20260403_corporate.txt
N26000004526,UEL AMERICAS CORP.,A,DOMNP,INTER MIAMI STADIUM,1350 NW 55TH STREET,FORT LAUDERDALE,,33309-*,04012026,,COGENCY GLOBAL INC.,TALLAHASSEE,FL,,,,,,,20260403_corporate.txt
L26000175306,EAGLE RUN ADVISORS LLC,A,FLAL,3031 N ROCKY POINT DR W,SUITE 600 PMB 1004,TAMPA,,33607,03262026,,REGISTERED AGENTS INC,ST. PETERSBURG,FL,PRES,MUEHLBAUER          STEFAN,,,,,20260403_corporate.txt
L26000175316,SULLIVAN ASSET MANAGEMENT LLC,A,FLAL,400 N TAMPA ST STE 1550 #521077,,TAMPA,,33602,03262026,,"LEGALZOOM USCA, INC.",FORT LAUDERDALE,FL,AMBR,SULLIVAN            JEREMIAH,,,,,20260403_corporate.txt
L26000175326,VINNIE'S HANDYMAN SERVICES LLC,A,FLAL,3010 WOODBURY CIRCLE,,CANTONMENT,,32533,03262026,,ZENBUSINESS INC.,TALLAHASSEE,FL,AMBR,ALLMAN              VINCENT,,,,,20260403_corporate.txt
L26000175336,"JTRH HOLDINGS, LLC",A,FLAL,19495 BISCAYNE BLVD,607,AVENTURA,,33180,03262026,,SONN LAW PA,AVENTURA,FL,MGR,SONN                TERRI         G,MGR,SONN                JEFFREY       R,MGR,SONN                HUNTER        D,20260403_corporate.txt
P26000017386,HRI NAPLES CORP.,A,DOMP,2277 TRADE CENTER WAY UNIT 201,,NAPLES,,34109,04022026,,LEGALINC CORPORATE SERVICES INC,JACKSONVILLE,FL,P,VEERARAGAVAN        SENTHIL,TRES,VEERARAGAVAN        SENTHIL,SEC,VEERARAGAVAN        SENTHIL,20260403_corporate.txt
L26000175346,GCPBEHAVIORTHERAPY LLC,A,FLAL,11860 SW 25 TER,,MIAMI,,33175,03262026,,CARBALLO PENICHET   GABRIELY,MIAMI,FL,MGR,CARBALLO PENICHET   GABRIELY,,,,,20260403_corporate.txt
L26000175356,SVJ HOME SOLUTIONS LLC,A,FLAL,7901 4TH ST N STE 300,,ST. PETERSBURG,,33702,03262026,,NORTHWEST REGISTERED AGENT LLC,ST. PETERSBURG,FL,,,,,,,20260403_corporate.txt
L26000175366,GREENAID SERVICES LLC,A,FLAL,7817 ROLLING GROVE DR E,,LAKELAND,,33810,03262026,,FRISCH              KYLE,LAKELAND,FL,AR,FRISCH              KYLE,AR,KOVAC               KEVIN,,,20260403_corporate.txt
P26000017396,YAMI FAMILY CARE CORP.,A,DOMP,315 E. 2ND STREET,UNIT 1,HIALEAH,,33010,04022026,,"SPIEGEL & UTRERA, P.A.",MIAMI,FL,PSTD,YAMELYS GARCIA,,,,,20260403_corporate.txt
L26000175376,"KB COASTAL PROPERTIES, LLC",A,FLAL,9900 S THOMAS DR,1520,PANAMA CITY BEACH,,32408,04022026,,"DUNLAP & SHIPMAN, P. A.",PANAMA CITY,FL,MGR,WALTERS             CARI,,,,,20260403_corporate.txt
L26000175386,MALL COSMETICS LLC,A,FLAL,4300 MEADOWS LANE,,LAS VEGAS,,89107,03262026,,ZENBUSINESS INC.,TALLAHASSEE,FL,AMBR,KOFFERBERG          ZIPORA,,,,,20260403_corporate.txt
L26000175396,J & R FUSION GROUP LLC,A,FLAL,9605 WYDELLA ST,,RIVERVIEW,,33569,03202026,,GUZMAN SALAZAR      JACKO,RIVERVIEW,FL,MGRM,GUZMAN SALAZAR      JACKO,MGR,VEGA                JANNETH,,,20260403_corporate.txt
L26000175406,433 CABRERA LLC,A,FLAL,433 E 17 ST,,HIALEAH,,33010,03262026,,CABRERA             JUAN          D,MIAMI SPRINGS,FL,MGR,CABRERA             JUAN          D,,,,,20260403_corporate.txt
L26000175416,WEST MOBILE TIRE LLC,A,FLAL,422 S B ST APT B1,,LAKE WORTH,,33460,03262026,,ORDONEZ MENDEZ      RIGOBERTO,LAKE WORTH,FL,AMBR,ORDONEZ MENDEZ      RIGOBERTO,,,,,20260403_corporate.txt
P26000017406,BG PRIME INDUSTRIES CORP.,A,DOMP,553 THORNBERRY RD,,ORANGEPARK,,32073,03272026,,"LEGALCORP SOLUTIONS, LLC",HOLLYWOOD,FL,DIR,COBB                DANIEL        T,P,COBB                DANIEL        T,SEC,COBB                DANIEL        T,20260403_corporate.txt
L26000175426,VAYL TECHNOLOGIES LLC,A,FLAL,594 CORAL GLEN LOOP,205,ALTAMONNTE SPRINGS,,32714,06162026,,ARCE                RONALD        MJR,ALTAMONTE SPRINGS,FL,AR,ARCE                RONALD        MJR,,,,,20260403_corporate.txt
L26000175436,"BAKER'S GOOD THINGS, LLC",A,FLAL,130 BOMAR CT,SUITE 160,LONGWOOD,,32750,03262026,,BAKER               JAMES         L,LAKE MARY,FL,MGR,BAKER               DANIELLE      M,,,,,20260403_corporate.txt
N26000004536,"LIVING WATERS MEDICAL FOUNDATION, INC",A,DOMNP,103 NIGHTINGALE LANE,,GULF BREEZE,,32561,04022026,,DEBORAH D. VIGLIONE,GULF BREEZE,FL,D,DEBORAH D. VIGLIONE,D,JOSEPH ROGERS,D,TOM HAMON,20260403_corporate.txt
L26000175446,5YC 2026 LLC,A,FLAL,2001 MERIDIAN AVE,APT 107,MIAMI BEACH,,33139,03262026,,MCMILLAN            MATTHEW,MIAMI BEACH,FL,MGR,MCMILLAN            MATTHEW,,,,,20260403_corporate.txt
P26000017416,AIAURORA TECH INC,A,DOMP,7901 4TH STREET NORTH,STE 300,ST. PETERSBURG,,33702,03272026,,REGISTERED AGENTS INC,ST. PETERSBURG,FL,P,MITRA               SANDEEP SANGH,D,KUMARI              PREETI,,,20260403_corporate.txt
P26000017426,"AZEN HEALTH OF FLORIDA, INC.",A,DOMP,9064 NW 13TH TERRACE,,MIAMI,,33172,04022026,,OLLET               MARGARITA,MIAMI,FL,,,,,,,20260403_corporate.txt
L26000175456,SELEKT LLC,A,FLAL,3343 PORT ROYALE DR S,A-135,FORT LAUDERDALE,,33308,03252026,,FRIEDMAN            TYLER,FORT LAUDERDALE,FL,MGR,FRIEDMAN            TYLER,MGR,GRANATSTEIN         JEREMIAH,,,20260403_corporate.txt
P26000017436,FRNPZGZA INC,A,DOMP,4747 W WATERS AVE,,TAMPA,,33614,03272026,,RYAN                ABAGAIL,TAMPA,FL,PDST,RYAN                ABAGAIL,,,,,20260403_corporate.txt
L26000175466,CREEKSIDE STAYS LLC,A,FLAL,410 136 STREET COURT EAST,,BRADENTON,,34212,03262026,,ZENBUSINESS INC.,TALLAHASSEE,FL,AMBR,RAMKUMAR            PRABHU,AMBR,RAMKUMAR            MEGAN,,,20260403_corporate.txt
P26000017446,EOGFWVX INC,A,DOMP,8941 ASHLEY LN APT D,,FORT WALTON BEACH,,32547,03272026,,STOUDAMIRE          ROBERT,FORT WALTON BEACH,FL,PDST,STOUDAMIRE          ROBERT,,,,,20260403_corporate.txt
L26000175476,TWOFLORIDASWANS LLC,A,FLAL,340 ROYAL POINCIANA WAY STE 321,,PALM BEACH,,33480,04022026,,HANLON              M. TIMOTHY,PALM BEACH,FL,,,,,,,20260403_corporate.txt
L26000175486,ANALYTIKAL DNA USA LLC,A,FLAL,7901 4TH ST N STE 300,,ST. PETERSBURG,,33702,03262026,,REGISTERED AGENTS INC.,ST. PETERSBURG,FL,MGR,ELATTAR             IMAN,AMBR,ELATTAR             IMAN,,,20260403_corporate.txt
P26000017456,"GMG LOGISTICS GROUP, INC",A,DOMP,10822 64TH ST N,,PINELLAS PARK,,33782-2409,03272026,,BLUE WATER ACCOUNTING INC,TAMPA,FL,P,GARCIA LEBRON       GIANCARLO,,,,,20260403_corporate.txt
L26000175496,KELVEXOR IP HOLDINGS LLC,A,FLAL,549 ROYAL PALM BLVD,,VERO BEACH,,32960,03262026,,REPUBLIC REGISTERED AGENT LLC,JACKSONVILLE,FL,AMBR,DOBSON              JOSHUA,,,,,20260403_corporate.txt
P26000017466,V&D HYDRO INC,A,DOMP,309 FIAT AVE,,SEBRING,,33872,03272026,,ROJAS               VANESSA       M,SEBRING,FL,P,ROJAS               VANESSA       M,,,,,20260403_corporate.txt
L26000175506,MURPHY INSULATION LLC,A,FLAL,110 ELIZABETH STREET,,PLANT CITY,,33566,03262026,,MURPHY              GEORGE        R,PLANT CITY,FL,AMBR,MURPHY              GEORGE        R,,,,,20260403_corporate.txt
L26000175516,EFFORTLESS GIRLS CULTURE LLC,A,FLAL,411 KENDALL LAKE DR,204,BRANDON,,33510,03262026,,LOBRUTTO            NICOLE        K,BRANDON,FL,MGR,LOBRUTTO            NICOLE        K,,,,,20260403_corporate.txt
L26000175526,TLVS MIA LLC,A,FLAL,9559 COLLINS AV,SUITE 710,SURFSIDE,,33154,04152026,,SCHLESINGER         JACOB,SURFSIDE,FL,MGR,SCHLESINGER         JACOB,,,,,20260403_corporate.txt
P26000017476,BESIL SOLUTIONS CORP,A,DOMP,612 SW 93RD PL,,MIAMI,,3374,03272026,,FONT BESIL          LUIS          E,MIAMI,FL,P,FONT BESIL          LUIS          E,,,,,20260403_corporate.txt
F26000001986,"IN-SITU MICROSCOPY, INC.",A,FORP,"5281 69TH ST. E, STE. 165",,PALMETTO,,34221,04022026,,CORPORATION SERVICE COMPANY,TALLAHASSEE,FL,PD,TATSCH              ANDREW,,,,,20260403_corporate.txt
L26000175536,"AMIN US, LLC",A,FLAL,7345 W SAND LAKE RD,STE 210 OFFICE 1344,ORLANDO,,32819,03262026,,"GLOBALFY BUSINESS SERVICES, LLC",ORLANDO,FL,AMBR,AMIN                ANILESH,,,,,20260403_corporate.txt
P26000017486,CRT MEDIA CORP,A,DOMP,1239 E NEWPORT CENTER DR,#115,DEERFIELD BEACH,,33442,03272026,,RDM BOOKKEEPING SERVICE & CONSULTING CORP,DEERFIELD BEACH,FL,P,SILVA RODRIGUES     THAILISON R,VP,SILVA RODRIGUES     CARITA LARISSA,,,20260403_corporate.txt
L26000175546,L&R CAPITAL GROUP LLC,A,FLAL,3725 S OCEAN DR,1207,HOLLYWOOD,,33019,03262026,,BOETTO              RUBEN,HOLLYWOOD,FL,AMBR,BOETTO              RUBEN,AMBR,COLLURA             LUIS,,,20260403_corporate.txt
P26000017496,MIAMI EXOTIC ICE INC.,A,DOMP,1735 SW 3RD CT,,HOMESTEAD,,33030,03302026,,BEAUBRUN            MICHAEL,HOMESTEAD,FL,M,BEAUBRUN            MICHAEL,P,ALEXANDRE           CHYNNA,,,20260403_corporate.txt
N26000004546,PLANTS OF HOPE INC,A,DOMNP,128 BIG BEN DR,,DAYTONA BEACH,,32117,03272026,,DAFFIN              SHAWNDRA,DAYTONA BEACH,FL,P,DAFFIN              SHAWNDRA,,,,,20260403_corporate.txt
L26000175556,CHAOBELLA CREATIVE LLC,A,FLAL,10919 N 29TH ST,,TAMPA,,33612,03262026,,VANG                CHAO,TAMPA,FL,MGR,VANG                CHAO,,,,,20260403_corporate.txt
L26000175566,LESTER PAINTING & DRYWALL LLC,A,FLAL,1737 NW 18TH STREET,,FORT LAUDERDALE,,33311,03262026,,SUTTON              TONYA,FORT LAUDERDALE,FL,PRES,MCDOWELL            DAVID         L,MGR,SUTTON              TONYA,,,20260403_corporate.txt
L26000175576,KDMRE LLC,A,FLAL,4806 LEWIS GARDEN CT,,WINDERMERE,,34786,04012026,,MAHEN               KEVIN         E,WINDERMERE,FL,MGR,MAHEN               KEVIN         E,AMBR,MAHEN               DENISE        E,,,20260403_corporate.txt
L26000175586,HOME SOLUTIONS BY JLN LLC,A,FLAL,7901 4TH ST N STE 300,,ST. PETERSBURG,,33702,03262026,,NORTHWEST REGISTERED AGENT LLC,ST. PETERSBURG,FL,AMBR,VILASECA            JESUS,,,,,20260403_corporate.txt
L26000175596,"CNN OPA LOCKA, LLC",A,FLAL,924 88TH STREET,,SURFSIDE,,33154,04012026,,COGENCY GLOBAL INC,TALLAHASSEE,FL,MGR,NELSON              LINDEN        D,MGR,NELSON              SANFORD       E,MGR,CROFT               BETTY,20260403_corporate.txt
L26000175606,3235 CABRERA LLC,A,FLAL,3235 NW 32 AVE,,MIAMI,,33142,03262026,,CABRERA             JUAN          D,MIAMI SPRINGS,FL,MGR,CABRERA             JUAN          D,,,,,20260403_corporate.txt
M26000005216,BAUM BFI HOLDINGS LLC,A,FORL,"2200 BUTTS RD., STE. 200",,BOCA RATON,,33431,04022026,,BAUM                AARON,BOCA RATON,FL,AP,BAUM                AARON,,,,,20260403_corporate.txt
L26000175616,THOMWIN GROUP LLC,A,FLAL,"21700 OXNARD ST, STE 730",,WOODLAND HILLS,,91367,04032026,,FILEJET INC.,TAMPA,FL,MGR,THOMAS              SHAWN,AS,VOIGTMANN           FEDRICK       W,,,20260403_corporate.txt
N26000004556,PALM BEACH COVENANT DISTRICT INC.,A,DOMNP,915 W. AVENUE A,,BELLE GLADE,,33430,03272026,,JACKSON             THEOPHYLUS    T,DEERFIELD BEACH,FL,P/D,JACKSON             THEOPHYLUS    T,VP/D,CATO                HELEN,T/D,WALKER              LAWRENCE,20260403_corporate.txt
L26000175626,2480 LLC,A,FLAL,79014 ST N,300,ST PETERSBURG,,33702,03262026,,ROBERTS             DAVID,ST PETERSBURG,FL,AMBR,ROCA                JANETTE,,,,,20260403_corporate.txt
L26000175636,MORE ONE GROUP LLC,A,FLAL,7680 UNIVERSAL BLVD,SUITE 100,ORLANDO,,32819,03262026,,ATHENA BUSINESS AND TAX ADVISORS LLC,ORLANDO,FL,AMBR,MORUM DE LIMA SIMAO GUILHERME,AMBR,FERREIRA A MORUM    TACIANA,,,20260403_corporate.txt
L26000175646,ABA BRIDGES TO LOVE LLC,A,FLAL,8510 N ARMENIA AVENUE,APART 1708,TAMPA,,33604,03262026,,PUENTES             ANA MARIAM,TAMPA,FL,MGR,PUENTES             ANA MARIAM,,,,,20260403_corporate.txt
L26000175656,THE TICKET DROP LLC,A,FLAL,452 NE 31ST STREET,APT 2606,"MIAMI, FL",,33137,03262026,,BROWNER             CAYLA,MIAMI,FL,MGR,BROWNER             CAYLA,,,,,20260403_corporate.txt
L26000175666,REDSTONE EMPLOYER SOLUTIONS LLC,A,FLAL,6601 PARK OF COMMERCE BLVD,,BOCA RATON,,33487,03262026,,"LEGALZOOM USCA, INC.",FORT LAUDERDALE,FL,MGR,OCHOA               CHRISTOPHER,MGR,LODNIA              KONSTANTIN,MGR,LODNIA              IVAN,20260403_corporate.txt
L26000175676,IRON RAPTOR PROPERTY GROUP LLC,A,FLAL,9008 FRONT BEACH ROAD,,PANAMA CITY BEACH,,32407,03262026,,HOGAN               KATHRYN,PANAMA CITY BEACH,FL,MGR,HOGAN               BRYAN,,,,,20260403_corporate.txt
L26000175686,"REASON2RECOVER, LLC",A,FLAL,1422 JUAREZ PL,,LADY LAKE,,32159,03212026,,DAVID               KING,LADY LAKE,FL,AMBR,DAVID               KING          B,,,,,20260403_corporate.txt
L26000175696,SANCHEZ REALTY MANAGEMENT LLC,A,FLAL,1525 W ELAINE CIR,,WEST PALM BEACH,,33417,03262026,,SANCHEZ             RAUL,WEST PALM BEACH,FL,MGR,SANCHEZ             RAUL,,,,,20260403_corporate.txt
L26000175706,305 CLUB LLC,A,FLAL,7148 MARIANA CT,,BOCA RATON,,33433,03262026,,"LEGALZOOM USCA, INC.",FORT LAUDERDALE,FL,AMBR,GURTIN              GRANT         D,,,,,20260403_corporate.txt
M26000005226,ANGEL MEDICAL LLC,A,FORL,"8950 SW 74 COURT, STE. 220 #A144",,MIAMI,,33156,04022026,881417186,ALVAREZ             GABRIEL       G,PINECREST,FL,MGR,ALVAREZ             GABRIEL       G,,,,,20260403_corporate.txt
L26000175716,FLORIDA COAST PARTNERS LLC,A,FLAL,2024 STEDWICK PLACE,,CHARLOTTE,,28211,03262026,,"INCORP SERVICES, INC.",TALLAHASSEE,FL,MGR,TYSON               WILLIAM       WJR.,MGR,SHEPPARD            JOHN          W,,,20260403_corporate.txt
L26000175726,"FSI ATLANTA, LLC",A,FLAL,12195 METRO PARKWAY SUITE 1,,FORT MYERS,,33966,04012026,,TRUXTON             BOLANOS        P.A.,FT MYERS,FL,MGR,BERGMANN            DWAYNE,,,,,20260403_corporate.txt
L26000175736,SL 1216 LLC,A,FLAL,20185 E COUNTRY CLUB DR UNIT 802,,AVENTURA,,33180,04012026,,LEVY                SERGIO,AVENTURA,FL,MGR,LEVY                SERGIO,,,,,20260403_corporate.txt
L26000175746,"PREDDY SNATCHED, LLC",A,FLAL,1711 N UNIVERSITY DR,1607,PLANTATION,,33322,03242026,,INC AUTHORITY RA,ORLANDO,FL,MGR,LINDO               AMOY,,,,,20260403_corporate.txt
P26000017506,DPN NISSI RECYCLING OIL CORP,A,DOMP,2442 CARRAVELLE CIR,,KISSIMMEE,,34746,03272026,,QUIROZ              ELIDA         D,KISSIMMEE,FL,P,QUIROZ              ELIDA         D,P,NAVARRO MURILLO     LENNIN,,,20260403_corporate.txt
L26000175756,"AURELIUS DETAILING & MORE, LLC",A,FLAL,6603 DONLON RD,,FORT PIERCE,,34951,03242026,,INC AUTHORITY RA,ORLANDO,FL,MGR,WEST                DA'SHAWN,,,,,20260403_corporate.txt
L26000175766,"BIGBELLY'Z & FATNECK'Z SOUL FOOD AND BBQ SMOKEHOUSE, LLC",A,FLAL,1474 BARRY STREET,,CLEARWATER,,33756,03242026,,INC AUTHORITY RA,ORLANDO,FL,MGR,ALEXANDER           DEMETRIUS,,,,,20260403_corporate.txt
L26000175776,"DUMPSTER GENERAL, LLC",A,FLAL,8250 BAY LAKE RD.,,GROVELAND,,34736,03252026,,INC AUTHORITY RA,ORLANDO,FL,MGR,BROWN               GAWAYNE,,,,,20260403_corporate.txt
P26000017516,YAZ ELECTRICAL SERVICES CORP,A,DOMP,9021 SW 34TH ST,,MIAMI,,33165,03272026,,ARIAS ZALDIVAR      YONESY,MIAMI,FL,P,ARIAS ZALDIVAR      YONESY,,,,,20260403_corporate.txt
L26000175786,TWO CITY PLAZA 1419 LLC,A,FLAL,600 GRANT STREET SUITE 3230,,PITTSBURGH,,15219,04012026,,C T CORPORATION SYSTEM,PLANTATION,FL,MGR,KAREN ZIMMER PAUL,,,,,20260403_corporate.txt
P26000017526,VT LANDSCAPING SERVICES CORP,A,DOMP,1310 W 12TH ST,,LEHIGH ACRES,,33972,03302026,,GUDIN PERAZA        KATHIA,LEHIGH ACRES,FL,PST,GUDIN PERAZA        KATHIA,,,,,20260403_corporate.txt
L26000175796,"STELLAR EXPERIENCES, LLC",A,FLAL,5072 NW 97TH DRIVE,,CORAL SPRINGS,,33076,03252026,,INC AUTHORITY RA,ORLANDO,FL,MGR,LAMERS              LINDA,,,,,20260403_corporate.txt
L26000175806,MGM PRO CLEANING LLC,A,FLAL,250 W SAMPLE RD,D118,POMPANO BEACH,,33064,03252026,,INC AUTHORITY RA,ORLANDO,FL,MGR,GONZALEZ            MELISSA,,,,,20260403_corporate.txt
L26000175816,"KROWNED BY KAI, LLC",A,FLAL,111 NORTH ORANGE AVE SUITE 800,,ORLANDO,,32801,03252026,,INC AUTHORITY RA,ORLANDO,FL,MGR,THOMPSON-WHITE      KIA,,,,,20260403_corporate.txt
P26000017536,NEXUS KIDS THERAPY INC,A,DOMP,16800 NW 2ND AVE,SUITE 301,MIAMI,,33169,03302026,,GUARCH              KRISTOPHER,MIAMI,FL,P,GUARCH              KRISTOPHER,,,,,20260403_corporate.txt
L26000175826,"EK MEDIA PRODUCTIONS, LLC",A,FLAL,4574 WINSTON LN N,,SARASOTA,,34235,03252026,,INC AUTHORITY RA,ORLANDO,FL,MGR,CARCAMO             KRYSTA,,,,,20260403_corporate.txt
P26000017546,CHE LOGISTIC CORP,A,DOMP,5226 NW 187TH ST,,MIAMI GARDENS,,33055,03282026,,HERNANDEZ FONTANE   YUSLEY,MIAMI GARDENS,FL,P,HERNANDEZ ESCARRAS  CRISTHIAN,,,,,20260403_corporate.txt
L26000175836,"CHANCY'S & SONS, LLC",A,FLAL,13004 CHARNEY RHODEN ROAD,,GLEN SAINT MARY,,32040,03252026,,INC AUTHORITY RA,ORLANDO,FL,MGR,CHANCY              LEWIS,MGR,CHANCY              CHELSEY,,,20260403_corporate.txt
L26000175846,"ABOVE THE MOON LANDSCAPE, LLC",A,FLAL,1513 SAN MARCO DR,105,ORMOND BEACH,,32174,03252026,,INC AUTHORITY RA,ORLANDO,FL,MGR,GARRISON            CHRISTY,MGR,MOON                SCOTT,,,20260403_corporate.txt
L26000175856,"AREALLE'S ANIMALS PET CARE, LLC",A,FLAL,4855 RANDEE CIR,,PENSACOLA,,32526,03252026,,INC AUTHORITY RA,ORLANDO,FL,MGR,ERICKSON            AREALLE,,,,,20260403_corporate.txt
L26000175866,"REALDREAM COLLECTION, LLC",A,FLAL,12152 SW 250TH ST,,HOMESTEAD,,33032,03252026,,INC AUTHORITY RA,ORLANDO,FL,MGR,FLEURIME            JEAN,MGR,THOMAS              WILCKENS,,,20260403_corporate.txt
P26000017556,ZENTHRA  CORP,A,DOMP,2114 W MINNEHAHA ST,,TAMPA,,33604,04052026,,GONZALEZ            ARNALDO,LUTZ,FL,P,CONCEPCION          YAMIR,VP,GONZALEZ BRULL      ARNALDO,,,20260403_corporate.txt
L26000175876,CALICO COVE LLC,A,FLAL,28 NEW YORK AVENUE,,ROCKVILLE CENTRE,,11570,03262026,,REGISTERED AGENTS INC,ST. PETERSBURG,FL,MGR,GARY                BETH          A,,,,,20260403_corporate.txt
N26000004566,"THE BECOMING YOU INITIATIVE, INC.",A,DOMNP,1318 E MYRTLE ST,,LAKELAND,,33801,03232026,,FULGHAM             DYNISHA       M,LAKELAND,FL,P,FULGHAM             DYNISHA       M,VP,BLACK               DAMON          JR.,S,WILLIAMS DWIGHT     ORESHA,20260403_corporate.txt
L26000175886,EXCELLION GROUP LLC,A,FLAL,1100 NE 2ND ST,,POMPANO BEACH,,33060,03262026,,TORO CARDOZO        JOSE          D,POMPANO,FL,MGR,TORO CARDOZO        JOSE          D,,,,,20260403_corporate.txt
L26000175896,JM CONSTRUCTION AND PAVERS LLC,A,FLAL,6405 MERRIEWOOD DRIVE,,ORLANDO,,32818,03262026,,BARILLAS SANTOS     JOSE MIGUEL,ORLANDO,FL,MGR,BARILLAS SANTOS     JOSE MIGUEL,,,,,20260403_corporate.txt
L26000175906,WILLIAM PRITCHARD ENT LLC,A,FLAL,7342 DANBURY WAY,,CLEARWATER,,33764,03262026,,ZENBUSINESS INC.,TALLAHASSEE,FL,AMBR,PRITCHARD           WILLIAM,,,,,20260403_corporate.txt
L26000175916,JTECH LLC SERVICE,A,FLAL,118 W ASTOR,,DELRAY BEACH,,33484,03212026,,KOVACS              JASON         BMR,DELRAY BEACH,FL,AMBR,KOVACS              JASON         B,,,,,20260403_corporate.txt
L26000175926,BAKEY FORT LAUDERDALE LLC,A,FLAL,2528 N FEDERAL HWY,,FORT LAUDERDALE,,33305,03262026,,QUALITY FINANCIAL SERVICES LLC,AVENTURA,FL,MBR,BAKEY FLORIDA INC,MGR,VADASH              AMIR,,,20260403_corporate.txt
L26000175936,LIFELINE PET CO LLC,A,FLAL,603 FAIRMONT DR,,BRANDON,,33511,03262026,,HOCKMAN             ASHLEY,BRANDON,FL,,,,,,,20260403_corporate.txt
L26000175946,"FERRERI SEARCH HOLDNGS, LLC",A,FLAL,217 N HOWARD AVENUE STE 200,,TAMPA,,33606,04022026,,"NRAI SERVICES, INC.",PLANTATION,FL,MGR,RAVER               BRYSON,MGR,GARGAGLIANO         PAUL,,,20260403_corporate.txt
M26000005236,"BRACKENMONT, LLC",A,FORL,200 W 34TH AVE #977,,ANCHORAGE,,99503,03302026,,RAMIREZ             JOSE,NAPLES,FL,MBR,RAMIREZ             JOSE,MBR,GONZALEZ            ALIACNYS,,,20260403_corporate.txt
L26000175956,"MHT ADVISORY GROUP, LLC",A,FLAL,8988 MONDIAL CT,,VENICE,,34293,03212026,,TWEETON             MIRDALYS      H,VENICE,FL,CEO,TWEETON             MIRDALYS      H,,,,,20260403_corporate.txt
L26000175966,DM SWMECH LLC,A,FLAL,9134B SW 20TH PLACE,,DAVIE,,33324,03262026,,CUEVAS MARQUEZ      DAMIAN        A,DAVIE,FL,,,,,,,20260403_corporate.txt
L26000175976,15700 PALMETTO BAY LLC,A,FLAL,8180 NW 36TH STREET SUITE 100-F,,DORAL,,33166,04022026,,"OAK HOLDINGS, LLC",DORAL,FL,MGR,"OAK HOLDINGS, LLC",,,,,20260403_corporate.txt
L26000175986,"AVE MARIA SOUTH PARK INDUSTRIAL, LLC",A,FLAL,2600 GOLDEN GATE PARKWAY,,NAPLES,,34105,04022026,,"COLEMAN,YVANOVICH & KOESTER, P.A.",NAPLES,FL,MGR,"AVE MARIA DEVELOPMENT, LLLP",,,,,20260403_corporate.txt
L26000175996,JD IRRIGATION REPAIR LLC,A,FLAL,13163 RANCH ROAD,APARTMENT 11307,JACKSONVILLE,,32218,03262026,,ZENBUSINESS INC.,TALLAHASSEE,FL,AMBR,BLACK               JOHNNY,,,,,20260403_corporate.txt
L26000176006,ESS PANAMA CITY PROPERTY LLC,A,FLAL,7901 4TH ST N,STE 300,ST PETERSBURG,,33702,03252026,,"REGISTERED AGENTS, INC",ST PETERSBURG,FL,MGR,ESS REAL ESTATE HOLDINGS LLC,,,,,20260403_corporate.txt
L26000176016,"DARIEN EQUITIES HOLDINGS, LLC",A,FLAL,1627 BRICKELL AVENUE #1107,,MIAMI,,33129,04032026,,"REGISTERED AGENT SOLUTIONS, INC.",PLANTATION,FL,AMBR,ERNESTUS            MICHAEL,,,,,20260403_corporate.txt
L26000176026,MORNING MERCY VENTURES LLC,A,FLAL,3880 SE 62ND STREET,,OCALA,,34480,03262026,,MORNINGSTAR         WENDY         A,OCALA,FL,,,,,,,20260403_corporate.txt
L26000176036,321BREVARDROOFING LLC,A,FLAL,1116 A1A,,SATELLITE BEACH,,32937,03262026,,PIERSON             MICHAEL       A,MELBOURNE,FL,MGR,PIERSON             MICHAEL       A,,,,,20260403_corporate.txt
L26000176046,"INDUSTRY FUSION PARTNERS A, LLC",A,FLAL,90 FORT WADE ROAD,SUITE 100,PONTE VEDRA,,32081,03262026,,MCCAFFERTY          HUGH          A,PONTE VEDRA,FL,AM,MCCAFFERTY          OWEN          E,,,,,20260403_corporate.txt
L26000176056,NESTREMODELING LLC,A,FLAL,3212 STONEHURST CIR,,KISSIMMEE,,34741,03262026,,GUILLEN OLIVIER     NESTOR        A,KISSIMMEE,FL,AMBR,GUILLEN OLIVIER     NESTOR        A,AMBR,SANCHEZ ANDARCIA    FABIOLA,,,20260403_corporate.txt
L26000176066,ROSE AHAUL AWAY LLC,A,FLAL,4440 DICKENS AVE,,TITUSVILLE,,32780,03192026,,ROBERTS             DAVID,ST. PETERSBURG,FL,MGR,VALENTIN-RIVERA     SULIBETH,AMBR,ROSA                ROBERTO       MJR.,,,20260403_corporate.txt
L26000176076,MSM AUTO HAULERS LLC,A,FLAL,5900 W 21ST CT,,HIALEAH,,33016,03262026,,RODRIGUEZ           MARCOS,HIALEAH,FL,P,RODRIGUEZ           MARCOS,,,,,20260403_corporate.txt
L26000176086,JOSEPH ARCHE LLC,A,FLAL,14378 VINDEL CIR.,,FORT MYERS,,33905,03262026,,PIERRE              JOSEPH        L,FORT MYERS,FL,MGR,PIERRE              JOSEPH        L,,,,,20260403_corporate.txt
L26000176096,MC HOME & PROPERTY SERVICES LLC,A,FLAL,2506 PIERCE STREET,3A,HOLLYWOOD,,33020,03262026,,SERNA               SANDRA MILENA,HOLLYWOOD,FL,AMBR,SERNA               SANDRA MILENA,AMBR,RUA                 CARLOS,,,20260403_corporate.txt
L26000176106,HEARN CONSTRUCTION GROUP LLC,A,FLAL,996 BLOXHAM CUTOFF RD,,CRAWFORDVILLE,,32327,03262026,,HEARN               RICHARD,CRAWFORDVILLE,FL,MGR,HEARN               RICHARD,,,,,20260403_corporate.txt
L26000176116,UNITED LOGISTICS GRUPO L.L.C.,A,FLAL,10887 NW 7 ST,14,MIAMI,,33172,03252026,,LINDA MARTINEZ MD L.L.C.,HOLLYWOOD,FL,MGR,LINDA MARTINEZ MD LLC,MGR,A&H BEST CONSULTANTS INC,MGR,LOPEZ               JUAN          J,20260403_corporate.txt
L26000176126,SUNCOAST VITALITY VENTURES LLC,A,FLAL,3730 MIDTOWN DRIVE,APT 1609,TAMPA,,33607,03262026,,NORTHWEST REGISTERED AGENT LLC,ST. PETERSBURG,FL,,,,,,,20260403_corporate.txt
L26000176136,BARRANCO TRIM & FINISH CARPENTRY LLC,A,FLAL,3601 KERNAN BLVD S,2015,JACKSONVILLE,,32224,03262026,,BARRANCO BAEZ       DANIEL,JACKSONVILLE,FL,MGR,BARRANCO BAEZ       DANIEL,,,,,20260403_corporate.txt
L26000176146,"BROTHERS METAL CREATIONS, LLC",A,FLAL,3203 NE 14TH PL,,CAPE CORAL,,33909,03202026,,OLIVA FERNANDEZ     YOSMANY,CAPE CORAL,FL,AMBR,OLIVA FERNANDEZ     YOSMANY,,,,,20260403_corporate.txt
L26000176156,PROCLEAN SUPREME LLC,A,FLAL,1150 NW 79TH ST,4-309,MIAMI,,33150,03262026,,ESTRADA             MARIA,MIAMI,FL,MGR,ESTRADA             MARIA         Y,,,,,20260403_corporate.txt
M26000005246,LY INFINITY VERO BEACH OPERATIONS LLC,A,FORL,"170 MEETING ST., STE. 110",,CHARLESTON,,29401,04022026,415263215,CORPORATION SERVICE COMPANY,TALLAHASSEE,FL,CEO,LEVESQUE            STEVEN,,,,,20260403_corporate.txt
L26000176166,"ACONDO INDUSTRY, LLC",A,FLAL,2 MONTEREY POINTE DRIVE,,PALM BEACH GARDENS,,33418,03262026,,PIRAGIC             JANA,PALM BEACH GARDENS,FL,MGR,PIRAGIC             SANJIN,,,,,20260403_corporate.txt
L26000176176,SUPER COOL & HEAT LLC,A,FLAL,3081 NW 2ND STREET,,OKEECHOBEE,,34972,03262026,,BUSTOS              NOE,OKEECHOBEE,FL,MGR,CASTALLEJA          KRYSTAL,AP,AGUIRRE             ANGELA,AR,BUSTOS              NOE,20260403_corporate.txt
L26000176186,ELEVARE ROOT MEDICAL LLC,A,FLAL,1616 W CAPE CORAL PKWY,SUITE 102 PMB 1012,CAPE CORAL,,33914,03262026,,NEWMAN              TAYLOR,ST. PETERSBURG,FL,AMBR,ROMAN               YOLISA         APRN,,,,,20260403_corporate.txt
L26000176196,QUALITY LIQUIDATORS LLC,A,FLAL,21313 ESTERO PALM WAY,,ESTERO,,33928,03262026,,MILLER              DONNA         AMRS.,ESTERO,FL,MGR,MILLER              MICHAEL       JMR.,,,,,20260403_corporate.txt
L26000176206,"MARY DUVALL, LLC",A,FLAL,15740 BRIDGEWATER CLUB BLVD,,CARMEL,,46033,03262026,,DUVALL              MARY,VENICE,FL,MGR,DUVALL              MARY,,,,,20260403_corporate.txt
L26000176216,ATLAS TRANS SERVICES LLC,A,FLAL,11026 63RD AVE,,SEMINOLE,,33772,03262026,,BACI                EMIL,SEMINOLE,FL,MGR,BACI                EMIL,,,,,20260403_corporate.txt
L26000176226,"AMERICAN MADE SPORT FISHING, LLC",A,FLAL,3281 SEVILLE DRIVE,,PENSACOLA,,32503,03262026,,LAUTER              PETE,PENSACOLA,FL,MGRM,MCMAHON III         DONALD,,,,,20260403_corporate.txt
L26000176236,FUNKYTUNA.AI LLC,A,FLAL,7901 4TH ST N STE 300,,ST. PETERSBURG,,33702,03262026,,REGISTERED AGENTS INC,ST. PETERSBURG,FL,AMBR,WILLIAMS            ADRIAN,,,,,20260403_corporate.txt
L26000176246,AESTHETICS ROOMS LLC,A,FLAL,5761 S ORANGE BLOSSOM TRAIL,SUITE 3,ORLANDO,,32839,03272026,,LEMUS               NATALI        Y,ORLANDO,FL,AMBR,LEMUS               NATALI        Y,,,,,20260403_corporate.txt
L26000176256,YAND MEDICAL CONSULTING LLC,A,FLAL,1023 NW 87TH TERRACE,,GAINESVILLE,,32606,03262026,,HORNE               PATRICK       M,GAINESVILLE,FL,MGR,HORNE               MELISSA       A,,,,,20260403_corporate.txt
L26000176266,"JMRE WESTCHESTER CROSSING, LLC",A,FLAL,900 SOUTH PINE ISLAND ROAD,,PLANTATION,,33324,04022026,,"PBYA CORPORATE SERVICES, LLC",FORT LAUDERDALE,FL,MGR,JM REAL ASSETS LLC,,,,,20260403_corporate.txt
L26000176276,CAPTIVATE FEDERAL LLC,A,FLAL,217N HOWARD AVENUE STE 200,,TAMPA,,33606,04022026,,"NRAI SERVICES, INC",PLANTATION,FL,MGR,GAGAGLIANO          PAUL,,,,,20260403_corporate.txt
L26000176286,VIGUMA CLEANING SERVICE LLC,A,FLAL,6960 NORTON AVENUE,,COTUI,,33405,03262026,,NORTHWEST REGISTERED AGENT LLC,ST PETERSBURG,FL,AMBR,RIVAS PAULINO       LUZ,,,,,20260403_corporate.txt
L26000176296,DAISY AND DOPPIO LLC,A,FLAL,8819 RIVERLACHEN WAY,,RIVERVIEW,,33578,03262026,,STAKEY              WHITNEY       P,RIVERVIEW,FL,MGR,STAKEY              WHITNEY       P,,,,,20260403_corporate.txt
L26000176306,EPC MANAGEMENTS LLC,A,FLAL,10838 NORTH KENDALL DRIVE,,MIAMI,,33176,03262026,,CELSO               EMANUELE,MIAMI,FL,AMBR,CELSO               EMANUELE,AMBR,CELSO               RITA,,,20260403_corporate.txt
L26000176316,TALENTRA LLC,A,FLAL,4751 W. LYNN RD,,MILTON,,32583,03262026,,KIRKEENG            TABETHA,MILTON,FL,AMBR,KIRKEENG            TABETHA,,,,,20260403_corporate.txt
L26000176326,KSH SERVICES LLC,A,FLAL,7901 4TH ST N STE 300,,ST. PETERSBURG,,33702,03262026,,NORTHWEST REGISTERED AGENT LLC,ST. PETERSBURG,FL,,,,,,,20260403_corporate.txt
L26000176336,ALLIGATOR CAMP ST. PETE LLC,A,FLAL,2937 CENTRAL AVE.,,ST. PETERSBURG,,33713,03262026,,VARGUS              RYAN,ST. PETERSBURG,FL,MGR,VARGUS              RYAN,,,,,20260403_corporate.txt
L26000176346,"CLARESSA SHIELDS PROMOTIONS, L.L.C.",A,FLAL,11086 MISTY RIDGE WAY,,BOYNTON BEACH,,33473,03262026,,SLUTSKER            DAVID         A,BOYNTON BEACH,FL,VP,SLUTSKER            DAVID         A,,,,,20260403_corporate.txt
L26000176356,"TRIPLE A ADVISORS, LLC",A,FLAL,301 ALTARA AVE,PH901,CORAL GABLES,,33146,03302026,,"ARMAFI INTERNATIONAL, INC",CORAL GABLES,FL,AMBR,"ARMAFI INTERNATIONAL, INC",AMBR,"MINT FIELDS, INC",AMBR,"FINACERO, LLC",20260403_corporate.txt
L26000176366,FOCUSED HOLDINGS LLC,A,FLAL,3031 N ROCKY POINT DR W,SUITE 600,TAMPA,,33607,03262026,,FASSLER             STEVEN        M,SARASOTA,FL,MGR,FASSLER             STEVEN        M,,,,,20260403_corporate.txt
L26000176376,"INTEGRATED HSEQ & CSR SOLUTIONS, LLC",A,FLAL,3101 SW 18TH ST,,MIAMI,,33145,03262026,,INC AUTHORITY RA,ORLANDO,FL,MGR,BUNAY               JUAN,,,,,20260403_corporate.txt
L26000176386,VONSHINE ASSISTANCE LLC,A,FLAL,2616 MISSION RD APT 51,,TALLAHASSEE,,32304,04012025,,WILLIAMS            VONTERICA,TALLAHASSEE,FL,MGR,WILLIAMS            VONTERICA,,,,,20260403_corporate.txt
L26000176396,MYNDX LLC,A,FLAL,1041 S PARK RD,APT 312,HOLLYWOOD,,33021,03262026,,RODRIGUEZ VARGAS    DAVID         A,HOLLYWOOD,FL,MGR,RODRIGUEZ VARGAS    DAVID         A,,,,,20260403_corporate.txt
L26000176406,"ASHA JEWELRY,LLC.",A,FLAL,18233 SW 139TH CT,,MIAMI,,33177,03262026,,ALEMAN SANCHEZ      DARWIN        S,MIAMI,FL,AMBR,ALEMAN SANCHEZ      DARWIN        S,,,,,20260403_corporate.txt
L26000176416,"PERSONAWATCH, LLC",A,FLAL,14550 SOUTHWEST 81ST AVENUE,,PALMETTO BAY,,33158,03202026,,SOLIS               NICOLAS,PALMETTO BAY,FL,MGR,SOLIS               NICOLAS,MGR,SOLIS               DAVID,MGR,AGUAS               JULIA,20260403_corporate.txt
L26000176426,EDENY CAR SHOP LLC,A,FLAL,5835 BARRY LN,,TAMPA,,33634,03262026,,SANCHEZ             EDENY         A,TAMPA,FL,MGR,SANCHEZ             EDENY         A,,,,,20260403_corporate.txt
L26000176436,"MJ CELESTIAL BEAUTY AND WELLNESS, LLC",A,FLAL,880 3RD AVE S,,ST. PETERSBURG,,33701,03262026,,INC AUTHORITY RA,ORLANDO,FL,MGR,PEREZ               MIA,,,,,20260403_corporate.txt
L26000176446,HATTON HEALTH LLC,A,FLAL,7901 4TH ST N STE 300,,ST. PETERSBURG,,33702,03262026,,NORTHWEST REGISTERED AGENT LLC,ST. PETERSBURG,FL,AMBR,HATTON              DIANA,,,,,20260403_corporate.txt
F26000001996,SADODRA GAAM USA GROUP CORP,A,FORNP,732 S 6TH ST.,,LAS VEGAS,,89101,04032026,,PATEL               AAKASH,TALLAHASSEE,FL,D,PATEL               ALPESH,S,PATEL               AAKASH,P,PATEL               NIMESH,20260403_corporate.txt
L26000176456,444 RUTH LLC,A,FLAL,8084 XENIA LN,,NAPLES,,34114,03262026,,JOHANINGSMEIR       RUTH,NAPLES,FL,MGR,JOHANINGSMEIR       RUTH,,,,,20260403_corporate.txt
L26000176466,CAIPIRA TRUCKING LLC,A,FLAL,15888 SW 95 AVE,APT 206,MIAMI,,33157,03262026,,MACEDO              RODRIGO       D,MIAMI,FL,AMBR,MACEDO              RODRIGO       D,,,,,20260403_corporate.txt
L26000176476,AMORES WRAPPING SERVICES LLC,A,FLAL,7901 4TH ST N STE 300,,ST. PETERSBURG,,33702,03262026,,NORTHWEST REGISTERED AGENT LLC,ST. PETERSBURG,FL,AMBR,AMORESS             BRAYAN,AMBR,AMORES              EFRAIN,,,20260403_corporate.txt
L26000176486,"CARISSA WALLACE, LLC",A,FLAL,11707 TETRAFIN DRIVE,,RIVERVIEW,,33579,03262026,,WALLACE             CARISSA,RIVERVIEW,FL,MGR,WALLACE             CARISSA,,,,,20260403_corporate.txt
L26000176496,VEYA BOTANICA LLC,A,FLAL,1932 HERON CLUB DR,APT 209,"DELRAY BEACH,",,33445,03262026,,SAPOVALA KAZIJEVA   ANNA,"DELRAY BEACH,",FL,MGR,SAPOVALA KAZIJEVA   ANNA,,,,,20260403_corporate.txt
L26000176506,SRG STRATEGY USA LLC,A,FLAL,5010 NE 2ND AVE,205,MIAMI,,33137,03262026,,FALVEY              DILLON        L,MIAMI,FL,MGR,FALVEY              DILLON        L,,,,,20260403_corporate.txt
L26000176516,NATIONAL EQUITY PARTNERS LLC,A,FLAL,3532 WEST 105TH STREET 33018,,HIALEAH,,33018,03262026,,MARQUEZ             ZEREK,HIALEAH,FL,MGR,MARQUEZ             ZEREK,,,,,20260403_corporate.txt
L26000176526,GOJU GOURMET JUNK LLC,A,FLAL,3150 LEEWOOD TERRACE,APT # L-126,BOCA RATON,,33431,03262026,,YARANGUMELIOGLU     AHMET,BOCA RATON,FL,MGR,YARANGUMELIOGLU     MEHMET,,,,,20260403_corporate.txt
L26000176536,ARTFUL GATHERINGS LLC,A,FLAL,1245 WALKER RD,,LAKELAND,,33810,04012026,,WALTERS             KIMBERLY,LAKELAND,FL,MGR,WALTERS             KIMBERLY      A,,,,,20260403_corporate.txt
L26000176546,"MANAGED WELL SERVICES, LLC",A,FLAL,937 NW 3RD AVENUE,,MIAMI,,33136,03212026,,"CONSULT WITH LEGACY, LLC",MIAMI,FL,AR,WORLDVIEW GROUP LLC,,,,,20260403_corporate.txt
L26000176556,THE CANJUN COMPASS LLC,A,FLAL,10031 NW 60TH COURT,,PARKLAND,,33076,03262026,,VERDI               VICTOR,PARKLAND,FL,AMBR,GAUCI III           ROBERT        E,AMBR,GOIN                BELINDA       L,,,20260403_corporate.txt
L26000176566,"TAP MARINE, LLC",A,FLAL,29020 S. DIXIE HIGHWAY,,HOMESTEAD,,33033,04022026,415284794,ZIMMERMAN           DANIELLE,HOMESTEAD,FL,MGR,"PARKWAY AUTO SALES AND SERVICES, LLC",,,,,20260403_corporate.txt
L26000176576,EH INVESTMENT HOLDINGS LLC,A,FLAL,472 S ROYAL POINCIANA BOULEVARD,,MIAMI,,33166,03212026,,HERNANDEZ           ELBIS,MIAMI,FL,MGR,HERNANDEZ           ELBIS,,,,,20260403_corporate.txt
L26000176586,DALIA ECHEVARRIA SERVICES LLC,A,FLAL,18621 SW 122ND CT,,MIAMI,,33177,03262026,,ECHEVARRIA MARTINEZ DALIA,MIAMI,FL,AMBR,ECHEVARRIA MARTINEZ DALIA,,,,,20260403_corporate.txt
L26000176596,VARGAS SOUTHERN SERVICES LLC,A,FLAL,7901 4TH ST N,STE 300,ST. PETERSBURG,,33702,03262026,,REGISTERED AGENTS INC,ST. PETERSBURG,FL,AMBR,VARGAS              ANGEL,,,,,20260403_corporate.txt
L26000176606,"LMH DOVE, LLC",A,FLAL,2987 ALVA TERRACE,,THE VILLAGES,,32163,03212026,,"MILLHORN ELDER LAW PLANNING GROUP, PLLC",WILDWOOD,FL,MGR,HEGLIN              LAWRENCE      M,,,,,20260403_corporate.txt
L26000176616,MI BAKES CAKES LLC,A,FLAL,6090 GLORY BOWER DR,,WINTER GARDEN,,34787,03262026,,SILVA               MICHELE,WINTER GARDEN,FL,AMBR,SILVA               MICHELE,,,,,20260403_corporate.txt
L26000176626,CASHMERE LASHES LLC,A,FLAL,19472 DAKOTA COURT,,BOCA RATON,,33434,03262026,,MALGREEN            OXANA,BOCA RATON,FL,MGR,MALGREEN            OXANA,AMBR,MALGREEN            EUGENE,,,20260403_corporate.txt
L26000176636,KENNYS SPEED SHOP AND TRAILER REPAIR LLC,A,FLAL,27 WHEATFIELD DR,,PALM COAST,,32164,03272026,,KIRBY               KENNETH       ENA,PALM COAST,FL,AP,KIRBY               KENNETH       E,AP,POWELL              DANA          M,,,20260403_corporate.txt
L26000176646,PALM SHORES LAND PO LLC,A,FLAL,18851 NE 29TH AVE,STE 905,AVENTURA,,33180,03262026,,BAUM                LARRY,AVENTURA,FL,MGR,BAUM                LARRY,MGR,SZERER              ROBERTO,MGR,STELLAR LAND FUND I LLC,20260403_corporate.txt
L26000176656,CLUBHOUSE VENTURES LLC,A,FLAL,435 21ST STREET,105,MIAMI BEACH,,33313-9,03262026,,GETSON              ELI,MIAMI BEACH,FL,AMBR,GETSON              ELI,AR,BERGMAN             MATTHEW,,,20260403_corporate.txt
L26000176666,P1 GARAGE TOWNHOMES LLC,A,FLAL,24101 OKEECHOBEE RD,,PORT ST. LUCIE,,34987,03262026,,FETTERMAN LAW PLLC,PALM CITY,FL,MGR,STRAUS              ARIEH,,,,,20260403_corporate.txt
P26000017566,H&H WOODWORK & CLEANING INC.,A,DOMP,826 SW 13TH CT,,MIAMI,,33135,04012026,,ROMERO MONTENEGRO   HELDER        J,MIAMI,FL,P,ROMERO MONTENEGRO   HELDER        J,,,,,20260403_corporate.txt
L26000176676,AD MAGIC TOUCH CLEANING LLC,A,FLAL,6970 NW 186TH ST,APT 301,HIALEAH,,33015,03262026,,PEREZ RIVERON       DAMARIS,HIALEAH,FL,MGR,PEREZ RIVERON       DAMARIS,,,,,20260403_corporate.txt
M26000005256,"AEG FUND 1, LLC",A,FORL,2375 OAKMONT WAY,,EUGENE,,97401,04032026,,FADER               MICHAEL,JACKSONVILLE,FL,MBR,PROULX              MICHAEL,,,,,20260403_corporate.txt
L26000176686,SUMMIT ST PROPERTIES 4 LLC,A,FLAL,188 LOMOND CT,,ST AUGUSTINE,,32095,03252026,,"SUMMIT ST PROPERTIES, LLC",ST AUGUSTINE,FL,MGR,"SUMMIT ST PROPERTIES, LLC",,,,,20260403_corporate.txt
L26000176696,"E2L TN NASHVILLE VA MGMT, LLC",A,FLAL,549 N WYMORE ROAD,SUITE 106A,MAITLAND,,32751,03262026,,HEFFERIN            MARK,MAITLAND,FL,MGR,HEFFERIN            MARK,MBR,HEFFERIN            NICHOLAS,,,20260403_corporate.txt
L26000176706,M&M PRECISION SERVICES  LLC,A,FLAL,1310 W 29TH ST APT 16,,HIALEAH,,33012,03262026,,LEYVA GONZALEZ      MAIKEL,HIALEAH,FL,MGR,LEYVA GONZALEZ      MAIKEL,MGR,QUIJANO DE LA TORRE MARIA         T,,,20260403_corporate.txt
L26000176716,"2420 NE 7 AVE, LLC",A,FLAL,203 DIXIE BLVD,,DELRAY BEACH,,33444,03262026,,CARABALLO           RAMON         E,DELRAY BEACH,FL,MGR,CARABALLO           RAMON         E,,,,,20260403_corporate.txt
L26000176726,VIDACARE HEALTH SERVICES LLC,A,FLAL,15990 NE 19TH PL,,NORTH MIAMI BEACH,,33162,03262026,,PEREZ               DAIRELYS,NORTH MIAMI BEACH,FL,MGR,PEREZ PEREZ         DAIRELYS,MGR,PEREZ PRIETO        DAINELYS,MGR,PRIETO TRASANCO     IRAIDA,20260403_corporate.txt
L26000176736,JF  GARAGE DOOR SERVICE LLC,A,FLAL,503 NW 2ND AVE,,CAPE CORAL,,33993,03262026,,FERNANDEZ           JOSE,CAPE CORAL,FL,MGR,FERNANDEZ           JOSE,,,,,20260403_corporate.txt
L26000176746,A.PAREDES COMPANY LLC,A,FLAL,3021 NW 7 TH CT,,FORT LAUDERDALE,,33311,03262026,,PAREDES CHACON      ALBERTO,FORT LAUDERDALE,FL,MGR,PAREDES CHACON      ALBERTO,,,,,20260403_corporate.txt
L26000176756,DEUNI ELECTRICI@N LLC,A,FLAL,1745 SANS SOUCI BLVD,201,NORTH MIAMI,,33181,03262026,,RAMOS               BLANCA        M,DORAL,FL,MGR,QUINTERO            DEUNI         S,,,,,20260403_corporate.txt
L26000176766,SEEDFALL STUDIOS LLC,A,FLAL,12575 HWY A1A,,VERO BEACH,,32963,03262026,,ASSAF               OLIVIA,VERO BEACH,FL,MMGR,ASSAF               OLIVIA,,,,,20260403_corporate.txt
L26000175077,POCKET CHANGE FISHING CHARTERS L.L.C,A,FLAL,1016 LAKE DEESON PT,,LAKELAND,,33805,03262026,,CORCELLA            ANTHONY        III,LAKELAND,FL,,,,,,,20260403_corporate.txt
L26000175087,AROMAS OF ROYALTY LLC,A,FLAL,1708 E JEAN STREET,,TAMPA,,33610,04012026,,NOEL                MARGARET      A,TAMPA,FL,AR,NOEL                MARGARET      A,,,,,20260403_corporate.txt
L26000175097,TERRY AND ASHLEY LLC,A,FLAL,377 N POINT CT,,SATELLITE BEACH,,32937,03262026,,HOUSTON LAW PLLC,NORTH PALM BEACH,FL,MGR,MCCONNELL           DIANE,,,,,20260403_corporate.txt
L26000175107,FORGIVEN BRANDS  LLC,A,FLAL,7901 4TH ST N STE 300,,ST. PETERSBURG,,33702,03262026,,NORTHWEST REGISTERED AGENT LLC,ST. PETERSBURG,FL,,,,,,,20260403_corporate.txt
L26000175117,"BANNER DRYWALL & HOME SOLUTIONS, LLC",A,FLAL,30641 EDGEWOOD ST,,SORRENTO,,32776,03272026,,BANNER              WESLEY        C,SORRENTO,FL,MGR,MANDL               ASHLEY        M,,,,,20260403_corporate.txt
L26000175127,KURMA SOLARIS LLC,A,FLAL,133 NE 2ND AVE APT 3309,,MIAMI,,33132,03262026,,"LEGALZOOM USCA, INC.",FORT LAUDERDALE,FL,MGR,JENKINS             STEVEN        T,,,,,20260403_corporate.txt
L26000175137,TERRASIGHT HOLDINGS LLC,A,FLAL,7901 4TH ST N STE 300,,ST. PETERSBURG,,33702,03262026,,NORTHWEST REGISTERED AGENT LLC,ST. PETERSBURG,FL,,,,,,,20260403_corporate.txt
L26000175147,YJKTRADING LLC,A,FLAL,7901 4TH ST N STE 300,,ST. PETERSBURG,,33702,03262026,,NORTHWEST REGISTERED AGENT LLC,ST. PETERSBURG,FL,AMBR,KLEPAK              YANNI,,,,,20260403_corporate.txt
L26000175157,SUNSHINE SNOW CONES LLC,A,FLAL,7901 4TH ST N STE 300,,ST. PETERSBURG,,33702,03262026,,NORTHWEST REGISTERED AGENT LLC,ST. PETERSBURG,FL,AMBR,MCDANIEL            RICHARD,,,,,20260403_corporate.txt
L26000175167,DAVLYTICS LLC,A,FLAL,7901 4TH ST N STE 300,,ST. PETERSBURG,,33702,03262026,,NORTHWEST REGISTERED AGENT LLC,ST. PETERSBURG,FL,MGR,DAVILA PASTO        ROLANDO,,,,,20260403_corporate.txt
L26000175177,POINT POLISH CLEANERS LLC,A,FLAL,1225 W BEAVER ST,,JACKSONVILLE FLORIDA,,32204,03242026,,STEPNEY             QUENTIN,JACKSONVILLE,FL,AMBR,STEPNEY             QUENTIN       A,,,,,20260403_corporate.txt
L26000175187,RESCATE RP LLC,A,FLAL,8129 PATTERSON FOX DR,16207,ORLANDO,,32821,03262026,,POLEO RICO          ROMAN,ORLANDO,FL,AR,POLEO RICO          ROMAN         R,,,,,20260403_corporate.txt
L26000175197,ELEVATE RE DEVELOPMENT LLC,A,FLAL,11518 NAVEL ORANGE WAY,,TAMPA,,33626,03192026,,PRIMELY TAX LLC,ORLANDO,FL,AMBR,GGP VENTURES LLC,AMBR,B3 USA LLC,,,20260403_corporate.txt
L26000175207,WILD BLUE WANDERERS LLC,A,FLAL,7901 4TH ST N,STE 300,ST. PETERSBURG,,33702,03262026,,NORTHWEST REGISTERED AGENT LLC,ST. PETERSBURG,FL,,,,,,,20260403_corporate.txt
L26000175217,POLICY PLAYBOOK LLC,A,FLAL,3137 SAN JOSE STREET,,CLEARWATER,,33759,03262026,,CORONEL             ANGEL,CLEARWATER,FL,AMBR,CORONEL             ANGEL,,,,,20260403_corporate.txt
L26000175227,MB FARRAJ HOLDINGS LLC,A,FLAL,4700 SW 160TH AVE,APT 419,MIRAMAR,,33027,03262026,,FARRAJ              BASIL         M,MIRAMAR,FL,AMBR,FARRAJ              BASIL         M,,,,,20260403_corporate.txt
L26000175237,ABAV LOW VOLTAGE SERVICES LIMITED LIABILTY COMPANY,A,FLAL,604 STOCKS ST,,ATLANTIC BEACH,,32233,03262026,,EBERHARDT           JAMES         D,ATLANTIC BEACH,FL,MGR,EBERHARDT           JAMES         D,,,,,20260403_corporate.txt
L26000175247,FELIS LEO PROPERTY LLC,A,FLAL,225 E ROBINSON STREET,STE 220,ORLANDO,,32801,03262026,,CORPORATE AGENT ALLIANCE LLC,ORLANDO,FL,MGR,DELBEN SILVA        ANDRE PAULO,MGR,REBOUCAS DE MELO    RAFAEL,MGR,PEDREIRA MAGALHAES  VICTOR,20260403_corporate.txt
L26000175257,BOSIC CONSULTING GROUP LLC,A,FLAL,434 SKINNER BLVD,205,DUNEDIN,,34698,03262026,,BOSIC               ROBERT        DIII,DUNEDIN,FL,AR,BOSIC               ROBERT        DIII,,,,,20260403_corporate.txt
M26000005207,DELLA CAMERA AMERICA LLC,A,FORL,8635 W SAHARA AVE #220,,LAS VEGAS,,89117,04032026,616485732,GENUSA LLC,MIAMI,FL,MGR,MEJIA               ELIANA,MGR,CATALANI            MARCO,MGR,CATALANI            CLAUDIO,20260403_corporate.txt
L26000175267,MIGUEL ASTIAZ MULTISERVICES LLC,A,FLAL,6364 E 5TH AVE,,HIALEAH,,33013,03272026,,ASTIAZARAIN DIAZ    MIGUEL ORLANDO,HIALEAH,FL,MGR,ASTIAZARAIN DIAZ    MIGUEL ORLANDO,,,,,20260403_corporate.txt
L26000175277,"X HEALTH AGENCY, LLC",A,FLAL,321 NORTHLAKE BOULEVARD,,NORTH PALM BEACH,,33408,03262026,,ZUCKERBERG          MICHAEL       D,WEST PALM BEACH,FL,AMBR,DASHTIZADEH         ANTHONY       K,AMBR,ZUCKERBERG          MICHAEL       D,,,20260403_corporate.txt
L26000175287,DUQUINI TRANSPORTATION L.L.C,A,FLAL,4261 24TH AVE NE,,NAPLES,,34120,05262026,,VANTE               DUQUINI,NAPLES,FL,MGR,DUQUINI VANTE,,,,,20260403_corporate.txt
L26000175297,DINORA DREAM DECOR LLC,A,FLAL,918 E 28TH AVE,,TAMPA,,33605,03262026,,CASTELLANOS PAZ     INGRID        D,TAMPA,FL,AMBR,CASTELLANOS PAZ     INGRID        D,,,,,20260403_corporate.txt
L26000175307,K&O DYNAMIC DUO LLC,A,FLAL,2630 WEST BROWARD BOULEVARD,,FORT LAUDERDALE,,33312,03262026,,PHILIUS             KETHLIE,NORTH LAUDERDALE,FL,AMBR,PHILIUS             KETHLIE,AMBR,RAMEAU              OLIVIER,,,20260403_corporate.txt
L26000175317,DEL VALLE ADMIN SERVICES LLC,A,FLAL,770 E 57 ST,,HIALEAH,,33013,03262026,,DEL VALLE           LUIS,HIALEAH,FL,AMBR,DEL VALLE           LUIS,,,,,20260403_corporate.txt
L26000175327,SCEPTRUM ET MANUS JUSTITIAE PROPERTY LLC,A,FLAL,225 E ROBINSON STREET,STE 220,ORLANDO,,32801,03262026,,CORPORATE AGENT ALLIANCE LLC,ORLANDO,FL,MGR,DELBEN SILVA        ANDRE PAULO,MGR,REBOUCAS DE MELO    RAFAEL,MGR,PEDREIRA MAGALHAES  VICTOR,20260403_corporate.txt
L26000175337,LEV ACUPUNCTURE PLLC,A,FLAL,252 SUNNY ISLES BLVD,UNIT 101,SUNNY ISLES BEACH,,33160,03262026,,LOGMAN              IRINA,SUNNY ISLES BEACH,FL,AMBR,LOGMAN              IRINA,,,,,20260403_corporate.txt
N26000004527,THE ELEUTHERA ISLAND DEVELOPMENT FOUNDATION INC.,A,DOMNP,301 W ATLANTIC AVE STE 0-5,,DELRAY BEACH,,33444,04022026,,REGISTERED AGENTS INC.,ST PETERSBERG,FL,DP,SANDS               CHANDRA,DVP,MONROE              TERRY,DT,GASKINS             JOSEPH         JR,20260403_corporate.txt
P26000017387,YENILUNA PROFESSIONAL SERVICESS CORP,A,DOMP,3561 SW 117 AVE APT 304,,MIAMI,,33175,04022026,,DEL TORO            AYLLENIS,MIAMI,FL,P,DEL TORO            AYLLENIS,,,,,20260403_corporate.txt
L26000175347,CACALIA HOME LLC,A,FLAL,11489 WEST CORNFLOWER DRIVE,,CRYSTAL RIVER,,34428,03262026,,ZENBUSINESS INC.,TALLAHASSEE,FL,AMBR,WISER               VANESSA       A,AMBR,WISER               JASON         P,,,20260403_corporate.txt
L26000175357,"WCLD RESOURCES, LLC",A,FLAL,13463 BONICA WAY,,WINDERMERE,,34786,03262026,,ZENBUSINESS INC.,TALLAHASSEE,FL,AMBR,YOWELL              CHARLES,,,,,20260403_corporate.txt
L26000175367,"THE BOTTLE CADDY, LLC",A,FLAL,2519 FILLMORE STREET,,HOLLYWOOD,,33020,03262026,,RINDOM              ROY,HOLLYWOOD,FL,AR,RINDOM              ROY,,,,,20260403_corporate.txt
L26000175377,RONRIC-MGMT LLC,A,FLAL,1911 LAKE ALDEN DRIVE,,APOPKA,,32712,03262026,,ZENBUSINESS INC.,TALLAHASSEE,FL,AMBR,WELLS               TERRYL,AMBR,WELLS               STEPHEN,,,20260403_corporate.txt
L26000175387,ANOLIA INVESTMENTS LLC,A,FLAL,8523 S D ST,,LAKE WORTH,,33460,03262026,,CEPEDA              ALBERTO       N,LAKE WORTH,FL,MGR,CEPEDA              ALBERTO       N,,,,,20260403_corporate.txt
P26000017397,AMS TAMPA BAY INC.,A,DOMP,6334 118 AVENUE N,,LARGO,,33773,04022026,,GETGEN              LARRY         W,ST. PETERSBURG,FL,D,GETGEN              LARRY         W,,,,,20260403_corporate.txt
L26000175397,TWOL LLC,A,FLAL,8116 MIZNER LANE,,BOCA RATON,,33433,03262026,,ZENBUSINESS INC.,TALLAHASSEE,FL,AMBR,STANKOVIK           ZARKO,,,,,20260403_corporate.txt
L26000175407,ROCKET WASH FL LLC,A,FLAL,820 N ATLANTIC AVE,A101,COCOA BEACH,,32931,03262026,,ZENBUSINESS INC.,TALLAHASSEE,FL,AMBR,WASH                ROCKET,,,,,20260403_corporate.txt
L26000175417,XUANDUO LLC,A,FLAL,8617 DOVER OAKS COURT,,ORLANDO,,32836,03262026,,ZENBUSINESS INC.,TALLAHASSEE,FL,AMBR,HUANG               YUXUAN,,,,,20260403_corporate.txt
P26000017407,SYNDEW TECHNOLOGY INC,A,DOMP,"7901 4TH ST N, STE 300",,ST. PETERSBURG,,33702,04022026,,REGISTERED AGENTS INC,ST. PETERSBURG,FL,DST,ODEYALE             AKINKUNMI,PRES,ODEYALE             AKINKUNMI,,,20260403_corporate.txt
L26000175427,"ONE MORE PROPERTIES, LLC",A,FLAL,1220 LAFAYETTE STREET,,CAPE CORAL,,33904,03262026,,KIMMES              TODD          M,CAPE CORAL,FL,MGR,KIMMES              TODD          M,,,,,20260403_corporate.txt
L26000175437,1710 CALYPSO 3 LLC,A,FLAL,2997 COBB PARKWAY SE,UNIT 723394,ATLANTA,,31139,03262026,,THRIFT MCLEMORE LLC,FT LAUDERDALE,FL,,,,,,,20260403_corporate.txt
N26000004537,"SOMAYYA COMMUNITY FOUNDATION, INC.",A,DOMNP,1016 CHANLER DRIVE,,HAINES CITY,,33844,03272026,,ELGANAINY           SOMAYYA       M,HAINES CITY,FL,P,ELGANAINY           SOMAYYA       M,VP,ELSHARKAWY          YASSIN        A,SEC,IBRAHIM             AHMED         H,20260403_corporate.txt
L26000175447,CARTER PROFESSIONAL CLEANING SERVICES L.L.C.,A,FLAL,660 NORTHWEST 20TH AVENUE,,POMPANO BEACH,,33069,03262026,,ZENBUSINESS INC.,TALLAHASSEE,FL,AMBR,CARTER              YVETTE,,,,,20260403_corporate.txt
P26000017417,ALLSTATES ELITE TRADESMEN INC,A,DOMP,220 PRIMO DR,,FORT MYERS BEACH,,33931,03272026,,CHAMPLIN            SARA,FORT MYERS BEACH,FL,,,,,,,20260403_corporate.txt
P26000017427,PJIHUWW INC,A,DOMP,5635 CYPRESS CIR,,TALLAHASSEE,,32303,03272026,,SPENCER             KEIRA,TALLAHASSEE,FL,PDST,SPENCER             KEIRA,,,,,20260403_corporate.txt
L26000175457,ALELUYA TECHNOLOGIES LLC,A,FLAL,18464 TAPESTRY LAKE CIRCLE,302,LUTZ,,33548,03262026,,PIMENTEL            RAFAEL,LUTZ,FL,AR,PIMENTEL            RAFAEL,,,,,20260403_corporate.txt
P26000017437,ANPPHZ INC,A,DOMP,1707 SE 2ND TER,,CAPE CORAL,,33990,03272026,,PARNELL             BRANDY,CAPE CORAL,FL,PDST,PARNELL             BRANDY,,,,,20260403_corporate.txt
L26000175467,VIR 25 LLC,A,FLAL,4375 SOUTHSIDE BLVD,SUITE 7,JACKSONVILLE,,32216,03272026,,KAPUR               MOHNISH        MEMBER,JACKSONVILLE,FL,MGR,KAPUR               MOHNISH,,,,,20260403_corporate.txt
P26000017447,MEGA 105 CORP.,A,DOMP,4812 E. BUSCH BLVD.,,TAMPA,,33617,04012026,,HIZAM               MOGEEB        R,TAMPA,FL,PRES,HIZAM               MOGEEB,,,,,20260403_corporate.txt
L26000175477,CEDAR KEY VENTURES LLC,A,FLAL,414 PALERMO AVENUE,,CORAL GABLES,,33134,03262026,,VELIZ & ASSOCIATES PA,CORAL GABLES,FL,MGR,RODRIGUEZ           MARIO,MGR,TASHMAN             AUDREY,,,20260403_corporate.txt
L26000175487,417 OAK LLC,A,FLAL,174 S. US HWY 17-92,,DEBARY,,32713,03262026,,MARETSKY            KEITH,DEBARY,FL,MGR,MARETSKY            KEITH,MBR,MARETSKY            DAVID,,,20260403_corporate.txt
P26000017457,LA DISTINTA BEAUTY LOUNGE LLC,A,DOMP,6513 PEMBROKE RD,,HOLLYWOOD,,33023,03272026,,IZAGUIRRE           DIANAIDYS,MIAMI GARDENS,FL,P,IZAGUIRRE           DIANAIDYS,VP,BELTRE              RAFAEL,,,20260403_corporate.txt
L26000175497,"AW INTEGRATED HEALTH CONSULTING, LLC",A,FLAL,11902 NORTHUMBERLAND DR,,TAMPA,,33626,03262026,,WAZWAZ              ALLAH,TAMPA,FL,MGR,WAZWAZ              ALLAH,,,,,20260403_corporate.txt
P26000017467,"BY POLAR NETWORK, INC.",A,DOMP,382 NE 191ST ST #856862,,MIAMI,,33179,03272026,,"LEGALZOOM USCA, INC.",FORT LAUDERDALE,FL,PD,BEARDEN             ROBERT,STD,MILLETTE            DANIEL,,,20260403_corporate.txt
L26000175507,VASQUEZ CONTRACTING SPECIALIZING IN ROOFING LLC,A,FLAL,3272 BREWSTER DR,,KISSIMMEE,,34743,03302026,,VASQUEZ AGUILAR     NELSON        A,KISSIMMEE,FL,AMBR,VASQUEZ AGUILAR     NELSON        A,,,,,20260403_corporate.txt
L26000175517,HIGHERUPSOCIETY L.L.C.,A,FLAL,6128 RALEIGH STREET,1108,ORLANDO,,32835,03262026,,ZENBUSINESS INC.,TALLAHASSEE,FL,AMBR,WRIGHT              JOSHUA,,,,,20260403_corporate.txt
L26000175527,JRGDC99 SERVICES LLC,A,FLAL,3980 SARNO RD,SUITE 102,MELBOURNE,,32934,03212026,,GEER                JAMES         R,PALM BAY,FL,MGRM,GEER                JAMES         R,,,,,20260403_corporate.txt
P26000017477,"SEMBLA AVIATION, INC",A,DOMP,18117 BISCAYNE BLVD,SUITE 2102,AVENTURA,,33160,03272026,,DTLBIZ,AVENTURA,FL,P,DE OLIVEIRA         FRANCISLENY   A,,,,,20260403_corporate.txt
L26000175537,GOOD WORX GLOBAL SOLUTIONS LLC,A,FLAL,405 CORNWALL CIRCLE,,PENSACOLA,,32514,03262026,,GRICE               DERRICK,PENSACOLA,FL,MGR,GRICE               BRITTANY      B,AR,GRICE               DERRICK       D,,,20260403_corporate.txt
P26000017487,"JENNIFERALDERMAN8823, INC.",A,DOMP,3225 AVIATION AVENUE,SUITE 400,MIAMI,,33133,04012026,,"FGH REGISTERED AGENT SERVICES, LLC",MIAMI,FL,P,ALDERMAN            JENNIFER,,,,,20260403_corporate.txt
P26000017497,LEH BEHAVIOR SERVICES CORP.,A,DOMP,1431 NE 11 TH ST,,HOMESTEAD,,33033,04042026,,EGUE HERNANDEZ      LILIANA,HOMESTEAD,FL,P,EGUE HERNANDEZ      LILIANA,,,,,20260403_corporate.txt
L26000175547,AGUSTIN RODRIGUEZ LLC,A,FLAL,13381 SW 86 AVENUE,,OCALA,,34473,03262026,,RODRIGUEZ           AGUSTIN,OCALA,FL,AR,ROMAN CARDONA       CARMEN        J,,,,,20260403_corporate.txt
N26000004547,SHOW YOUR SCARS FOUNDATION INC.,A,DOMNP,35 NE 16TH PLACE,,CAPE CORAL,,33909,03272026,,THOMAS              LATANUA,CAPE CORAL,FL,P,THOMAS              LATANUA,VP,FLOWERS             DESTINY,SEC,THOMAS              JAILAH,20260403_corporate.txt
F26000001987,WHITELIP INC.,A,FORP,"595 MARKET ST., STE. 1275",,SAN FRANCISCO,,94105,04022026,612291173,CORPORATION SERVICE COMPANY,TALLAHASSEE,FL,PD,HOLGERSSON          DANIEL,VPD,DAHLIN              ALBIN,SD,JUSERIUS            MAX,20260403_corporate.txt
L26000175557,"SIERRA JULIET AVIATION, LLC",A,FLAL,8791 SAINT LUCIA DRIVE,,NAPLES,,34114,03262026,,ASHTON              SCOTT,NAPLES,FL,AMBR,ASHTON              SCOTT         E,MGR,ASHTON              SARAH         A,,,20260403_corporate.txt
L26000175567,"SOTTER INTERIORS, LLC",A,FLAL,2009 14TH AVENUE,,VERO BEACH,,32960,03262026,,SOTTER              VICTORIA,VERO BEACH,FL,MGR,SOTTER              VICTORIA,MGR,SOTTER              CHRISTINE,MGR,SOTTER              SAMANTHA,20260403_corporate.txt
L26000175577,SUTTON-GRAY ENTERPRISES LLC,A,FLAL,210 AZALEA ST,,PANAMA CITY BEACH,,32407,03262026,,SUTTON              PATRICK       EJR.,PANAMA CITY BEACH,FL,MGR,SUTTON              PATRICK       EJR.,MGR,GRAY                BRITTANY,,,20260403_corporate.txt
L26000175587,BRAWNY'S DOJO LLC,A,FLAL,1025 OSCEOLA TRAIL,,CASSELBERRY,,32707,03262026,,MORRISON            NICHOLAS      PSR,CASSELBERRY,FL,MGR,MORRISON            HEATHER       D,,,,,20260403_corporate.txt
L26000175597,ART KENT DESIGN LLC,A,FLAL,3032 EAST COMMERCIAL BLVD.,,FORT LAUDERDALE,,33308,09252024,,TERBRACK            KENNETH,FORT LAUDERDALE,FL,AMBR,TERBRACK            KENNETH,,,,,20260403_corporate.txt
L26000175607,SARAPPAWRAPS LLC,A,FLAL,7145 MICHIGAN ISLE RD,,LAKE WORTH,,33467,03262026,,SARAPPA             JOHNLUKE,LAKE WORTH,FL,,,,,,,20260403_corporate.txt
M26000005217,LOBO MEIER CONSULTING LLC,A,FORL,4426 MIDDLE RIDGE DR,,FAIRFAX,,22033-3655,04022026,414203367,REGISTERED AGENTS INC,ST.PETERSBURG,FL,MBR,LOBO                RAFAEL,,,,,20260403_corporate.txt
L26000175617,"GREGARIOUS CIGARS HOLDINGS, LLC",A,FLAL,924 88TH STREET,,SURFSIDE,,33154,04012026,,COGENCY GLOBAL INC.,TALLAHASSEE,FL,MGR,NELSON              LINDEN        D,MGR,NELSON              SANFORD       E,,,20260403_corporate.txt
L26000175627,REINE COLLECTION LLC,A,FLAL,7901 4TH ST N STE 300,,ST. PETERSBURG,,33702,03262026,,NORTHWEST REGISTERED AGENT LLC,ST. PETERSBURG,FL,AMBR,FRANCOIS            REGINE,,,,,20260403_corporate.txt
N26000004557,CARE CONNECT PROJECTS INC,A,DOMNP,7345 OSPREY LANDING POINTE,,LAKELAND,,33813,03272026,,JOSEPH              MAMMEN,LAKELAND,FL,P,JOSEPH              MAMMEN,VP,JOSEPH              JOHN,S,GEEVARGHESE         GIBU,20260403_corporate.txt
L26000175637,DEEZ WIENERZ LLC,A,FLAL,34408 WESLEY CHAPEL BLVD,#628,WESLEY CHAPEL,,33543,03262026,,RAMOS               DAMARIS       R,WESLEY CHAPEL,FL,MGR,RAMOS               DAMARIS       R,,,,,20260403_corporate.txt
L26000175647,THE UNDERGROUND BASEMENT BAR LLC,A,FLAL,101 SE 2ND PLACE,100,GAINESVILLE,,32601,03262026,,TAVAREZ             VICTOR        M,GAINESVILLE,FL,AMBR,OLIVER              KADIE         L,,,,,20260403_corporate.txt
L26000175657,MASA LANE LLC,A,FLAL,2630 W BROWARD BLVD,,FORT LAUDERDALE,,33312,03262026,,MCDANIEL            KELSEY        D,FORT LAUDERDALE,FL,AMBR,MCDANIEL            KELSEY        D,,,,,20260403_corporate.txt
L26000175667,AIR CLASS LLC,A,FLAL,241 RIVERSIDE DRIVE SUITE 2304,,HOLLY HILL,,32117,03262026,,"LEGALCORP SOLUTIONS, LLC",HOLLYWOOD,FL,AMBR,MARRIOTT            EDWARD,AMBR,MARRIOTT            MAIS ANN,,,20260403_corporate.txt
L26000175677,KG ESSENTIAL SERVICES LLC,A,FLAL,5520 N HAVERHILL RD,STE 43,WEST PALM BEACH,,33407,03232026,,ANDERSON            KERRIGAIL,WEST PALM BEACH,FL,CEO,ANDERSON            KERRIGAIL,,,,,20260403_corporate.txt
L26000175687,"JSDB INVESTMENTS III, LLC",A,FLAL,1394 NE 48TH STREET,,POMPANO BEACH,,33064,03262026,,BROW                JOEL          J,POMPANO BEACH,FL,MGR,BROW                JOEL          J,MGR,HAMMER              STEPHANIE     E,MGR,KOHLE               DANIELLE      M,20260403_corporate.txt
L26000175697,RED HILLS RESIDENCES SOUTH LLC,A,FLAL,701 E TENNESSEE ST,,TALLAHASSEE,,32308,03262026,,WILLIAMS            ROBERT        S,TALLAHASSEE,FL,MGR,COKER               MENLA         A,MGR,COKER               ROBERT        E,,,20260403_corporate.txt
L26000175707,TABS ASSOCIATES GROUP LLC,A,FLAL,13255 SW 16TH CT,K112,PEMBROKE PINES,,33024,03262026,,TABADESA ASSOCIATES INC,PEMBROKE PINES,FL,MGR,TABADESA ASSOCIATES INC,MGR,BUSINESS SOLUTION CENTER CORP,,,20260403_corporate.txt
L26000175717,CAMP HERO NEW YORK LLC,A,FLAL,3262 ELIZABETH STREET,APT 4,MIAMI,,33133,03262026,,ABRAHAMS            SHEHAN,MIAMI,FL,MGR,ABRAHAMS            SHEHAN,,,,,20260403_corporate.txt
L26000175727,"TITI'S DELICIAS CUBANAS, LLC",A,FLAL,11236 LOSCO JUNCTION DR S,,JACKSONVILLE,,32257,03242026,,INC AUTHORITY RA,ORLANDO,FL,MGR,ESPINOSA            TATIANA,,,,,20260403_corporate.txt
L26000175737,"SUNNY BEAUTY MIAMI, LLC",A,FLAL,19390 COLLINS AVE,APT 516,SUNNY ISLES BEACH,,33160,03242026,,INC AUTHORITY RA,ORLANDO,FL,MGR,CHEPTENARI          NADYA,,,,,20260403_corporate.txt
M26000005227,OJEDA'S TECHNICAL SOLUTIONS LLC,A,FORL,18141 US HWY 31,,CULLMAN,,35058,04022026,,REGISTERED AGENTS INC,ST.PETERSBURG,FL,MBR,PARK                DAVE,MBR,PARK                MANDY,,,20260403_corporate.txt
L26000175747,"JEREMIAHS BARBER LOUNGE, LLC",A,FLAL,6421 N FLORIDA AVE,,TAMPA,,33604,03242026,,INC AUTHORITY RA,ORLANDO,FL,MGR,MORGAN              JEREMIAH,,,,,20260403_corporate.txt
P26000017507,WILSORTEGA LANDSCAPING INC,A,DOMP,7595 BAYMEADOWS CIR,2714,JACKSONVILLE,,32256,03272026,,MOREIRA WILSON      SERGIO        E,JACKSONVILLE,FL,P,MOREIRA WILSON      SERGIO        E,VP,CEJA ORTEGA         SOREINIS,,,20260403_corporate.txt
L26000175757,"ROAD RUNNER PILOT ESCORT SERVICES, LLC",A,FLAL,17620 NW 73RD AVE,UNIT 101,HIALEAH,,33015,03242026,,INC AUTHORITY RA,ORLANDO,FL,MGR,ZAMORA              YANEISY,,,,,20260403_corporate.txt
L26000175767,"2 GS SEAMLESS GUTTERS, LLC",A,FLAL,6023 W CLIFTON ST,,TAMPA,,33634,03242026,,INC AUTHORITY RA,ORLANDO,FL,MGR,GARZA               CARMEN,MGR,GARZA               JOSE,,,20260403_corporate.txt
L26000175777,"OSPAC, LLC",A,FLAL,3572 LIBERTY WAY,,IMMOKALEE,,34142,03242026,,INC AUTHORITY RA,ORLANDO,FL,MGR,ADRIEN              GARRY,,,,,20260403_corporate.txt
P26000017517,ALL FENCES & HOME PROS INC,A,DOMP,1423 SE 16TH PL,UNIT 101,CAPE CORAL,,33990,03252026,,OQUENDO LEYVA       IBRAHIM,CAPE CORAL,FL,P,OQUENDO LEYVA       IBRAHIM,,,,,20260403_corporate.txt
L26000175787,"PUPPIT NETWORKS SERVICES, LLC",A,FLAL,1162 FORESHORE LN,,HAINES CITY,,33844,03242026,,INC AUTHORITY RA,ORLANDO,FL,MGR,GOMEZ               DAVID,,,,,20260403_corporate.txt
P26000017527,JANINE A CUZA FALLAT PA,A,DOMP,5672 SW 130 AVE,,MIAMI,,33183,03302026,,CUZA FALLAT         JANINE        A,MIAMI,FL,P,CUZA FALLAT         JANINE        A,,,,,20260403_corporate.txt
L26000175797,"STEP STONE TRANSPORT, LLC",A,FLAL,980 VINERIDGE RUN APT 204,,ALTAMONTE SPRINGS,,32714,03242026,,INC AUTHORITY RA,ORLANDO,FL,MGR,DOVER               COREY,,,,,20260403_corporate.txt
L26000175807,6095 NW 167 ST D4 LLC,A,FLAL,"16100 EMERALD ESTATES DR., APT. 282",,WESTON,,33331,04022026,,EXCELSIOR CORPORATE SERVICES LLC,CORAL GABLES,FL,AMBR,MARIA DE LOURDES DE OLIVEIRA,,,,,20260403_corporate.txt
L26000175817,"JS CHAFING DISHES RENTALS AND MUSICAL, LLC",A,FLAL,7148 CATALINA WAY,,LAKE WORTH,,33467,03252026,,INC AUTHORITY RA,ORLANDO,FL,MGR,MARASIGAN           SHERYL,,,,,20260403_corporate.txt
P26000017537,BECERRA BLINDS & SHADES INC,A,DOMP,1091 W 40TH ST,,HIALEAH,,33012,03282026,,BECERRA SANCHEZ     YOSANYS       A,HIALEAH,FL,P,BECERRA SANCHEZ     YOSANYS       A,,,,,20260403_corporate.txt
L26000175827,"GODFREYSFIXIT2.0, LLC",A,FLAL,814 SUNNINGDALE CT,,WINTER HAVEN,,33881,03252026,,INC AUTHORITY RA,ORLANDO,FL,MGR,GODFREY             FREDERICK,,,,,20260403_corporate.txt
P26000017547,OCCUPIED SPACE CONTRACTORS INC,A,DOMP,3199 NW 126 AVE,,SUNRISE,,33323,03272026,,TOLLEY              JUSTIN,CORAL GABLES,FL,P,PEREZ               RIGOBERTO     I,,,,,20260403_corporate.txt
L26000175837,"VALOR ELITE CARE SERVICES, LLC",A,FLAL,1319 N UNIVERSITY DR,,CORAL SPRINGS,,33071,03252026,,INC AUTHORITY RA,ORLANDO,FL,MGR,ETIENNE             OLGA,MGR,THEOPHILE           KATIA,MGR,OBAS                JEAN-JACQUES,20260403_corporate.txt
L26000175847,"CHAMPION ROSARIES, LLC",A,FLAL,17121 SW 48TH STREET,,SOUTHWEST RANCHES,,33331,03252026,,INC AUTHORITY RA,ORLANDO,FL,MGR,HERNANDEZ           ALEXIS,,,,,20260403_corporate.txt
L26000175857,"S.T.F.U INDUSTRIES, LLC",A,FLAL,2805 SW 22ND AVE,,DELRAY BEACH,,33445,03252026,,INC AUTHORITY RA,ORLANDO,FL,MGR,THOMAS              VINCENT,,,,,20260403_corporate.txt
L26000175867,"R3J2 SOLUTIONS & CATTLE, LLC",A,FLAL,627 CENTURY DR,,WINTER HAVEN,,33881,03252026,,INC AUTHORITY RA,ORLANDO,FL,MGR,FOLLETT II          RICHARD,MGR,FOLLETT III         RICHARD,MGR,FOLLETT             JOHN,20260403_corporate.txt
L26000175877,BACK ACRES RANCH AND CATTLE LLC,A,FLAL,1648 NORTH EAST TRIPLE RUN ROAD,,LAKE CITY,,32055,03262026,,ZENBUSINESS INC.,TALLAHASSEE,FL,MGR,EMOND               BRIAN,MGR,DOLIN               AURELIA,MGR,TODD                CORY,20260403_corporate.txt
N26000004567,"GOSPEL OVERWATCH, INC.",A,DOMNP,3203 FOX SQUIRREL LANE,,VALRICO,,33596,03252026,,BEEHLER             BRET          A,VALRICO,FL,PRES,BEEHLER             BRET          A,SECR,CAST                DUSTIN,TRES,BRITTAIN            CHARLOTTE,20260403_corporate.txt
P26000017557,HAYES SISTERS ENTERPRISE INC,A,DOMP,257 AUBURN OAKS ROAD E,,JACKSONVILLE,,32218,03302026,,WILLIAMS            ZAKIA,JACKSONVILLE,FL,PVST,WILLIAMS            ZAKIA,,,,,20260403_corporate.txt
L26000175887,"E & B BILLIARD AND HOME SOLUTIONS, LLC",A,FLAL,845 ST CLAIRE ST,,JACKSONVILLE,,32254,03262026,,BOSS                EVERETT,JACKSONVILLE,FL,MGR,BOSS                EVERETT,MGR,EVANS               JUSTIN,,,20260403_corporate.txt
L26000175897,UNITED AP SOLUTIONS LLC,A,FLAL,9340 NORTH 56TH STREET,200B,TEMPLE TERRACE,,33617,03262026,,PEEBLES             LEONARD,LAND O LAKES,FL,MGR,PEEBLES             LEONARD,MGR,PEEBLES             AMBREIA,,,20260403_corporate.txt
L26000175907,R BARGAIN BASKET LLC,A,FLAL,23505 SR 40,,ASTOR,,32102,03262026,,RODMELL             GORDON        E,ASTOR,FL,AP,RODMELL             GORDON        E,,,,,20260403_corporate.txt
L26000175917,UNITY PEAK REALTY LLC,A,FLAL,4642 ACKEE RD,,KISSIMMEE,,34758,03262026,,GAGEL               JAMES,CORAL GABLES,FL,CEO,SOMOZA VIVAS        CARLOS        F,P,SOMOZA ALVARENGA    FRANCISCO     R,MGR,SOMOZA              GABRIEL       F,20260403_corporate.txt
L26000175927,NITRO CAR DEALER AND CUSTOM REPAIR LLC,A,FLAL,2786 HARMONIA HAMMOCK RD,,HARMONY,,34773,03262026,,SANTIAGO            JOSE          L,HARMONY,FL,AMBR,SANTIAGO            JOSE          L,,,,,20260403_corporate.txt
L26000175937,"ARIANA CECILIA STUDIO, LLC",A,FLAL,7901 4TH ST N,STE 300,ST. PETERSBURG,,33702,03262026,,REGISTERED AGENTS INC,ST. PETERSBURG,FL,MGR,AUSTER              ARIANA        C,,,,,20260403_corporate.txt
L26000175947,BIGFELLA BARBQUE LLC,A,FLAL,7316 NOTCHED PINE BND,,WESLEY CHAPEL,,33545,03262026,,JOHNSON             DONEL,WESLEY CHAPEL,FL,AP,JOHNSON             BRIAN,,,,,20260403_corporate.txt
L26000175957,DREAM HOMES & MORE LLC,A,FLAL,2512 JAKOBLAZE LANE,,OCOEE,,34761,03262026,,SEAY                DIAMOND,OCOEE,FL,,,,,,,20260403_corporate.txt
M26000005237,TRAVELBOOTIK LLC,A,FORL,145 15TH ST NE #202,,ATLANTA,,30309,04032026,654416532,KALFON              NOA,MIAMI,FL,MGR,KALFON              JOELLE,MBR,KALFON              JOELLE,AP,KALFON              JOELLE,20260403_corporate.txt
L26000175967,EASY DRILL SOLUTIONS LLC,A,FLAL,10863 TIMBER CREEK DR,,FORT MYERS,,33913,03202026,,BLAS LOPEZ          DIEGO JOSE,FORT MYERS,FL,MGR,BLAS LOPEZ          DIEGO JOSE,MGR,PACHECO CABARCAS    CARLOS ANDRES,,,20260403_corporate.txt
L26000175977,EIDDI SOLUTIONS LLC,A,FLAL,7901 4TH ST N STE 300,,ST. PETERSBURG,,33702,03262026,,NORTHWEST REGISTERED AGENT LLC,ST. PETERSBURG,FL,,,,,,,20260403_corporate.txt
L26000175987,SINCLAIRS AIR AND HEAT LLC,A,FLAL,308 ORCHID BLVD,,MELBOURNE,,32901,03212026,,DEDICATED TAX,WEST MELBOURNE,FL,MGR,SINCLAIR            CHASE,,,,,20260403_corporate.txt
L26000175997,"OCEAN SOUL DELIVERY, LLC",A,FLAL,1210 SOUTH 23RD AVENUE,,HOLLYWOOD,,33020--591,04012026,,SKINNER             JEFFREY       P,HOLLYWOOD,FL,MGR,SKINNER             JEFFREY       P,,,,,20260403_corporate.txt
L26000176007,"DWYER FAMILY HOLDINGS, LLC",A,FLAL,801 NORTHWEST 86TH AVENUE,,PEMBROKE PINES,,33024,03262026,,DWYER               ALISON        M,PEMBROKE PINES,FL,MGR,DWYER               ALISON,,,,,20260403_corporate.txt
L26000176017,LITTLE SPROUTS FAMILY DAYCARE LLC,A,FLAL,14430 GREENBRIAR PL,,DAVIE,,33325,03262026,,PEREZ               VERA          V,DAVIE,FL,MGR,PEREZ               VERA          V,MGR,PEREZ               PEDRO         C,,,20260403_corporate.txt
L26000176027,THE NAIL GARAGE LLC,A,FLAL,1399 BELCHER RD S,219,LARGO,,33771,03262026,,CARROLL             SANIA,CLEARWATER,FL,CEO,VILLEGAS-LUGO       YEROLIN,,,,,20260403_corporate.txt
L26000176037,C29 DEVELOPMENT LLC,A,FLAL,1641 COUNTRY COVE CIR,,MALABAR,,32950,03212026,,DEDICATED TAX,WEST MELBOURNE,FL,MGR,MARCELINO           CHRISTOPHER,,,,,20260403_corporate.txt
L26000176047,OVER HUB DEVELOPMENT LLC,A,FLAL,2700 SOUTHWEST 116TH AVENUE,,DAVIE,,33330,03262026,,BAILEY              ALLEN,DAVIE,FL,MGR,BAILEY              ALLEN,,,,,20260403_corporate.txt
L26000176057,MACHADO PROPERTY HOLDINGS LLC,A,FLAL,5200 SW 113TH AVE,,DAVIE,,33330,03262026,,MACHADO             DENIS         L,DAVIE,FL,AMBR,MACHADO             DENIS         L,AMBR,MACHADO             SOLANGIE,,,20260403_corporate.txt
L26000176067,"AC2 INNOVATIONS, LLC.",A,FLAL,616 DESOTO AVE,,LEHIGH ACRES,,33972--793,03262026,,MILLER              ALI           L,LEHIGH ACRES,FL,AMBR,MILLER              ALI           L,AMBR,CANTO               ALEJANDRO     D,,,20260403_corporate.txt
L26000176077,EMPIRE DENTAL AESTHETICS LLC,A,FLAL,2957 NW 98 TH PLACE,,DORAL,,33172,03262026,,ORTIZ               SANDRA,DORAL,FL,AMBR,ORTIZ BARAJAS       SANDRA LILIANA,AMBR,COTES JURADO        ALEX YESITH,,,20260403_corporate.txt
L26000176087,NEW WAY LOGISTICS OF TAMPA BAY LLC,A,FLAL,11806 BRUCE B DOWNS,1054,TAMPA,,33612,03262026,,LESTER              LINDA         G,TAMPA,FL,MGR,LESTER              LINDA         G,,,,,20260403_corporate.txt
L26000176097,STILLRELIABLE1 LLC,A,FLAL,871 INDUSTRIAL BLVD,,LA BELLE,,33935,03262026,,RODRIGUEZ           CARLOS,LA BELLE,FL,AMBR,RODRIGUEZ           CARLOS,AMBR,CASTRO              ANA,,,20260403_corporate.txt
L26000176107,NOSSO EUA LLC,A,FLAL,7901 4TH ST N,STE 300,ST. PETERSBURG,,33702,03262026,,ROBERTS             DAVID,ST. PETERSBURG,FL,AR,SAYD RISPOLI        JOAO PAULO,,,,,20260403_corporate.txt
L26000176117,MR. IFETE ENTERPRISES LLC,A,FLAL,"309 SANDPIPER RIDGE RD,",,ORLANDO,,32835,03262026,,SINGH               ALISHA        D,OCOEE,FL,MGR,HAIMRAJ             NARESH,,,,,20260403_corporate.txt
L26000176127,PLUS AND MINUS LLC,A,FLAL,5224 W STATE ROAD 46,,SANFORD,,32771,03262026,,"LEGALZOOM USCA, INC.",FORT LAUDERDALE,FL,AMBR,ARANGO              ALEJANDRO,,,,,20260403_corporate.txt
L26000176137,"FLAVOR OF HAITI 1804, LLC",A,FLAL,3700 CAPITAL CIR SE,APT 1101,TALLAHASSEE,,32311,03262026,,DORCEAN             RICKENDY,TALLAHASSEE,FL,MGR,DORCEAN             RICKENDY,MGR,DORCEAN             STELLA        C,,,20260403_corporate.txt
L26000176147,RUNAMI LLC,A,FLAL,808 MOORHEN WAY,,CRESTVIEW,,32539,03262026,,ZENBUSINESS INC.,TALLAHASSEE,FL,AMBR,DIAZ SANCHEZ        IRAN          J,,,,,20260403_corporate.txt
L26000176157,JR CAPITAL GROUP LLC,A,FLAL,140 S DIXIE HWY,601,HOLLYWOOD,,33020,03262026,,RICARVET            JUAN          PSR,HOLLYWOOD,FL,MGR,RICARVET            JUAN          PSR,,,,,20260403_corporate.txt
L26000176167,"SEAWATCH PROPERTIES II, LLC",A,FLAL,4747 WOODMERE BLVD.,,MONTGOMERY,,36106,04022026,,HAND ARENDALL HARRISON SALE LLC,PANAMA CITY,FL,MGR,FRAZER              NIMROD        TJR.,,,,,20260403_corporate.txt
M26000005247,"B.R. WILLIAMS TRACKING, LLC",A,FORL,85 NORTH ST.,,PIEDMONT,,36272,04022026,630514666,CORPORATION SERVICE COMPANY,TALLAHASSEE,FL,AP,HANEY               NATHAN        M,,,,,20260403_corporate.txt
L26000176177,FAST TECH LLC,A,FLAL,7901 4TH ST N,STE 300,ST. PETERSBURG,,33702,03262026,,ROBERTS             DAVID,ST. PETERSBURG,FL,AMBR,DAVID               KAMIL,,,,,20260403_corporate.txt
L26000176187,GRATEFUL CHARTERS LLC,A,FLAL,6000 ISLAND BLVD,SUITE 1105,AVENTURA,,33160,03262026,,SIMTOB              RICHARD       I,AVENTURA,FL,AMBR,SIMTOB              RICHARD       I,,,,,20260403_corporate.txt
L26000176197,DMP DESIGN SERVICES OF FLORIDA LLC,A,FLAL,229 BOWMAN AVE S,,LEHIGH ACRES,,33974,03262026,,PARAMO              VALENTINA,LEHIGH ACRES,FL,MGR,PARAMO              VALENTINA,,,,,20260403_corporate.txt
L26000176207,HEWETT BACKBONE LLC,A,FLAL,1783 PERRY PL,,CARYVILLE,,32427,03222026,,HEWETT              JEREMY        R,CARYVILLE,FL,MGR,HEWETT              JEREMY        R,,,,,20260403_corporate.txt
L26000176217,TECH MERX EQUIPMENT LLC,A,FLAL,1403 WELSON RD,,ORLANDO,,32837,03262026,,SIDDIQUI            NURIN,ORLANDO,FL,MGR,SIDDIQUI            NURIN,,,,,20260403_corporate.txt
L26000176227,CLINICAL INTEGRITY CONSULTING LLC,A,FLAL,10305 HENBURY ST,,ORLANDO,,32832,04022026,,MEIER               GREGORY       YESQ.,ORLANDO,FL,MGR,PETROVIC            MICHELLE,,,,,20260403_corporate.txt
L26000176237,AZR INVESTMENT LLC,A,FLAL,1000 RIVER REACH DRIVE,APT. 107,FORT LAUDERDALE,,33315,03262026,,HARRY               SUE           A,FORT LAUDERDALE,FL,,,,,,,20260403_corporate.txt
L26000176247,BOLANO GENERAL SERVICE LLC,A,FLAL,6215 WEST 24TH AVE,APT 102,HIALEAH,,33016,03262026,,MARTIATU BOLANO     YAMILE,HIALEAH,FL,AMBR,MARTIATU BOLANO     YAMILE,,,,,20260403_corporate.txt
L26000176257,"THIS ABILITIES ALLIANCE, LLC",A,FLAL,6018 SWEET BIRCH DR,,RIVERVIEW,,33578,03262026,,MCQUEEN             KALEENA,RIVERVIEW,FL,MGR,MCQUEEN             KALEENA,,,,,20260403_corporate.txt
L26000176267,"A HIGHER POWDER, LLC",A,FLAL,1279 GARDENSIDE CIRCLE,,NORTH PORT,,34288,03262026,,INC AUTHORITY RA,ORLANDO,FL,MGR,PERSAUD             AMANDA,,,,,20260403_corporate.txt
L26000176277,GOBEO CIGARS LLC,A,FLAL,8155 VIALE MATERA,,LAKE WORTH,,33467,03252026,,GOBEO               DAVID         MII,LAKE WORTH,FL,AMBR,GOBEO               DAVID         MII,,,,,20260403_corporate.txt
L26000176287,427 CARINA LLC,A,FLAL,3687 SOARING LANE,,SANFORD,,32773,03262026,,SULLIVAN            CLAUDIA,SANFORD,FL,MGR,SULLIVAN            CLAUDIA,,,,,20260403_corporate.txt
L26000176297,US GOODS TRANSPORTATION LLC,A,FLAL,1612 DREXEL AVE,7,MIAMI BEACH,,33139,03262026,,SAMARSKYI           VOLODYMYR,MIAMI BEACH,FL,MGR,SAMARSKYI           VOLODYMYR,,,,,20260403_corporate.txt
L26000176307,AVILA MANAGEMENT GROUP LLC,A,FLAL,11402 NW 41ST ST SUITE 206,,DORAL,,33178,03252026,,AVILA               ADONIS,DORAL,FL,MGR,AVILA               ADONIS,,,,,20260403_corporate.txt
L26000176317,NAVISYNC LLC,A,FLAL,835 WINDBROOK DR,,DELTONA,,32725,03262026,,ADAMS               TARIK,DELTONA,FL,MGR,ADAMS               TARIK,,,,,20260403_corporate.txt
L26000176327,IVY LINCOLN LLC,A,FLAL,5553 SILTSTONE STREET,,LAKELAND,,33811,03262026,,ZENBUSINESS INC.,TALLAHASSEE,FL,AMBR,LINCOLN             IVY,,,,,20260403_corporate.txt
L26000176337,"COASTAL LUXE CLEANING, LLC",A,FLAL,6608 SUNRISE DR,,PANAMA CITY BEACH,,32407,03262026,,INC AUTHORITY RA,ORLANDO,FL,MGR,LONG                PAIGE,,,,,20260403_corporate.txt
L26000176347,REELTIME INVINCIBLE LLC,A,FLAL,3618 FOWLER ST,SUITE D,FORT MYERS,,33901,03262026,,BODE                MATTHEW,FORT MYERS,FL,AMBR,BODE                MATTHEW       J,AMBR,ARENAS              RICARDO       L,,,20260403_corporate.txt
L26000176357,ACTIVE BODY RECOVERY LLC,A,FLAL,727 N J ST,,LAKE WORTH,,33460,03262026,,ROPER               DEREK,LAKE WORTH,FL,AMBR,ROPER               DEREK,,,,,20260403_corporate.txt
L26000176367,GLOBALCOIN CAPITAL LLC,A,FLAL,6080 DAVON ST,,JACKSONVILLE,,32244,03262026,,SERRANO             ADRIANA       I,JACKSONVILLE,FL,MGR,SERRANO             ADRIANA       I,AMBR,ESPINOZA SERRANO    GERSON        D,,,20260403_corporate.txt
L26000176377,"SEVENTEENSWFL,LLC",A,FLAL,2736 SW 11TH PLACE,,CAPE CORAL,,33914,03262026,,MALLONE             FRED,CAPE CORAL,FL,MGR,MALLONE             FRED,,,,,20260403_corporate.txt
L26000176387,"QUICK QUALITY DELIVERY, LLC",A,FLAL,37851 DOLLY DRIVE,,ZEPHYRHILLS,,33541,03242026,,"USACCOUNTING OFFICE, INC.",BROOKSVILLE,FL,MGRM,SANTIAGO            JULIE         A,,,,,20260403_corporate.txt
L26000176397,"OCEAN BLUE INSURANCE ADVISORS, LLC",A,FLAL,15407 SINGLETON DRIVE,,BROOKSVILLE,,34604,03232026,,USACCOUNTING OFFICE,BROOKSVILLE,FL,MGRM,HACKETT             JENNIFER      L,,,,,20260403_corporate.txt
L26000176407,SUNCOAST ELITE CLEANING LLC,A,FLAL,690 MAIN STREET,743,SAFETY HARBOR,,34695,03262026,,DUFFY               JENNIFER,OLDSMAR,FL,,,,,,,20260403_corporate.txt
L26000176417,MFL MULTISERVICES LLC,A,FLAL,1231 NW 12TH ST,,HOMESTEAD,,33030,03262026,,FURCAL PEREZ        PATRICIA,HOMESTEAD,FL,AMBR,FURCAL PEREZ        PATRICIA,AMBR,MALDONADO BRAVO     JORGE         D,AMBR,LOPEZ ELLIS         JULIO         C,20260403_corporate.txt
L26000176427,TUCK FAMILY FARMS LLC,A,FLAL,15 LICKSKILLET ROAD,,LAMONT,,32336,03262026,,TUCK                ZACHARY,LAMONT,FL,MGR,TUCK                ZACHARY       J,,,,,20260403_corporate.txt
L26000176437,THE FIRST PINNACLE DENTAL LIMITED LIABILITY COMPANY,A,FLAL,"2125 BISCAYNE BLVD, STE 204 #25508",,MIAMI,,33137,03262026,,REPUBLIC REGISTERED AGENT LLC,JACKSONVILLE,FL,AMBR,KAZEM               ZOLFIKAR,,,,,20260403_corporate.txt
L26000176447,EVERPAW LLC,A,FLAL,1748 AUSTALIAN AVE,UNIT 15,RIVIERA,,33404,03262026,,JOHNSON             WILLIAM       J,NORTH PALM BEACH,FL,MGR,JOHNSON             WILLIAM,MGR,O'DONNELL           MARTIN,MGR,CUFFARO             PAUL,20260403_corporate.txt
L26000176457,STANDARD TIRE AND FLEET SERVICES LLC,A,FLAL,7901 4TH ST N STE 300,,ST. PETERSBURG,,33702,03262026,,NORTHWEST REGISTERED AGENT LLC,ST. PETERSBURG,FL,AMBR,EDWARDS             RYAN,AMBR,EDWARDS             CRYSTAL,,,20260403_corporate.txt
L26000176467,"THANK GOD CONSTRUCTION, LLC.",A,FLAL,18233 SW 139TH CT,,MIAMI,,33177,03262026,,ALEMAN SANCHEZ      DARWIN        S,MIAMI,FL,AMBR,ALEMAN SANCHEZ      DARWIN        S,,,,,20260403_corporate.txt
L26000176477,DMC & ARCH SOLUTIONS LLC,A,FLAL,8739 ROBILINA RD,,PORT RICHEY,,34668,04162026,,MARTINEZ CALISTRE   DAYRON,PORT RICHEY,FL,MGR,MARTINEZ CALISTRE   DAYRON,,,,,20260403_corporate.txt
L26000176487,LASERED CRYSTAL MEMORIES LLC,A,FLAL,12801 W SUNRISE BLVD,KIOSK,SUNRISE,,33323,03262026,,CASTELLANOS         YESENIA       C,FORT LAUDERDALE,FL,CEO,CASTELLANOS         LEONARDO      E,MGR,CASTELLANOS         YESENIA       C,,,20260403_corporate.txt
L26000176497,STAR ELITE ENTERPRISES LLC,A,FLAL,4331 NORTHWEST 16TH STREET,#308,LAUDERHILL,,33313,03262026,,JOHNSON             JANICE,LAUDERHILL,FL,MGR,JOHNSON             JANICE,,,,,20260403_corporate.txt
L26000176507,"PATERSON DEVELOPMENT, LLC",A,FLAL,2701 NE 42ND ST,,LIGHTHOUSE POINT,,33064,03222026,,PATERSON            TERENCE,LIGHTHOUSE POINT,FL,MGR,PATERSON            TERENCE,MBR,EASTERLING          JESSICA,,,20260403_corporate.txt
L26000176517,DALLOGLIO FLOORING LLC,A,FLAL,3392 WESTCHESTER SQUARE BLVD,102,ORLANDO,,32835,03262026,,PEREIRA A DALLOGLIO LUIZ FELIPE,ORLANDO,FL,AMBR,PEREIRA A DALLOGLIO LUIZ FELIPE,,,,,20260403_corporate.txt
L26000176527,GLOBAL LUXURY DEVELOPERS LLC,A,FLAL,1266 SW 21ST LN,,BOCA RATON,,33486--664,03212026,,SALANI              SERGIO,BOCA RATON,FL,MGR,SALANI              SERGIO,MGR,SALLARULO           PAUL,,,20260403_corporate.txt
L26000176537,HAI LUA ENTERTAINMENT LLC,A,FLAL,9846 NW 49TH PL,,CORAL SPRINGS,,33076,03262026,,PHAM                KEVIN DUNG,CORAL SPRINGS,FL,,,,,,,20260403_corporate.txt
L26000176547,THE LAWN SURGEON LLC,A,FLAL,2631 MCCORMICK DR.,SUITE 103,CLEARWATER,,33759,04012026,,LANCIA              NICHOLAS,CLEARWATER,FL,MGR,LANCIA              NICHOLAS,,,,,20260403_corporate.txt
L26000176557,LAWN CARE WINTER HAVEN LLC,A,FLAL,5011 DREAM DR,APT. 207,WINTER HAVEN,,33880,03262026,,CARNAHAN            SCOTT         A,WINTER HAVEN,FL,MGR,CARNAHAN            SCOTT         A,,,,,20260403_corporate.txt
L26000176567,1515 RSA LLC,A,FLAL,1515 RIVERSIDE AVENUE SUITE A,,JACKSONVILLE,,32204,04022026,,"FRAZIER & FRAZIER, ATTORNEYS AT LAW, P.A.",JACKSONVILLE,FL,MGR,D. KENT SAUSAMAN,MGR,KING                CHRISTINE     M,,,20260403_corporate.txt
L26000176577,VATTISTA HOME SERVICES LLC,A,FLAL,1602 ORANGE DR,,EUSTIS,,32726,04012026,,BAUTISTA            DAVID,EUSTIS,FL,AMBR,BAUTISTA            DAVID,,,,,20260403_corporate.txt
L26000176587,H.O.N CIGARS DISTRABUTION LLC,A,FLAL,5414 N.W. 15TH STREET,,MARGATE,,33063,04022026,415284647,MOGHANI             SEYED         M,MIAMI,FL,MGR,NOGHANI             SEYED         M,MGR,ANWAR TAHA          ALAA ELDEEN,,,20260403_corporate.txt
L26000176597,PROSPERITY INSURANCE GROUP LLC,A,FLAL,7726 WINEGARD RD,,ORLANDO,,32809,03262026,,ADVANCE INSURANCE GROUP AND TAX SERVICES,ORLANDO,FL,MGR,GOMEZ LUGO          ALVARO        J,,,,,20260403_corporate.txt
L26000176607,"VAVA LIGHT, LLC",A,FLAL,10534 GALLERIA STREET,,WELLINGTON,,33414,03262026,,VALENTIN            LUSTRA,WEST PALM BEACH,FL,MGR,LATUS               MARIE LYNE,,,,,20260403_corporate.txt
L26000176617,"6073 NW 167 ST C12, LLC",A,FLAL,6073 NW 167TH ST,STE C-12,MIAMI,,33015,03262026,,COSTA               CESAR,MIAMI,FL,MR.,COSTA               CESAR,,,,,20260403_corporate.txt
L26000176627,NOURIC LLC,A,FLAL,30568 THUNDERBIRD DR,,WESLEY CHAPEL,,33545,03262026,,REPUBLIC REGISTERED AGENT LLC,JACKSONVILLE,FL,AMBR,FELIZ               VICKY,AMBR,FELIZ               RUBEN,,,20260403_corporate.txt
L26000176637,SK8 DISTRICT LLC,A,FLAL,7901 4TH ST N,STE 300,ST. PETERSBURG,,33702,03262026,,NORTHWEST REGISTERED AGENT LLC,ST. PETERSBURG,FL,AMBR,CHRISTOPHER         MARK,,,,,20260403_corporate.txt
L26000176647,AIRE DRY BAR LLC,A,FLAL,8650 SW 109TH AV,APT 202,MIAMI,,33173,03262026,,GREISY PEREZ MUR,MIAMI,FL,,,,,,,20260403_corporate.txt
L26000176657,DB LEGACY INVESTMENTS LLC,A,FLAL,40 SW 13TH ST,SUITE 501,MIAMI,,33130,03262026,,"LOIGICA, P.A.",MIAMI,FL,MGR,BULA NADER          MARIA ANGELICA,,,,,20260403_corporate.txt
L26000176667,STRATA THERAPEUTICS LLC,A,FLAL,7901 4TH ST N STE 300,,ST. PETERSBURG,,33702,03262026,,NORTHWEST REGISTERED AGENT LLC,ST. PETERSBURG,FL,AMBR,JACOBS              ANDREW,,,,,20260403_corporate.txt
P26000017567,PROGENIX BIO INC.,A,DOMP,"7924 FOREST CITY RD,",SUITE 210,ORLANDO,,32810,04012026,,SUGAYA              KIMINOBU,ORLANDO,FL,P,SUGAYA              KIMINOBU,S,SUGAYA              KIMINOBU,T,SUGAYA              KIMINOBU,20260403_corporate.txt
L26000176677,USA GARAGE DOOR PROS LLC,A,FLAL,1770 S YOUNG CIR,APT 409,HOLLYWOOD,,33020,03262026,,ABRAHAM             GIL TZEVI,HOLLYWOOD,FL,AMBR,ABRAHAM             GIL TZEVI,,,,,20260403_corporate.txt
L26000176687,UNION OS LLC,A,FLAL,1912 PINE BAY DR,,LAKE MARY,,32746,03232026,,DISHMAN             WILLIAM       B,GENEVA,FL,MGR,DISHMAN             WILLIAM       B,MGR,MELE                VINCENT       A,,,20260403_corporate.txt
L26000176697,MANGROVE BLUEPRINT LLC,A,FLAL,6010 NW 42 AVE,,COCONUT CREEK,,33073,04022026,,MORGAN HORTON LAW,CORAL GABLES,FL,MGR,BROWN               FRANKLIN      A,AMBR,BROWN               FRANKLIN      A,AMBR,MCCOY               RALPH,20260403_corporate.txt
L26000176707,"REAGANL, LLC",A,FLAL,1550 NW 56TH DR,APT 158,CORAL SPRINGS,,33076,03212026,,"AFFIX TAX SOLUTIONS, LLC",LAKE WORTH,FL,MGR,LEITZELL            REAGAN,,,,,20260403_corporate.txt
L26000176717,HUGGINS POULTRY & CATTLE COMPANY LLC,A,FLAL,57200 LAZY ACRES LANE,,YULEE,,32097,03232026,,HUGGINS             LAURIE        A,YULEE,FL,CEO,HUGGINS             BOBBY         S,CFO,HUGGINS             LAURIE        A,,,20260403_corporate.txt
L26000176727,GRANN-MIA SERVICES SHIPPING.LLC,A,FLAL,178 ACES HIGH LN,,DAVENPORT,,33896,03212026,,COMPAS              MARIE,DAVENPORT,FL,MGR,MAIGNANT            CHRISTOPHE,,,,,20260403_corporate.txt
L26000176737,PC WIRELESS SOLUTIONS LLC,A,FLAL,776 S TAMPA AVE UNIT C,,ORLANDO,,32805,03262026,,PIERRE              BERGETTE,ORLANDO,FL,MGR,PIERRE              BERGETTE,,,,,20260403_corporate.txt
L26000176747,"UFG REAL ESTATE, LLC",A,FLAL,2121 VISTA PARKWAY,,WEST PALM BEACH,,33411,03262026,,NICHOLS             MARK          D,WEST PALM BEACH,FL,P,TITUS               RAY           D,COO,LEE                 BRADY,CEO,NEWTON              RICHARD       T,20260403_corporate.txt
L26000176757,LIBERTY LIMOUSINE OF FLORIDA LLC,A,FLAL,35 BEE STREET,,MERIDEN,,06450,03262026,,"INCORP SERVICES, INC.",TALLAHASSEE,FL,AMBR,SAKS                GRIFFIN,AMBR,SAKS                JUSTIN,,,20260403_corporate.txt
L26000176767,"AURORA PROPERTY GROUP, LLC",A,FLAL,4001 S OCEAN DR,6K,HOLLYWOOD,,33019,03202026,,CHOTAI              KALPESH       D,HOLLYWOOD,FL,MGR,CHOTAI              KALPESH       D,,,,,20260403_corporate.txt
L26000175078,SOUTHCODE LABS LLC,A,FLAL,22920 SW 130 AVE,,MIAMI,,33170,03262026,,RODRIGUEZ BANOS     JOSE          A,MIAMI,FL,MGR,RODRIGUEZ BANOS     JOSE          A,,,,,20260403_corporate.txt
L26000175088,HUG AND HAUL LLC,A,FLAL,7901 4TH ST N STE 300,,ST. PETERSBURG,,33702,03262026,,REGISTERED AGENTS INC,ST. PETERSBURG,FL,,,,,,,20260403_corporate.txt
L26000175098,LCSB410 LLC,A,FLAL,16971 W DOWNERS DR,,LOXAHATCHEE,,33470,03262026,,CHAIT               LETTY         E,LOXAHATCHEE,FL,MGR,CHAIT               LETTY         E,,,,,20260403_corporate.txt
L26000175108,TRUE COMFORT SERVICES LLC,A,FLAL,2121 SW 14TH PL,,CAPE CORAL,,33991-3693,03252026,,RICHARD FRANK MYERS,FORT MYERS,FL,MGR,LALANNE             WESMY,AMBR,LALANNE             LUDERICK,,,20260403_corporate.txt
L26000175118,DAVINA VENTURES LLC,A,FLAL,767 MILLBRAE CT,UNIT 1,WEST PALM BEACH,,33401,03262026,,DAVINA              KEVIN         T,WEST PALM BEACH,FL,CEO,DAVINA              KEVIN         T,MGR,DAVINA              BRENDAN       T,,,20260403_corporate.txt
L26000175128,DJLILCOCO LLC,A,FLAL,3750 GUNN HIGHWAY,SUITE 306J,TAMPA,,33618,03262026,,ENTITY PROTECT RA SERVICES,TAMPA,FL,AMBR,ESCLETO             LESTER,,,,,20260403_corporate.txt
L26000175138,LCSB709 LLC,A,FLAL,16971 W DOWNERS DR,,LOXAHATCHEE,,33470,03262026,,CHAIT               LETTY         E,LOXAHATCHEE,FL,MGR,CHAIT               LETTY         E,,,,,20260403_corporate.txt
L26000175148,THE VELVET POUR MOBILE DRY BAR LLC,A,FLAL,1435 8TH AVE,,DELAND,,32724,03262026,,QUICK               SAVANNAH,DELAND,FL,AR,QUICK               SAVANNAH      A,,,,,20260403_corporate.txt
L26000175158,MIDTOWN MOTORSPORTS LLC,A,FLAL,7901 4TH ST N STE 300,,ST. PETERSBURG,,33702,03262026,,NORTHWEST REGISTERED AGENT LLC,ST. PETERSBURG,FL,AMBR,MANZOOR             SHAHID,,,,,20260403_corporate.txt
L26000175168,DNA CLEANNING SERVICES LLC.,A,FLAL,751 VENETO DRIVE,203,LAKE PARK,,33403,03262026,,WILSON              DIANELA       A,LAKE PARK,FL,MGR,WILSON              DIANELA       A,MGR,GUZMAN              DIAN-J        A,,,20260403_corporate.txt
L26000175178,CLEANING SERVICES BY NEISY LLC,A,FLAL,8265 IBIS CLUB DR,609,NAPLES,,34104,03262026,,HERNANDEZ           NEISY,NAPLES,FL,MGR,HERNANDEZ           NEISY,,,,,20260403_corporate.txt
L26000175188,"PRISTINE JS, LLC",A,FLAL,1550 SW 154TH AVENUE,,MIAMI,,33194,03262026,,GONZALEZ            ARISTOTELES    SR.,MIAMI,FL,MGRM,GONZALEZ            ARISTOTELES,,,,,20260403_corporate.txt
L26000175198,ZION ENTERPRISES GROUP LLC,A,FLAL,6919 SW 18TH STREET,STE C217,BOCA RATON,,33433,03262026,,CAETANO DA SILVA    KEITTIANY     L,DEERFIELD BEACH,FL,MGR,CAETANO DA SILVA    KEITTIANY     L,MGR,PORTO A DE ALMEIDA  ALEX,,,20260403_corporate.txt
L26000175208,GRACIE BARRA PALM COAST LLC,A,FLAL,160 CYPRESS POINT PKWAY,UNIT A210-A211,PALM COAST,,32164,03262026,,MARQUES MOREIRA     FLAVIO,PALM COAST,FL,MGR,MARQUES MOREIRA     FLAVIO,,,,,20260403_corporate.txt
L26000175218,EM FARRAJ MANAGEMENT LLC,A,FLAL,19204 SW 60TH CT,,SOUTHWEST RANCHES,,33332,03262026,,FARRAJ              ESA           M,SOUTHWEST RANCHES,FL,AMBR,FARRAJ              ESA           M,,,,,20260403_corporate.txt
L26000175228,VICTORIA  COUTURE BEAUTY LLC,A,FLAL,1000 TANGELO ISLE,,FORT LAUDERDALE,,33315,04072026,,GREENBERG           VICTORIA,FORT LAUDERDALE,FL,AMBR,GREENBERG           VICTORIA,,,,,20260403_corporate.txt
L26000175238,AAA ALPHA RENTALS AND OTHER SERVICES LLC,A,FLAL,8556 CACHE DR,,SARASOTA,,34240,03262026,,VIGLIONE ACCOUNTING CORP,SARASOTA,FL,MGR,VASQUEZ             ANDREA        C,,,,,20260403_corporate.txt
L26000175248,MAX ORDNANCE LLC,A,FLAL,4240 NW 107TH ST.,,GAINESVILLE,,32606,03232026,,MOWITZ              JUSTIN        MESQ.,GAINESVILLE,FL,AMBR,MUSE                JOSHUA,AMBR,HICKOX              CHRISTOPHER,,,20260403_corporate.txt
L26000175258,CL HOME INVESTOR-LLC,A,FLAL,395 NW 125 STREET,,NORTH MIAMI,,33168,03262026,,SERVICES,NORTH MIAMI,FL,MGR,LEMUS               CESAR,,,,,20260403_corporate.txt
L26000175268,"BENCHSIDE BIOTECH CONSULTING, LLC",A,FLAL,311 S 2ND STREET,102-C,FORT PIERCE,,34950,04012026,,DEIULIO             ALEX          M,OCALA,FL,MGR,DEIULIO             ALEX          M,,,,,20260403_corporate.txt
L26000175278,BANYAN HOME SERVICES LLC,A,FLAL,1511 NE 13TH STREET,,CAPE CORAL,,33909,03262026,,PEREZ               STEVEN,CAPE CORAL,FL,MGR,PEREZ               STEVEN,MGR,PETRICK             JOSHUA,,,20260403_corporate.txt
L26000175288,GRACE 809 LLC,A,FLAL,7328 GROTTO AVE,,ORLANDO,,32812,03262026,,GERONIMO TERRERO    JOHN          O,ORLANDO,FL,MGR,GERONIMO TERRERO    JOHN          O,,,,,20260403_corporate.txt
L26000175298,BHATT HOLDINGS LLC,A,FLAL,7901 4TH ST N,STE 300,ST. PETERSBURG,,33702,03262026,,REGISTERED AGENTS INC.,ST. PETERSBURG,FL,AMBR,BHATT               DARSHANABEN   N,,,,,20260403_corporate.txt
L26000175308,ELEVATE RESOURCE GROUP LLC,A,FLAL,2212 S CHICASAW TRAIL,2440,ORLANDO,,32825,03262026,,CHARGUALAF          BRIANA        M,ORLANDO,FL,,,,,,,20260403_corporate.txt
L26000175318,SILVER FUTURE ENTERPRISE LLC,A,FLAL,3737 SARAH BROOKE CT,,JACKSONVILLE,,32277,03262026,,FRANCO              EUGINA        B,JACKSONVILLE,FL,AMBR,FRANCO              EUGINA        B,AMBR,FRANCO              FRANK         S,AMBR,FRANCO              JOSEPH        F,20260403_corporate.txt
L26000175328,SALT BRUSH CONSULT & DESIGN LLC,A,FLAL,1339 S MIRAMAR AVE,,INDIALANTIC,,32903,04012026,,FENICCHIA           LAURA,INDIALANTIC,FL,AMBR,FENICCHIA           LAURA,AMBR,LOVE                JOSHUA,,,20260403_corporate.txt
L26000175338,DEKRO BY CAROLINA PALACIO LLC,A,FLAL,5033 SW 163RD AVE,,MIRAMAR,,33027,03252026,,PARAUD              FELIPE,FORT LAUDERDALE,FL,MGR,PALACIO GOMEZ       CAROLINA,,,,,20260403_corporate.txt
N26000004528,"THE 365 INITIATIVE, INC.",A,DOMNP,1361 DOANE CIRCLE,,WEST PALM BEACH,,33417,04022026,,CARLTON CHANDLER,PALM BEACH,FL,PD,CARLTON CHANDLER,SSD,DOMINIQUE DAVIS,TD,JANIT POLLARD,20260403_corporate.txt
L26000175348,"JUNIPER & ASH BOTANICALS, LIMITED LIABILITY COMPANY",A,FLAL,5762 SE LAGUNA AVE,,STUART,,34997,03262026,,BELAND              RAMONA        S,STUART,FL,MGR,BELAND              RAMONA        S,,,,,20260403_corporate.txt
P26000017388,VINN FOOD SERVICE INC.,A,DOMP,101 S. GARDEN AVE.,,CLEARWATER,,33756,04022026,,NICHOLAS PASTIS,CLEARWATER,FL,PST,NICHOLAS PASTIS,,,,,20260403_corporate.txt
L26000175358,MERTIBU LLC,A,FLAL,10000 DAVIS CREEK CIRCLE,APT 3202,ORLANDO,,32832,03262026,,ROJAS               LEONARDO      R,ORLANDO,FL,MGR,ROJAS ORTEGA        LEONARDO      R,,,,,20260403_corporate.txt
M26000005208,"KJF COST STUDIO, LLC",A,FORL,13623 SW MICHELLE CT,,TIGARD,,97223,03092026,873607096,REGISTERED AGENTS INC.,ST.PETERSBURG,FL,MGR,FREEBORN            KENNETH,AP,AVANTS              JASMINE,,,20260403_corporate.txt
F26000001978,"AUGUST INTERACTIVE, INC.",A,FORP,948 2ND ST.,,MUKILTEO,,98275-1638,04022026,934951725,COGENCY GLOBAL INC.,TALLAHASSEE,FL,D,WOOD                KRISTIN,D,KNELLER             SARAH,,,20260403_corporate.txt
L26000175368,PREMIER SHADES AND SHUTTERS LLC,A,FLAL,6529 GAVANNI ST,,THE VILLAGES,,34762,04012026,,TERI DANIELS ACCOUNTING SERVICES,SANTA ROSA BEACH,FL,AMBR,TOWER               JAMIE         B,,,,,20260403_corporate.txt
L26000175378,"LUCY BLUE'S, LLC",A,FLAL,4713 PLEASANT VALLEY COURT,,ORLANDO,,32811,03272026,,SMITH               WARREN        N,ORLANDO,FL,MGR,TRUMPLER-PRIDE      SHARON        A,MGR,MCENTYRE            ANGEL         L,,,20260403_corporate.txt
L26000175388,HERITAGE JDM PARTS LLC,A,FLAL,7544 HUMBOLDT AVE,,NEW PORT RICHEY,,34655,03262026,,RUNSICK             LEVI          J,NEW PORT RICHEY,FL,,,,,,,20260403_corporate.txt
P26000017398,GREEN GROVE DEVELOPMENT CORP,A,DOMP,5600 NORTH FEDERAL HIGHWAY,,FORT LAUDERDALE,,33308,04012026,,LYNN                MARK          JESQ,FORT LAUDERDALE,FL,PRES,FIDEI               NICHOLAS,,,,,20260403_corporate.txt
L26000175398,FRYE & FRYE TRANSPORTATION CONSULTANT LLC,A,FLAL,3882 NW 202 ST,,MIAMI GARDENS,,33055,03232026,,BROWN-FRYE          YOLANDA,MIAMI GARDENS,FL,MGR,BROWN-FRYE          YOLANDA,AP,FRYE                JAMES,,,20260403_corporate.txt
L26000175408,URSUS RELIABILITY LLC,A,FLAL,10000 DAVIS CREEK CIRCLE,APT 304,ORLANDO,,32832,03262026,,SIFONTE             JESUS         RSR,ORLANDO,FL,MGR,VALDERRAMA SALAZAR  MARIA         PMRS,,,,,20260403_corporate.txt
L26000175418,BUB'S BOGO LLC,A,FLAL,41334 US HIGHWAY 19 NORTH,,TARPON SPRINGS,,34689,03262026,,MAYA                KRISTINE,NEW PORT RICHEY,FL,AMBR,MAYA                KRISTINE,,,,,20260403_corporate.txt
L26000175428,2460 WORKSHOP INVESTMENT LLC,A,FLAL,3651 UNIVERSITY PKWY,,SARASOTA,,34243,03282026,,CLAROS              HECTOR        F,SARASOTA,FL,AR,CLAROS              HECTOR        F,,,,,20260403_corporate.txt
P26000017408,ORCHARD MILLS DEVELOPMENT CORP,A,DOMP,5600 NORTH FEDERAL HIGHWAY,,FORT LAUDERDALE,,33308,04012026,,LYNN                MARK          JESQ,FORT LAUDERDALE,FL,PRES,FIDEI               NICHOLAS,,,,,20260403_corporate.txt
L26000175438,JAVI-AIR COMFORT SOLUTIONS LLC,A,FLAL,4570 26TH AVE SW,,NAPLES,,34116,03262026,,JIMENEZ             JAVIER,NAPLES,FL,AMBR,JIMENEZ             JAVIER,,,,,20260403_corporate.txt
N26000004538,FON GLOBAL CORP,A,DOMNP,14331 SW 120 ST,SUITE 101,MIAMI,,33186,03272026,,LEGALNOVA LLC,MIAMI,FL,MGR,TAMAYO              SANTIAGO,MGR,VALBUENA            JOHANNA,,,20260403_corporate.txt
L26000175448,RMI MIAMI LLC,A,FLAL,310 NE 61ST STREET,,MIAMI,,33137,03262026,,ZENBUSINESS INC.,TALLAHASSEE,FL,AMBR,LARIOS              LEONARDO,AMBR,CUNNINGHAM          PATRICK J,AMBR,URZOLA              VICTOR,20260403_corporate.txt
P26000017418,"WENDY CATHERINE PEREZ, P.A.",A,DOMP,601 NE 36TH ST,SUITE 1203,MIAMI,,33137,03272026,,PEREZ               WENDY         C,MIAMI,FL,P,PEREZ               WENDY         C,,,,,20260403_corporate.txt
P26000017428,AMPLIFIED BUSINESS SOLUTIONS INC.,A,DOMP,19091 SW 12TH ST,,PEMBROKE PINES,,33029,03252026,,SARIN               AAYU,PEMBROKE PINES,FL,VP,SARIN               AAYU,,,,,20260403_corporate.txt
L26000175458,BHGS LLC,A,FLAL,5502 SYCAMORE CANYON DR,,KISSIMMEE,,34758,03262026,,FERREIRA            ALVARO,KISSIMMEE,FL,AMBR,FERREIRA            ALVARO,,,,,20260403_corporate.txt
P26000017438,RKTZXXLX INC,A,DOMP,16813 SARAH'S PLACE APT 107,,CLERMONT,,34714,03272026,,TOWNLEY             ANDREI,CLERMONT,FL,PDST,TOWNLEY             ANDREI,,,,,20260403_corporate.txt
L26000175468,KAWAII STACKS LLC,A,FLAL,1945 NW 131ST ST,,MIAMI,,33167,03262026,,MARTINEZ            HANNAH,NORTH MIAMI BEACH,FL,AMBR,MARTINEZ            HANNAH,,,,,20260403_corporate.txt
P26000017448,SHAREN NAILS INC,A,DOMP,5545 W 24TH AVE,103,HIALEAH,,33016,03272026,,BUSTILLO REBOREDO   SHAREN        D,HIALEAH,FL,P,BUSTILLO REBOREDO   SHAREN        D,,,,,20260403_corporate.txt
L26000175478,JENCLAIRE BOUTIQUE LLC,A,FLAL,13060 CENTENNIAL ST.,,SPRING HILL,,34609,04032026,,HERRERA             JENISSE,SPRING HILL,FL,MGRM,HERRERA             JENISSE,,,,,20260403_corporate.txt
L26000175488,NOVABEL LLC,A,FLAL,21209 NE 38TH AVE,,AVENTURA,,33180,03262026,,TANGO MANAGEMENT SERVICES LLC,AVENTURA,FL,MGR,TANGO MANAGEMENT SERVICES LLC,,,,,20260403_corporate.txt
P26000017458,CNPHBWL INC,A,DOMP,2208 16TH AVE W,,BRADENTON,,34205,03272026,,WALKER              LINDSIE,BRADENTON,FL,PDST,WALKER              LINDSIE,,,,,20260403_corporate.txt
L26000175498,7326 ESTERO DR LLC,A,FLAL,7855 SW 104TH STREET,SUITE 210,MIAMI,,33156,03262026,,THE CORPORATE ASSISTANT LLC,MIAMI,FL,MGR,SMAYDA              MARIBETH      E,MGR,MARTINEZ            JESSICA       P,,,20260403_corporate.txt
P26000017468,BLUE SENIOR HOME SERVICES CORP,A,DOMP,5931 NW 193RD ST,,HIALEAH,,33015,03272026,,GONZALEZ MORAN      ARIEL,HIALEAH,FL,MGR,GONZALEZ MORAN      ARIEL,MGR,LOPEZ               JENNY,,,20260403_corporate.txt
L26000175508,OAKAS AI LLC,A,FLAL,9777 TRANQUILITY LAKE CIR APT 206,,RIVERVIEW,,33578,03262026,,MARTINO             ERIC,RIVERVIEW,FL,AMBR,MARTINO             ERIC,AMBR,GIGUERE             JAKE,,,20260403_corporate.txt
L26000175518,ACB HEATING & COOLING LLC,A,FLAL,8408 SOUTHWEST HEGENER DRIVE,,PORT ST. LUCIE,,34953,03262026,,ZENBUSINESS INC.,TALLAHASSEE,FL,AMBR,BECHAN              CHRISTOPHER,,,,,20260403_corporate.txt
L26000175528,"13599 PERDIDO KEY DRIVE UNIT T-PH1A, LLC",A,FLAL,7124 MELOGOLD CIRCLE,,LAND O LAKES,,34637,03262026,,TUCKNOTT            BONNIE        J,LAND O LAKES,FL,AMBR,TUCKNOTT            BONNIE        J,AMBR,TUCKNOTT            ARTHUR        J,,,20260403_corporate.txt
P26000017478,BRIGHT APPLE CORP,A,DOMP,711 WEST ENGLEWOOD AVENUE,,TEANECK,,07666,03272026,,ABOVE ALL ACCOUNTING LLC,MIAMI,FL,P,APPELBAUM           JEREMY,,,,,20260403_corporate.txt
L26000175538,"MOOKIES GFC, LLC",A,FLAL,3323 E MAY ST.,,INVERNESS,,34453,03262026,,VICK                MEGAN,INVERNESS,FL,AMBR,VICK                MEGAN,AMBR,GJERTSEN            KRISTINA,,,20260403_corporate.txt
P26000017488,"KELLIROSS1630, INC.",A,DOMP,3225 AVIATION AVENUE,SUITE 400,MIAMI,,33133,04012026,,"FGH REGISTERED AGENT SERVICES, LLC",MIAMI,FL,P,ROSS                KELLI,,,,,20260403_corporate.txt
L26000175548,NOVEL INVESTMENTS GROUP LLC,A,FLAL,3227 SE 21ST AVE,,GAINESVILLE,,32641,03252026,,DAVIS               CYNTHIA,GAINESVILLE,FL,MGR,DAVIS               CARL,,,,,20260403_corporate.txt
P26000017498,"L.I.S.A. RESEARCH DEVELOPMENT FOUNDATION, INC.",A,DOMP,5765 MAYPOP CIR,,SARASOTA,,34238,03272026,,SUTRYK              JOHN          AP,SARASOTA,FL,PDST,SUTRYK              JOHN          A,,,,,20260403_corporate.txt
N26000004548,"THOMAS ALVARO FOUNDATION, INC",A,DOMNP,1460 SOUTH LEAVITT AVE,,ORANGE CITY,,32763,03232026,,CHINCHOR            TIMOTHY       Z,ORANGE CITY,FL,CH/D,CHINCHOR            CHRISTINE     A,P/D,CHINCHOR            TIMOTHY       Z,S/D,QUINTANA            KATHRYN       M,20260403_corporate.txt
L26000175558,"BLESSED & GRATEFUL AI, LLC",A,FLAL,577 GOUGH PL,,THE VILLAGES,,32163,03262026,,DONNELLY            SEAN,THE VILLAGES,FL,AMBR,DONNELLY            SEAN,,,,,20260403_corporate.txt
L26000175568,SOUPBRAIN LLC,A,FLAL,1429 SW 57TH TERRACE,,CAPE CORAL,,33914,03262026,,HALPIN              DAVID         D,CAPE CORAL,FL,MGR,HALPIN              DAVID         D,,,,,20260403_corporate.txt
L26000175578,KEYSTONE CAPITAL PARTNERS LLC,A,FLAL,10609 LUCAYA DRIVE,,TAMPA,,33647,05012026,,DAEPROP MANAGEMENT SERVICES LLC,TAMPA,FL,MGR,DAEPROP MANAGEMENT SERVICES LLC,MBR,DAEGROUP CAPITAL VENTURES LLC,,,20260403_corporate.txt
L26000175588,311 VENTURES LLC,A,FLAL,16097 NE 8TH AVE,,NORTH MIAMI BEACH FL,,33162,03262026,,ESTRIPLET           MIKE          G,NORTH MIAMI BEACH,FL,AMBR,ESTRIPLET           MIKE          G,,,,,20260403_corporate.txt
L26000175598,"WILNAN HOLDINGS, LLC",A,FLAL,7905 W HIAWATHA ST,,TAMPA,,33615,03192026,,NANNEY              WILLIAM       A,TAMPA,FL,MGR,NANNEY              WILLIAM       A,MGR,NANNEY              WANDA         S,,,20260403_corporate.txt
L26000175608,RIMWISE INNOVATION II LLC,A,FLAL,111 2ND AVENUE NE STE 360,,SAINT PETERSBURG,,33701,03262026,,COMPARETTO          ANTHONY       JESQ.,SAINT PETERSBURG,FL,,,,,,,20260403_corporate.txt
L26000175618,GMB LEGACY HOLDINGS LLC,A,FLAL,2340 JONES RD,,JACKSONVILLE,,32220,03262026,,BESSENT             ALLISON,JACKSONVILLE,FL,P,BESSENT             ALLISON       E,P,BESSENT             BRETT         B,,,20260403_corporate.txt
M26000005218,DAVID AUSHERMAN ASSOCIATES LLC,A,FORL,7 TIVERTON LN.,,ASHEVILLE,,28803,04022026,452662541,C T CORPORATION SYSTEM,PLANTATION,FL,MGR,AUSHERMAN           DAVID,,,,,20260403_corporate.txt
L26000175628,HAPPY NEST ACRES LLC,A,FLAL,2180 ASPEN RD,,PUNTA GORDA,,33982,03232026,,RICHTER             CARLY         A,PUNTA GORDA,FL,MGR,RICHTER             CARLY         A,AP,RICHTER             RONALD        LJR,AP,SABIN               CANDICE,20260403_corporate.txt
N26000004558,HELP A GIRL OUT INC.,A,DOMNP,1025 SW 49TH TERR,,MARGATE,,33068,03272026,,GONZALES            MELISSA,MARGATE,FL,PD,GONZALES            MELISSA,VPD,JOAN                JOSEPH-PAYLOR,SD,EUGENE              ANGIE,20260403_corporate.txt
L26000175638,KENNY JAR LLC,A,FLAL,240 COLONY DRIVE,,EDGEWOOD,,41017,03262026,,"CAPITOL CORPORATE SERVICES, INC.",TALLAHASSEE,FL,AMBR,DURSTOCK            JENNY,,,,,20260403_corporate.txt
L26000175648,GLASS ART COLLECTIVE LLC,A,FLAL,953 OLD DIXIE HIGHWAY,# B5,VERO BEACH,,32960,04012026,,JARAMILLO           CLAUDIA       L,VERO BEACH,FL,MGR,JARAMILLO           CLAUDIA       L,,,,,20260403_corporate.txt
L26000175658,JERSEY STREET GRILL LLC,A,FLAL,351 CAMBRIDGE,308,HOLLYWOOD,,33024,03262026,,FLORES              ANGEL         S,HOLLYWOOD,FL,MGR,FONTE               MASSIEL       I,,,,,20260403_corporate.txt
L26000175668,CENTRAL PARK ENTERTAINMENT LLC,A,FLAL,5260 NW 2ND AVE,APT 407,BOCA RATON,,33487,03262026,,SCHNEIDER           JASON         A,BOCA RATON,FL,MGR,SCHNEIDER           JASON         A,,,,,20260403_corporate.txt
L26000175678,CHROME NEEDLE RECORDS LLC,A,FLAL,7901 4TH ST N STE 300,,ST. PETERSBURG,,33702,03262026,,NORTHWEST REGISTERED AGENT LLC,ST. PETERSBURG,FL,AMBR,BISTROV             ALONA,,,,,20260403_corporate.txt
L26000175688,INFINITY BLUE MGMT LLC,A,FLAL,5868 22ND STREET,,VERO BEACH,,32966,03262026,,ZENBUSINESS INC.,TALLAHASSEE,FL,AMBR,FASANO              JOHN          AJR,,,,,20260403_corporate.txt
L26000175698,"AMJ CONSULTING SOLUTIONS, LLC",A,FLAL,800 S. DAKOTA AVE,#318,TAMPA,,33606,03242026,,JAMES               ANNELISE      M,TAMPA,FL,AMBR,JAMES               ANNELISE      M,,,,,20260403_corporate.txt
F26000001988,LIVE BETTER FINANCIAL CORP.,A,FORP,145 JURA CT,,EL DORADO HILLS,,95762,04042026,260076202,REGISTERED AGENTS INC,ST PETERSBURG,FL,DPS,ROSEVEARE           SCOTT,T,ROSEVEARE           TRICIA,,,20260403_corporate.txt
L26000175708,"IMERSE HOLDINGS, LLC",A,FLAL,3440 HOLLYWOOD BLVD.,SUITE 415,HOLLYWOOD,,33021,03262026,,"ERIC J. MILLER, P.A.",HOLLYWOOD,FL,MGR,MILLER              ERIC          J,,,,,20260403_corporate.txt
L26000175718,RIVER LILY CLEANING CO. LLC,A,FLAL,24185 LANIER STREET,,TALLAHASSEE,,32310,04012026,,REVIS               ASHLEY        M,TALLAHASSEE,FL,MGR,REVIS               ASHLEY        M,,,,,20260403_corporate.txt
L26000175728,GOZA LOGISTICS LLC,A,FLAL,7746 SPRING BRANCH DR N,,JACKSONVILLE,,32221,03212026,,GOZA                LEON,JACKSONVILLE,FL,AMBR,GOZA                LEON,AMBR,CULVER              ANGEL         D,,,20260403_corporate.txt
L26000175738,"DEBORAH FINE JEWELRY, LLC",A,FLAL,10751 MOBBERLEY CIR,,ORLANDO,,32832,03242026,,INC AUTHORITY RA,ORLANDO,FL,MGR,RIVERA              ROBERT,,,,,20260403_corporate.txt
L26000175748,"AMY K SEWING & ALTERATIONS, LLC",A,FLAL,11 10TH STREET,,EASTPOINT,,32328,03242026,,INC AUTHORITY RA,ORLANDO,FL,MGR,CROSBY              AMY,,,,,20260403_corporate.txt
M26000005228,"UNITED FLO, LLC",A,FORL,689 CHASE AVE,,ELK GROVE VILLAGE,,60131,04022026,861570527,NORTHWEST REGISTERED AGENT LLC,ST.PETERSBURG,FL,MBR,TRNINICH            RADE,MBR,MALORNY             KRIS,,,20260403_corporate.txt
L26000175758,"EMERALD COAST PRINCESS PARTIES, LLC",A,FLAL,7437 BREVARD ST,,NAVARRE,,32566,03242026,,INC AUTHORITY RA,ORLANDO,FL,MGR,CRAWFORD            MATECHA,,,,,20260403_corporate.txt
P26000017508,ELIN AUTO TRANSPORT CORP,A,DOMP,10090 TULLER LOOP,104,WINTER GARDEN,,34787,03272026,,ALIBECK ACCOUNTING,BUNNELL,FL,MGR,CARVALHO DE AMORIM  ELDER,,,,,20260403_corporate.txt
L26000175768,"54 EMILY LANE, LLC",A,FLAL,54 EMILY LN.,,FORT MYERS BEACH,,33931,04022026,,MAUGHAN             JASON         RESQ,FORT MYERS,FL,MM,MARKOWSKY           WALTER        L,,,,,20260403_corporate.txt
L26000175778,"INCOMPASSID, LLC",A,FLAL,400 SUNNY ISLES BLVD,APT 1620,MIAMI,,33160,03242026,,INC AUTHORITY RA,ORLANDO,FL,MGR,HARMAN              THOMAS,,,,,20260403_corporate.txt
P26000017518,LUNARA MIND & BODY INC,A,DOMP,971 W 64TH PL,,HIALEAH,,33012,03272026,,LARA                IVET,HIALEAH,FL,P,LARA                IVET,,,,,20260403_corporate.txt
L26000175788,"1 STOP METAL, LLC",A,FLAL,1579 BARFIELD RD,,POLK CITY,,33868,03252026,,INC AUTHORITY RA,ORLANDO,FL,MGR,BUENTELLO           HERMAN,,,,,20260403_corporate.txt
P26000017528,K&G PREMIER LIMO CORP,A,DOMP,5785 NW 111TH TERRACE,,HIALEAH,,33012,03272026,,CALERO              GEROL,HIALEAH,FL,P,CALERO              GEROL,,,,,20260403_corporate.txt
L26000175798,"DOM NOIR, LLC",A,FLAL,1116 BANCROFT ST,,DELTONA,,32725,03242026,,INC AUTHORITY RA,ORLANDO,FL,MGR,BOWMAN              TIMOTHY,,,,,20260403_corporate.txt
L26000175808,"ELECTRIC FOSSILS, LLC",A,FLAL,4462 BURLINGTON AVE N,,SAINT PETERSBURG,,33713,03252026,,INC AUTHORITY RA,ORLANDO,FL,MGR,DELANEY             JAKE,,,,,20260403_corporate.txt
L26000175818,"GRUPO ESTRELLA ME, LLC",A,FLAL,5711 BUCHANAN ST,,HOLLYWOOD,,33021,03252026,,INC AUTHORITY RA,ORLANDO,FL,MGR,MATEO ESTRELLA      RANSELL,,,,,20260403_corporate.txt
P26000017538,PREMIER TILE & MARBLE GROUP INC,A,DOMP,12636 NW 13 CT,,SUNRISE,,33323,03282026,,VALLE               MOISES,SUNRISE,FL,P,VALLE               MOISES,VP,TAVERAS             MICHELLE      M,,,20260403_corporate.txt
L26000175828,"LARCO MEDICAL, LLC",A,FLAL,4058 71ST AVE N,,PINELLAS PARK,,33781,03252026,,INC AUTHORITY RA,ORLANDO,FL,MGR,LARCO               DENNYS,MGR,VINUEZA             LIDIA,,,20260403_corporate.txt
P26000017548,SERENITY IMMIGRATION SERVICES CORP,A,DOMP,948 W 25TH STREET,,HIALEAH,,33013,03282026,,CRUZ                ISABEL,HIALEAH,FL,P,CRUZ                ISABEL,,,,,20260403_corporate.txt
L26000175838,X RAY LLC,A,FLAL,131 CORAL CREST DR,,VALRICO,,33594,03252026,,INC AUTHORITY RA,ORLANDO,FL,MGR,GENTILE             RAYMOND,,,,,20260403_corporate.txt
L26000175848,"HANNA ELITE TRANSPORT, LLC",A,FLAL,6638 SE FARM RD,,LEE,,32059,03252026,,INC AUTHORITY RA,ORLANDO,FL,MGR,HANNA               JAZLYN,,,,,20260403_corporate.txt
L26000175858,"SOUTHERN SWEETNESS, LLC",A,FLAL,"4768 ORLEANS CT APT, D",,WEST PALM BEACH,,33415,03252026,,INC AUTHORITY RA,ORLANDO,FL,MGR,GRIFFIN             GENA,,,,,20260403_corporate.txt
L26000175868,"ONWARD INSURANCE STRATEGY, LLC",A,FLAL,6704 BRIGHTON PARK DRIVE,,APOLLO BEACH,,33572,03262026,,JOHNSON             MAEDEAN,APOLLO BEACH,FL,AMBR,JOHNSON             MAEDEAN,,,,,20260403_corporate.txt
L26000175878,LEARTISA LLC,A,FLAL,7901 4TH ST N STE 300,,ST. PETERSBURG,,33702,03262026,,REGISTERED AGENTS INC,ST. PETERSBURG,FL,AMBR,TRAN                ANH TU,,,,,20260403_corporate.txt
L26000175888,SANCTUS REALTY LLC,A,FLAL,7901 4TH ST N STE 300,,ST. PETERSBURG,,33702,03262026,,NORTHWEST REGISTERED AGENT LLC,ST. PETERSBURG,FL,,,,,,,20260403_corporate.txt
N26000004568,"LULAC COUNCIL 7252, INC.",A,DOMNP,10759 GLEN ELLEN DRIVE,,TAMPA,,33624,03302026,,MEDRANO             LYDIA         EPHD,TAMPA,FL,PRES,MEDRANO             LYDIA         EDR.,VP,MARTINEZ            LUCAS,TREA,MEDINA              MARIA,20260403_corporate.txt
L26000175898,REBECCA BABLIN LLC,A,FLAL,330 3RD ST S,APT 520,ST. PETERSBURG,,33701,03262026,,BABLIN              REBECCA,ST. PETERSBURG,FL,MGR,BABLIN              REBECCA,,,,,20260403_corporate.txt
P26000017558,CMC PREMIER INC,A,DOMP,1314 E. LAS OLAS BOULEVARD,,FT. LAUDERDALE,,33301,03312026,,PEREYRA             HECTOR,FT. LAUDERDALE,FL,PRES,JIMENEZ             DAVID,,,,,20260403_corporate.txt
L26000175908,RELENTLESS HAULING & TRANSPORT LLC,A,FLAL,683 TAYLOR RD MONTICELLO FL 32344,,MONTICELLO,,32344,03262026,,BOYER               BRITTENY,MONTICELLO,FL,MGR,BRITTENY BOYER,,,,,20260403_corporate.txt
L26000175918,RUM ROW POOLS SERVICE LLC,A,FLAL,1224 ROSEMARY LN UNIT A,,NAPLES,,34103,03262026,,DIX                 MICHAEL       P,NAPLES,FL,MGR,DIX                 MICHAEL       P,,,,,20260403_corporate.txt
L26000175928,VANCE TAVERNS LLC,A,FLAL,25415 TRADEWINDS DRIVE,,LAND O' LAKES,,34639,04022026,,VANCE               CRAIG,LAND O' LAKES,FL,MGR,VANCE               CRAIG,,,,,20260403_corporate.txt
L26000175938,GSD SKIN SPECIALISTS LLC,A,FLAL,"1600 W. SUNPURE RD., UNIT 20",,AVON PARK,,33825,03262026,,DEL ROSARIO         JHON POL      O,WINTER HAVEN,FL,AMBR,SULITE              GLADYLEA,,,,,20260403_corporate.txt
L26000175948,RFC3 CONSULTING LLC,A,FLAL,8601 CABIN HILL ROAD,,TALLAHASSEE,,32311--850,03262026,,COLLINS             ROBERT        FIII,TALLAHASSEE,FL,MGR,COLLINS             ROBERT        FIII,,,,,20260403_corporate.txt
L26000175958,DIRECT METALS NETWORK LLC,A,FLAL,12855 SW 136TH AVE,SUITE 214,MIAMI,,33186,03262026,,BENITEZ             EMIL,MIAMI,FL,MGR,BENITEZ             EMIL,,,,,20260403_corporate.txt
L26000175968,TULVAPP ENTERTAINMENT LLC,A,FLAL,2006 ROOSEVELT DRIVE,,KEY WEST,,33040,03252026,,PARKS               TEREZA,KEY WEST,FL,MGR,PARKS               TEREZA,,,,,20260403_corporate.txt
M26000005238,"6E TECHNOLOGIES, LLC",A,FORL,6795 E TENNESSEE STE 1-353,,DENVER,,80024,03302026,200288072,REGISTERED AGENTS INC,ST.PETERSBURG,FL,MGR,GOYAL               KOKMAL,,,,,20260403_corporate.txt
L26000175978,BRORA 1518 LLC,A,FLAL,"40 SE 5TH STREET, SUITE 405",,BOCA RATON,,33432,04022026,,GROSS SIMON PLLC,BOCA RATON,FL,MGR,BRORA GP 1 LLC,,,,,20260403_corporate.txt
L26000175988,ORTIZ SLIDING DOOR SOLUTIONS LLC,A,FLAL,1006 ASHENTREE DR,,PLANT CITY,,33563,03262026,,ORTIZ               BRYAN          MANAGER,PLANT CITY,FL,,,,,,,20260403_corporate.txt
L26000175998,VAROCH LLC,A,FLAL,2 S BISCAYNE BOULEVARD SUITE 3200-6655,,MIAMI,,33131,03312026,,LUPA ENTERPRIES INC,MIAMI,FL,MGRM,JOSE LUIS VARELA LOPEZ,MGRM,JOHNATHAN KRISTIAN ROCHA VARELA,,,20260403_corporate.txt
L26000176008,"DAC OF CENTRAL FLORIDA, LLC",A,FLAL,186 S MAGNOLIA AVE,,CENTER HILL,,33514,03262026,,SERIEUX             DENELLE,CENTER HILL,FL,AMBR,SERIEUX             DENELLE,,,,,20260403_corporate.txt
L26000176018,ELITE LUX TAXES LLC,A,FLAL,3359 AZOLLA STREET,,ORLANDO,,32808,03262026,,EDELSON             GRANT,ORLANDO,FL,MGR,ALVAREZ             CIARA,,,,,20260403_corporate.txt
L26000176028,HOBEY GALVIN LLC,A,FLAL,109 WEST FORTUNE STREET,,TAMPA,,33602,03262026,,NORTHWEST REGISTERED AGENT LLC,ST PETERSBURG,FL,AMBR,GALVIN              HOBEY,,,,,20260403_corporate.txt
L26000176038,PLANET POP LLC,A,FLAL,2851 NORTHEAST 183RD STREET,2204,AVENTURA,,33160--210,03262026,,RAVEH               DANEL,AVENTURA,FL,AMBR,RAVEH               DANEL,AMBR,MITCHELL            KIMBERLY J,AMBR,SIDDIQUI            MUHAMAD FARHAN,20260403_corporate.txt
L26000176048,MOMO CUISINE LLC,A,FLAL,6830 NW 81ST PL,,TAMARAC,,33321,03202026,,MOISE               JOCELAINE,TAMARAC,FL,AMBR,MOISE               JOCELAINE,AMBR,MESAMOURS           MARCELIN,,,20260403_corporate.txt
L26000176058,"LADY FADE GROOMING, LLC",A,FLAL,1250 NW 36TH ST,APT910,MIAMI,,33142,03262026,,INC AUTHORITY RA,ORLANDO,FL,MGR,VAZQUEZ             IRMALIZ,,,,,20260403_corporate.txt
L26000176068,"850FRESH, LLC",A,FLAL,201 OLD WETAPPO WAY,,WEWAHITCHKA,,32465,03262026,,INC AUTHORITY RA,ORLANDO,FL,MGR,JUSTESEN            RAEANN,,,,,20260403_corporate.txt
L26000176078,B.E.E.S' OF HOPE LLC,A,FLAL,10945 SW 142ND LANE,,MIAMI,,33176,04012026,,ELLIS               TRANIKA,MIAMI,FL,MGR,ELLIS               TRANIKA,,,,,20260403_corporate.txt
L26000176088,STUNNASHINE DETAILING LLC,A,FLAL,18120 KELLY RD,,SPRING HILL,,34610,03262026,,GRIMSLEY            AIDAN,SPRING HILL,FL,MGR,GRIMSLEY            AIDAN,,,,,20260403_corporate.txt
L26000176098,PEONY LANDSCAPING LLC,A,FLAL,5573 BOULDER BLVD,,SARASOTA,,34233,03262026,,HORNE               TONDA,SARASOTA,FL,MGR,HORNE               TONDA         E,MGR,HORNE               JOHN,,,20260403_corporate.txt
L26000176108,BROTHERS ESPEJO LLC,A,FLAL,7191 CYPRESS LAKE DRIVE,STE 3,FORT MYERS,,33907,03262026,,ESPEJO CARDONA      DANIEL        F,FORT MYERS,FL,AMBR,ESPEJO CARDONA      DANIEL        F,,,,,20260403_corporate.txt
L26000176118,PLAZMATIC MOBILE PHLEBOTOMY SERVICES LLC,A,FLAL,7901 4TH ST N STE 300,,ST. PETERSBURG,,33702,03262026,,REGISTERED AGENTS INC,ST. PETERSBURG,FL,MGR,THOMPSON            GLENDA,,,,,20260403_corporate.txt
L26000176128,HEALTH4LIFE HOLDINGS LLC,A,FLAL,918 HAMILTON PLACE LANE,,LAKELAND,,33813,03262026,,WOOLDRIDGE          ALICIA        L,LAKELAND,FL,AMBR,WOOLDRIDGE          ALICIA        L,,,,,20260403_corporate.txt
L26000176138,BELLAVI PRIME LLC,A,FLAL,7675 W IRLO BRONSON MEMORIAL HWY,,KISSIMMEE,,34747,03262026,,ICONNECT SOLUTIONS CORP,ORLANDO,FL,MGR,TISSOT              PAULO ROBERTO,,,,,20260403_corporate.txt
L26000176148,KD CATALYST HOLDINGS LLC,A,FLAL,10211 57TH COURT EAST.,,PARRISH,,34219,04022026,,"SPIEGEL & UTRERA, P.A.,",MIAMI,FL,MGR,SHEFFER             DAVID,,,,,20260403_corporate.txt
L26000176158,PRESTIGE MOUNT SOLUTIONS LLC,A,FLAL,1809 JACKSON STREET,913,HOLLYWOOD,,33020,03262026,,KORNILOV            ILIA,HOLLYWOOD,FL,AMBR,KORNILOV            ILIA,AMBR,KORNILOVA           ALEKSANDRA,,,20260403_corporate.txt
L26000176168,"4907 19TH STREET WEST, LLC",A,FLAL,1245 COURT STREET,,CLEARWATER,,33756,04022026,,KETRON              BRANDON       IESQ,CLEARWATER,FL,MGR,"SBNE MANAGEMENT, LLC",,,,,20260403_corporate.txt
L26000176178,JM SOLUTIONS PAVERS LLC,A,FLAL,4354 NW 9TH AVE APT 12-2D,,POMPANO BEACH,,33064,03262026,,ESCOBAR GONZALES    KEVIN         L,POMPANO BEACH,FL,AMBR,ESCOBAR GONZALES    KEVIN         L,MGR,RUIZ HENRIQUEZ      SINDY         P,,,20260403_corporate.txt
M26000005248,LY INFINITY VERO BEACH PROPERTY LLC,A,FORL,"170 MEETING ST., STE. 110",,CHARLESTON,,29401,04022026,415232776,CORPORATION SERVICE COMPANY,TALLAHASSEE,FL,CEO,LEVESQUE            STEVEN,,,,,20260403_corporate.txt
L26000176188,BLOW MOLDING SOLUTIONS LLC,A,FLAL,2127 LOCKLIN LN,,THE VILLAGES,,32163,03262026,,"LEGALZOOM USCA, INC.",FORT LAUDERDALE,FL,AMBR,PADGETT             WILLIAM,,,,,20260403_corporate.txt
L26000176198,CARINTHIA COAST HOSPITALITY LLC,A,FLAL,317 FORDHAM DRIVE,,LAKE WORTH BEACH,,33460,04022026,,VARGA-MCCLUSKEY     ALEXIA,PALM BEACH GARDENS,FL,MGR,HUAINIGG            JOSEF,,,,,20260403_corporate.txt
L26000176208,GOAL POST MARKETING LLC,A,FLAL,2584 LAKE HOWELL LN.,,WINTER PARK,,32792,03262026,,GOLDMAN             THOMAS,APOPKA,FL,MGR,VAN STADEN          PHILIP,MGR,ROODT               THOMAS        B,,,20260403_corporate.txt
L26000176218,SHARP SOCIETY LLC,A,FLAL,401 E LAS OLAS BLVD,SUITE 196,FORT LAUDERDALE,,33301,03222026,,ANUSAVICE           ANDREAS,FORT LAUDERDALE,FL,MGR,ANUSAVICE           ANDREAS,,,,,20260403_corporate.txt
L26000176228,"AMANDA K. GARCIA SPEECH THERAPY, PLLC",A,FLAL,943 SALTWATER CIRCLE,,ST. AUGUSTINE,,32080,03262026,,GARCIA              AMANDA        K,ST. AUGUSTINE,FL,MGR,GARCIA              AMANDA        K,,,,,20260403_corporate.txt
L26000176238,DISCO BISCUITS LLC,A,FLAL,384 ST JOHNS FOREST BLVD,,"JACKSONVILLE, FL",,32259,03262026,,VANSTEENBERGHE      NICOLAS,JACKSONVILLE,FL,,,,,,,20260403_corporate.txt
L26000176248,RASSO TRAVEL LLC,A,FLAL,6056 CALLE DEL NOVA,,WEST PALM BEACH,,33415,03262026,,DEL NODAL JOA       BRIAN,WEST PALM BEACH,FL,AMBR,DEL NODAL JOA       BRIAN,,,,,20260403_corporate.txt
L26000176258,BECK BUILT DESIGNS LLC,A,FLAL,7901 4TH ST N STE 300,,ST. PETERSBURG,,33702,03262026,,REGISTERED AGENTS INC,ST. PETERSBURG,FL,,,,,,,20260403_corporate.txt
L26000176268,BELLAROSE BEAUTY STUDIO LLC,A,FLAL,10343 LAXTON STREET,,ORLANDO,,32824,03262026,,PEREZ               LADY,ORLANDO,FL,AMBR,PEREZ               LADY,,,,,20260403_corporate.txt
L26000176278,MINDSET COMPUTERS LLC,A,FLAL,7901 4TH ST N  STE 300,,ST. PETERSBURG,,33702,03262026,,REGISTERED AGENTS INC,ST. PETERSBURG,FL,AMBR,SUALA               ABDUL WAHAB,,,,,20260403_corporate.txt
L26000176288,KOKY SAILING PERFORMANCE LLC,A,FLAL,2956 SW 26TH ST,,MIAMI,,33133,03262026,,GUTIERREZ SATORRE   DIUNIESKI,MIAMI,FL,MGR,GUTIERREZ SATORRE   DIUNIESKI,,,,,20260403_corporate.txt
L26000176298,"SOUTHERN ADVOCACY SOLUTIONS FOR UNIQUE LEARNERS, LLC",A,FLAL,450 MOFFAT LOOP,,OVIDEO,,32765,04012026,,MYERS               URSULA        P,OVIDEO,FL,MRS.,MYERS               URSULA        P,,,,,20260403_corporate.txt
L26000176308,CB BUSINESS GROUP LLC,A,FLAL,13541 SW 8TH ST,,DAVIE,,33325,03262026,,BASTARDO            CAMILA,DAVIE,FL,MGR,BASTARDO            CAMILA,,,,,20260403_corporate.txt
L26000176318,FL ROADRUNNER RENTALS LLC,A,FLAL,2072 SAN SEBASTIAN WAY N,,CLEARWATER,,33763,03212026,,MCAULEY             BRYSON,CLEARWATER,FL,,,,,,,20260403_corporate.txt
L26000176328,NAVERA HOLDINGS LLC,A,FLAL,7901 4TH ST N STE 300,,ST. PETERSBURG,,33702,03262026,,REGISTERED AGENTS INC,ST. PETERSBURG,FL,,,,,,,20260403_corporate.txt
L26000176338,GREEN POOL CONCRETE FINISH CONCEPTO LLC,A,FLAL,1560 NW 24 COURT,,MIAMI,,33125,03262026,,GREEN               JUAN          F,MIAMI,FL,MGR,GREEN               JUAN          F,,,,,20260403_corporate.txt
L26000176348,"PRESTIGE PRINTWORKS OF FLORIDA, LLC",A,FLAL,126 WOODCREEK DR E,,SAFETY HARBOR,,34695,04012026,,CRAIG               KELLI         J,SAFETY HARBOR,FL,MGR,CRAIG               KELLI         J,,,,,20260403_corporate.txt
L26000176358,MERLIN BUSINESS LLC,A,FLAL,330 E CENTRAL BLVD,,ORLANDO,,32801,03262026,,FLOW BUSINESS AND ACCOUNTING SERVICES,ORLANDO,FL,AMBR,MOREIRA S DE LUCA   MARLON VITOR,AMBR,VIEIRA PAES         MARIA AUGUSTA,,,20260403_corporate.txt
L26000176368,RIMI BR LLC,A,FLAL,4215 LINDY CIRCLE,C/O ROBERT SANTOS,ORLANDO,,32827,03262026,,SUNSHINE FIDUCIARY MANAGEMENT LLC,ORLANDO,FL,AMBR,HEISTERKAMP         NATALIA,,,,,20260403_corporate.txt
L26000176378,JESSICAS FRESHLY BAKED SOURDOUGH LLC,A,FLAL,2933 SE PRUITT ROAD,,PORT ST LUCIE,,34952,03262026,,NORTHWEST REGISTERED AGENT LLC,ST. PETERSBURG,FL,MGR,MILLER              JESSICA       L,,,,,20260403_corporate.txt
L26000176388,"LAMACA RETREATS, LLC",A,FLAL,13079 LAMACA CT.,,JACKSONVILLE,,32246,04022026,,"ANSBACHER LAW, P.A.",JACKSONVILLE,FL,MGR,ROOPNARINE          SHAUN,MGR,ESACK               NAZREEN,,,20260403_corporate.txt
L26000176398,TLC EQUESTRIAN LLC,A,FLAL,"3001 OCEAN DRIVE, SUITE 203",,VERO BEACH,,32963,03262026,,BARBOSA             MICHAEL,VERO BEACH,FL,MGR,CORR                THOMAS,,,,,20260403_corporate.txt
L26000176408,"ULTIMATE TILE AND REMODELING, LLC",A,FLAL,658 SW MUNJACK COVE,,PORT ST. LUCIE,,34986,03262026,,INC AUTHORITY RA,ORLANDO,FL,MGR,VALENTIM DIAS       DENIS,,,,,20260403_corporate.txt
L26000176418,"MICHAEL ALLENS' PAINTING, LLC",A,FLAL,9199 WEST ST.,,BROOKSVILLE,,34601,03262026,,INC AUTHORITY RA,ORLANDO,FL,MGR,OWENS               MICHAEL,MGR,OWENS               JENNIFER,,,20260403_corporate.txt
L26000176428,ACOUSTIC INFRASTRUCTURE LLC,A,FLAL,10554 TIDEWATER KEY BLVD,,ESTERO,,33928,03262026,,CONROY              LAWRENCE,ESTERO,FL,AMBR,CONROY              LAWRENCE,AMBR,CONROY              KAREN         A,,,20260403_corporate.txt
L26000176438,"WMW PROPERTY GROUP, LLC",A,FLAL,11595 165TH ROAD NORTH,,"JUPITER, FLORIDA",,33478,03212026,,WAKEFIELD           JESSICA       R,JUPITER,FL,AMBR,WAKEFIELD           JESSICA       R,AMBR,WAKEFIELD           STEPHEN       D,AMBR,MONTGOMERY          DUSTIN        B,20260403_corporate.txt
L26000176448,"SF I-DRIVE FL HOLDINGS, LLC",A,FLAL,10391 EL PARAISO PL,,DELRAY BEACH,,33446,03262026,,BRITO PLLC,CORAL GABLES,FL,MGR,DAVIDOVICI          CHARISSA,,,,,20260403_corporate.txt
L26000176458,TRAFFIC CONTROL SAFETY PRO LLC,A,FLAL,2927 ADMIRAL ST,,FORT PIERCE,,34982,03252026,,NICOLE              MACEO,FORT PIERCE,FL,,,,,,,20260403_corporate.txt
L26000176468,"6361 HOLDINGS, LLC",A,FLAL,3487 KINGMAN COURT,,HERNANDO BEACH,,34607,04022026,,O'BRIEN-BURNETT     CHERYL        M,HERNANDO BEACH,FL,MGR,O'BRIEN-BURNETT     CHERYL        M,MGR,BURNETT             JOHN          A,MBR,THE BURNETT FAMILY TRUST,20260403_corporate.txt
L26000176478,"ANUBIS DEFENSE, LLC",A,FLAL,1102 WEST DE LEON STREET,APT 3,TAMPA,,33616,03262026,,NELSON              BRANDON       D,TAMPA,FL,CEO,NELSON              BRANDON       D,,,,,20260403_corporate.txt
L26000176488,"BELLE GLOW BAR, LLC",A,FLAL,2213 BODRICK CIRCLE,201,BRANDON,,33611,03262026,,VALIDO              MARIA,BRANDON,FL,MGR,VALIDO              MARIA,,,,,20260403_corporate.txt
L26000176498,270 MAYO LLC,A,FLAL,270 WEST MAIN STREET,,MAYO,,32066,03212026,,ENGELS              GABRIELA,FORT WHITE,FL,AMBR,ENGELS              GABRIELA,AMBR,BIGE                THOMAS,,,20260403_corporate.txt
L26000176508,GDV HOMES LLC,A,FLAL,4325 HECTOR CT.,APT 2,ORLANDO,,32822,03232026,,DIAZ                GLORIANNE,ORLANDO,FL,MGR,DIAZ                GLORIANNE,,,,,20260403_corporate.txt
L26000176518,TRUE ENERGY RENTALS LLC,A,FLAL,2796 NW 46TH ST,,MIAMI,,33127,03252026,,MCCALLUM            LASHONDA      E,MIAMI,FL,CEO,WALKER              KISHAWN       ZSR.,,,,,20260403_corporate.txt
L26000176528,VJR ASSETS LLC,A,FLAL,10473 CROMWELL GROVE TER,,ORLANDO,,32827,03262026,,TAXBRITT CONSULTANTS INC,SANFORD,FL,AMBR,DE LIMA             RODRIGO       L,,,,,20260403_corporate.txt
L26000176538,BUYCOMPUTER.ONLINE LLC,A,FLAL,16047 COLLINS AVE,# 1803,SUNNY ISLES,,33160,03262026,,GALKIN              ANGELICA,SUNNY ISLES,FL,MGR,GALKIN              ANGELICA,,,,,20260403_corporate.txt
L26000176548,HIRESA LLC,A,FLAL,7901 4TH ST N,STE 300,ST. PETERSBURG,,33702,03262026,,SUNSHINE CORPORATE FILINGS LLC,ST. PETERSBURG,FL,MGR,GUERGAWI            MATHEW,,,,,20260403_corporate.txt
L26000176558,TRIMAX POWER SYSTEMS LLC,A,FLAL,505 SW 16TH CT,,FORT LAUDERDALE,,33315,04012026,,REGISTERED AGENTS INC,FORT LAUDERDALE,FL,MGR,TRIMAX HOLDINGS LLC,,,,,20260403_corporate.txt
L26000176568,NITEPOINTE.COM LLC,A,FLAL,1005 E 108TH AVE,,TAMPA,,33612,03262026,,LIGHTFOOT           ISAAC         CSR,TAMPA,FL,MGR,LIGHTFOOT           ISAAC         CSR,,,,,20260403_corporate.txt
L26000176578,KR PRO LOGISTICS LLC,A,FLAL,2324 ORCHID DR,,DAVENPORT,,33837,03262026,,REYES PEREZ         KEVIN         F,DAVENPORT,FL,AMBR,REYES PEREZ         KEVIN         F,,,,,20260403_corporate.txt
L26000176588,BIG BEND TIDE & TIMBER OUTFITTERS LLC,A,FLAL,36 MATHIS ROAD,,SOPCHOPPY,,32358,03262026,,NORTHWEST REGISTERED AGENT LLC,ST PETERSBURG,FL,AMBR,SORRELL             WILLIAM,,,,,20260403_corporate.txt
L26000176598,RD CLEAN SERVICE LLC,A,FLAL,6136 NW GINGER LANE,,PORT ST LUCIE,,34986,03262026,,DEMERS              RENATA        P,PORT ST LUCIE,FL,MGR,DEMERS              RENATA        P,,,,,20260403_corporate.txt
L26000176608,GDUO LLC,A,FLAL,13728 LAGOON ISLE WAY,102,ORLANDO,,32824,03262026,,RIVERA              SONIA,KISSIMMEE,FL,,,,,,,20260403_corporate.txt
L26000176618,"MEDCONTEXT, LLC",A,FLAL,13106 MAJESTIC WAY,,COOPER CITY,,33330,04022026,,LEON                MIGUEL,COOPER CITY,FL,MGR,LEON                MIGUEL,MGR,REYES               ILICH,AMBR,GIANNOLA            GIOVANNI,20260403_corporate.txt
L26000176628,M & M SOLUTIONS MULTI SERVICES LLC,A,FLAL,1031 TROY DR,,LAKE WALES,,33853,03212026,,WILIAMS             BENJAMIN      T,LAKE WALES,FL,MGR,WILLIAMS            BENJAMIN      T,,,,,20260403_corporate.txt
L26000176638,"MELLOW SMOKE SHOP 3, LLC.",A,FLAL,112 N. DALE MABRY HWY,,TAMPA,,33609,04012026,,ALI                 MUSTAFA       M,TAMPA,FL,MGR,ALI                 MUSTAFA       M,,,,,20260403_corporate.txt
L26000176648,CASAVETRO INSTALLATION LLC,A,FLAL,2852 NW 132ND ST,,OPALOCKA,,33054,03262026,,PEREZ               DEIVYS,OPA-LOCKA,FL,P,PEREZ              DEIVYS,,,,,20260403_corporate.txt
L26000176658,"THE STYLE VAULT APPAREL, LLC",A,FLAL,11417 WESTON COURSE LOOP,,RIVERVIEW,,33579,03162026,,POTVINE             CHERLINE      N,RIVERVIEW,FL,,,,,,,20260403_corporate.txt
L26000176668,LEVEL UP CLOSING SOLUTIONS LLC,A,FLAL,635 HERITAGE SQUARE DR,,HAINES CITY,,33844,03262026,,SIQUEIRA            ERIKA,HAINES CITY,FL,AMBR,SIQUEIRA            ERIKA,,,,,20260403_corporate.txt
L26000176678,SOLACE ESSENTIALS LLC,A,FLAL,LARCH CIR NE,APT 104,PALM BAY,,32905,04062026,,STANICLAS           NESTHALINE    NMRS,PALM BAY,FL,MGR,STANICLAS           LUNER         LSR,,,,,20260403_corporate.txt
P26000017568,SMOKEY'S BAYMEADOWS INC.,A,DOMP,9550 BAYMEADOWS RD,,JACKSONVILLE,,32256,03262026,,ISAAC               BRETT,JACKSONVILLE,FL,P,BARAKAT             HADI,VP,BARAKAT             FADI,,,20260403_corporate.txt
L26000176688,PB FARMS DEVELOPMENT LLC,A,FLAL,2435 NORTHWEST 53RD STREET,,BOCA RATON,,33496,03262026,,TURI                LEONARD       PJR,"BOCA RATON,",FL,MGR,TURI                LEONARD        JR,,,,,20260403_corporate.txt
L26000176698,ONTIMEX LLC,A,FLAL,400 LESLIE DRIVE,603,HALLANDALE BEACH,,33009,03262026,,TRAPEZAU            PAVEL,HALLANDALE BEACH,FL,MGR,TRAPEZAU            PAVEL,,,,,20260403_corporate.txt
L26000176708,8902 BATES RD LLC,A,FLAL,7855 SW 104TH STREET,SUITE 210,MIAMI,,33156,03262026,,THE CORPORATE ASSISTANT LLC,MIAMI,FL,MGR,SMAYDA              MARIBETH      E,MGR,MARTINEZ            JESSICA       P,,,20260403_corporate.txt
L26000176718,STRANO COMPANY LLC,A,FLAL,330 E CENTRAL BLVD,,ORLANDO,,32801,03232026,,FLOW BUSINESS AND ACCOUNTING SERVICES,ORLANDO,FL,AMBR,DOMINGOS STRANO    PAMELA,,,,,20260403_corporate.txt
L26000176728,"THERAPY IN 3D, LLC",A,FLAL,4631 BOBOLINK WAY,,CRESTVIEW,,32539,03262026,,KILBOURNE           SAMANTHA,CRESTVIEW,FL,MGR,KILBOURNE           SAMANTHA,,,,,20260403_corporate.txt
L26000176738,ATLAS INTERNATIONAL INVESTMENTS LLC,A,FLAL,117 NW 42ND AVE,STE CU-1,MIAMI,,33126,03262026,,GESTORIA MIAMI LLC,MIAMI,FL,MGR,LASCANO             BORIS         A,,,,,20260403_corporate.txt
L26000176748,"DONAS PLACE, LLC",A,FLAL,1420 SOUTH C STREET,,LAKE WORTH BEACH,,33460,03202026,,BROWN               DONAMAE       S,LAKE WORTH BEACH,FL,MGR,BROWN               DONAMAE,,,,,20260403_corporate.txt
L26000176758,COMPIANO LLC,A,FLAL,7270 NW 12TH STREET,PH8,MIAMI,,33126,03262026,,RUEDA GUERRERO      MARCO         A,MIAMI,FL,AMBR,RUEDA GUERRERO      MARCO         A,,,,,20260403_corporate.txt
L26000175079,"INVISACLAIM, LLC",A,FLAL,1200 N FEDERAL HWY,SUITE 300,BOCA RATON,,33432,03252026,,FLORIDA REGISTERED AGENT LLC,ST PETERSBURG,FL,MGR,BLESICH             NIKOLA        L,,,,,20260403_corporate.txt
L26000175089,YQS CONSTRUCTION LLC,A,FLAL,1404 TRUMAN AVE,,LEHIGH ACRES,,33972,03262026,,QUESADA MOLINA      YODALIS       YSR,LEHIGH ACRES,FL,AMBR,SAO QUESADA         YANKIEL       YJR,,,,,20260403_corporate.txt
L26000175099,DOROTHY AND STEVEN LLC,A,FLAL,377 N POINT CT,,SATELLITE BEACH,,32937,03262026,,HOUSTON LAW PLLC,NORTH PALM BEACH,FL,MGR,MCCONNELL           DIANE,,,,,20260403_corporate.txt
L26000175109,"RENEGADE DAS, LLC",A,FLAL,4576 SW BIMINI CIR S,,PALM CITY,,34990,03232026,,RAUSCH              RICHARD       E,PALM CITY,FL,MGR,RAUSCH              RICHARD       E,,,,,20260403_corporate.txt
L26000175119,FASTBUYSTORE AND SERVICES LLC,A,FLAL,8324 NW 7TH ST,APT. # 119,MIAMI,,33126,03272026,,ARTIGAS DE MILANO   MARLIN,MIAMI,FL,MGR,ARTIGAS DE MILANO   MARLIN,MGR,MILANO ORLANDI      GIANFRANCO,,,20260403_corporate.txt
L26000175129,TRELL FREIGHT DISPATCH & LOGISTICS LLC,A,FLAL,6850 LANDINGS DRIVE,APT 206,LAUDERHILL,,33319,03262026,,BENNETT             TRELLIS       E,LAUDERHILL,FL,AMBR,BENNETT             TRELLIS       E,,,,,20260403_corporate.txt
L26000175139,AKM UNDERGROUND LLC,A,FLAL,615 SOMERSTONE DRIVE,,VALRICO,,33594,03262026,,MARSCHKE            KARL,VALRICO,FL,AMBR,MARSCHKE            KARL,,,,,20260403_corporate.txt
L26000175149,NEXT CHAPTER EQUITY HOLDINGS LLC,A,FLAL,8374 MARTINGALE DR,APT 107,LAKE WORTH,,33467,03272026,,MORA                GABRIELA      A,LAKE WORTH,FL,CEO,MORA                GABRIELA      A,,,,,20260403_corporate.txt
L26000175159,"PRODIGY PROPERTIES - FL, LLC",A,FLAL,5254 RIDGE AVE.,SUITE 1,CINCINNATI,,45213,03262026,,COGENCY GLOBAL INC.,TALLAHASSEE,FL,AMBR,LANE                JEFF,MGR,GIGLIO              ANTHONY,,,20260403_corporate.txt
L26000175169,STELLAR SIGNS  LLC,A,FLAL,7901 4TH ST N STE 300,,ST. PETERSBURG,,33702,03262026,,REGISTERED AGENTS INC,ST. PETERSBURG,FL,,,,,,,20260403_corporate.txt
L26000175179,JOSBOT LLC,A,FLAL,1152 W 27TH ST,203,HIALEAH,,33010,03252026,,AGUILAR             JOSE          A,HIALEAH,FL,MGR,AGUILAR             JOSE          A,,,,,20260403_corporate.txt
L26000175189,MOOK AI SOLUTIONS LLC,A,FLAL,7901 4TH ST N,STE 300,ST. PETERSBURG,,33702,03262026,,NORTHWEST REGISTERED AGENT,ST. PETERSBURG,FL,,,,,,,20260403_corporate.txt
L26000175199,TC DREAMCHASERS LLC,A,FLAL,1111 SE FEDERAL HIGHWAY,319,STUART,,34994,03262026,,RAMIREZ             ABRIAN,STUART,FL,MGR,RAMIREZ             ABRIAN,,,,,20260403_corporate.txt
L26000175209,"JOEL VARGAS COMMITMENT INSURANCE, LLC",A,FLAL,11921 CHARADES STREET,,ORLANDO,,32832,03262026,,VARGAS              JOEL          A,ORLANDO,FL,MGR,VARGAS              JOEL          A,,,,,20260403_corporate.txt
L26000175219,YOGI 2696 LLC,A,FLAL,6125 TRAILSIDE DRIVE,,PARK CITY,,84098,03262026,,ZAKIN               JENNIFER      E,DELRAY BEACH,FL,MGR,ABATE               MARCY         A,MGR,SILLS               PETER         G,,,20260403_corporate.txt
L26000175229,LUXDECOR BY ROCK LLC,A,FLAL,142 BROYLES DR SE,,PALM BAY,,32909,03262026,,BACCHAS             ALECIA,PALM BAY,FL,CEO,BACCHAS             ALECIA,,,,,20260403_corporate.txt
L26000175239,ACG CONCRETE LLC,A,FLAL,1505 MONA AVE,,OCOEE,,34761,03262026,,MADRIZ              ARMANDO,OCOEE,FL,AMBR,MADRIZ              ARMANDO,,,,,20260403_corporate.txt
L26000175249,CUSTOS MESSIUM PROPERTY LLC,A,FLAL,225 E ROBINSON STREET,STE 220,ORLANDO,,32801,03262026,,CORPORATE AGENT ALLIANCE LLC,ORLANDO,FL,MGR,DELBEN SILVA        ANDRE PAULO,MGR,REBOUCAS DE MELO    RAFAEL,MGR,PEDREIRA MAGALHAES  VICTOR,20260403_corporate.txt
L26000175259,COASTAL WELLNESS CITRUS LLC,A,FLAL,1811 SUNCOAST BOULEVARD,,HOMOSASSA,,34448,03262026,,HEATH               HILARY,CRYSTAL RIVER,FL,,,,,,,20260403_corporate.txt
L26000175269,B&F SOLUTIONS LLC,A,FLAL,14812 PORTER RD,,WINTER GARDEN,,34787,03262026,,BACELAR             SUE           E,WINTER GARDEN,FL,AMBR,BACELAR             SUE           E,AMBR,FERLA               VALERIA       M,,,20260403_corporate.txt
L26000175279,LOCALS PARTY RENTAL LLC,A,FLAL,287 MOCCASIN TRAIL WEST,,JUPITER,,33458,03262026,,ZENBUSINESS INC.,TALLAHASSEE,FL,AMBR,PEREZ               CHRISTOPHER,,,,,20260403_corporate.txt
L26000175289,MESILATY LLC,A,FLAL,2602 DIPLOMAT PKWY W,,CAPE CORAL,,33993,03262026,,MESILATY            AVIRAM,CAPE CORAL,FL,AMBR,MESILATY            AVIRAM,,,,,20260403_corporate.txt
L26000175299,MERINO CRUZ SERVICES LLC,A,FLAL,13900 SW 268 ST,208,HOMESTEAD,,33032,03262026,,MERINO CRUZ         MARITZA,HOMESTEAD,FL,MGR,MERINO CRUZ         MARITZA,,,,,20260403_corporate.txt
L26000175309,NEW HOPE MENTAL HEALTH LLC,A,FLAL,14485 SW 173RD ST,,MIAMI,,33177,03222026,,ARRIETA             ADRIAN,MIAMI,FL,AMBR,ARRIETA             ADRIAN,AMBR,ARRIETA             ALEJANDRO,,,20260403_corporate.txt
L26000175319,"QUEANH PHAN, D.M.D. III, PLLC",A,FLAL,13901 US-1,SUITE 9,JUNO BEACH,,33408,03262026,,PHAN                QUEANH        N,JUNO BEACH,FL,MGR,PHAN                QUEANH        N,MGR,DAO                 DAN           D,,,20260403_corporate.txt
L26000175329,PRICEDRIGHT YARDS & MORE LLC,A,FLAL,2304 4TH AVE E,,PALMETTO,,34221,03262026,,CURBSERVS ENTERPRISES CORP,PALMETTO,FL,MGR,TARVER              KAY,,,,,20260403_corporate.txt
L26000175339,DHERZ TRUCKING LLC,A,FLAL,1500 MADISON GREEN CIR,APT 1516,PALM COAST,,32164,03262026,,HERNANDEZ VERA      PEDRO         D,PALM COAST,FL,MGR,HERNANDEZ VERA      PEDRO         D,,,,,20260403_corporate.txt
L26000175349,MC DIGITAL GROUP LLC,A,FLAL,1485 21ST ST SW,,NAPLES,,34117,03222026,,CAMPANILE           JOANNA,NAPLES,FL,AMBR,CAMPANILE           JOANNA,AMBR,MATOS               JANELL,,,20260403_corporate.txt
P26000017389,PARENT HOLDINGS INC.,A,DOMP,937 GLAZEBROOK LOOP,,ORANGE CITY,,32763,04022026,,PARENT              LISA,ORANGE CITY,FL,PD,PARENT              LISA,D,PARENT              ROBERT,TRES,PARENT              LISA,20260403_corporate.txt
L26000175359,ALVORA BRANDS LLC,A,FLAL,1729 CARNELIANS,,DELAND,,32720,03262026,,BRICENO             KAREN         M,DELAND,FL,MGR,BRICENO             KAREN         M,,,,,20260403_corporate.txt
L26000175369,D & B 2026 LLC,A,FLAL,3749 SE LOWER ST,,STUART,,34997,03262026,,ANDERSON            BARBARA,STUART,FL,MGR,ANDERSON            DAVID         W,,,,,20260403_corporate.txt
N26000004529,"FRIENDS OF HASHOMER HACHADASH, INC.",A,DOMNP,"7901 4TH ST. N, STE 300",,ST. PETERSBURG,,33702,04022026,,REGISTERED AGENTS INC,ST. PETERSBURG,FL,D,PLATT               LARRY,D,HALPERT             PRISCILLA,D,LEVKOWITZ           HOWARD,20260403_corporate.txt
M26000005209,"MINTZ PRODUCTION GROUP, LLC",A,FORL,1735 MARKET ST STE 125-200,,PHILADELPHIA,,19103,03092026,264625342,REPUBLIC REGISTERED AGENT LLC,JACKSONVILLE,FL,MBR,MINTZ               RON,,,,,20260403_corporate.txt
L26000175379,AUTISM DAD LIVING OUT LOUD LLC,A,FLAL,3122 EAST HWY 390,,PANAMA CITY,,32405,03262026,,BEST                JUSTIN,PANAMA CITY,FL,MGR,BEST                MARISSA,,,,,20260403_corporate.txt
F26000001979,SOLIDIGM INC.,A,FORP,10951 WHITE ROCK RD.,,RANCHO CORDOVA,,95670,04022026,413933015,C T CORPORATION SYSTEM,PLANTATION,FL,DCEO,GUO                 XIN,CHOF,HWAN OH             JEONG,D,KWAK                NOH-JUNG,20260403_corporate.txt
L26000175389,A.Y.A MGMT L.L.C.,A,FLAL,831 CORVINA DRIVE,,DAVENPORT,,33897,03262026,,ZENBUSINESS INC.,TALLAHASSEE,FL,AMBR,MCCOY               YOHANCE,AMBR,SMITH               ARES,AMBR,LILLIE              ASHON,20260403_corporate.txt
L26000175399,SUPER G VENDING LLC,A,FLAL,3767 SW 50TH COURT,,FORT LAUDERDALE,,33312,03262026,,SHMUELI             GAL,FORT LAUDERDALE,FL,AMBR,SHMUELI             GAL,,,,,20260403_corporate.txt
P26000017399,"BJ MUSIC, INC.",A,DOMP,1320 NE 136TH STREET,,N. MIAMI,,33161,04022026,,LEBURN              BORNOT,N. MIAMI,FL,P,LEBRUN              BORNOT,,,,,20260403_corporate.txt
L26000175409,KAY KIKO LLC,A,FLAL,"2125 BISCAYNE BLVD, STE 204 #25566",,MIAMI,,33137,03262026,,SENAT               SCHNAIDER,ST. PETERSBURG,FL,AMBR,SENAT               SCHNAIDER,,,,,20260403_corporate.txt
L26000175419,ROYALTY LUXURY LLC,A,FLAL,5505 N MILITARY TRL,APT 311,BOCA RATON,,33496,03262026,,REPUBLIC REGISTERED AGENT LLC,JACKSONVILLE,FL,AMBR,SOLHEIM             DANIELA,AMBR,SOLHEIM             JUSTIN,,,20260403_corporate.txt
L26000175429,5G PEDIATRIC THERAPY SERVICES LLC,A,FLAL,"2125 BISCAYNE BLVD, STE 204 #25613",,MIAMI,,33137,03262026,,REPUBLIC REGISTERED AGENT LLC,JACKSONVILLE,FL,AMBR,JEMEISON LEWIS      GEORGIA,AMBR,LEWIS               GIANNA MAE,AMBR,LEWIS               GABRIELLA,20260403_corporate.txt
P26000017409,NESTLI INC.,A,DOMP,400 N TAMPA ST,STE 1550 #377983,TAMPA,,33602-4719,04022026,,"LEGALZOOM USCA, INC.",FORT LAUDERDALE,FL,PTSD,DALESSIO            JASON,,,,,20260403_corporate.txt
L26000175439,SOVEREIGN INTEGRATION LLC,A,FLAL,935 N BENEVA RD,STE 609 - 1148,SARASOTA,,34232,03262026,,CONTINO             FLORENCE      A,SARASOTA,FL,AR,CONTINO             FLORENCE      A,,,,,20260403_corporate.txt
N26000004539,"IGLESIA EL ROI SOBERANO, INC",A,DOMNP,856 HALLMARK AVE.,,LAKE PLACID,,33852,03272026,,SILVA GONZALEZ      PEDRO,SEBRING,FL,P,SILVA GONZALEZ      PEDRO,S,ORTIZ ALBERT        JABNELLY,T,LOVATO              MARTHA        A,20260403_corporate.txt
L26000175449,39 IDK LLC,A,FLAL,339 NW 39TH ST,,MIAMI,,33127,03212026,,GARCIA              BRANDON,MIAMI,FL,,,,,,,20260403_corporate.txt
P26000017419,GOLDEN GLOBAL DEVELOPMENT INC,A,DOMP,6030 37TH STREET,,VERO BEACH,,32966,04012026,,BASS                RICHARD,SEBASTIAN,FL,P,MENEGOLO            SADI,S,MENEGOLO            JEAN          P,,,20260403_corporate.txt
P26000017429,GGYUID INC,A,DOMP,7505 SW 31ST STREET,,MIAMI,,33155,03272026,,BALLADARES          REYNALDO,MIAMI,FL,PDST,BALLADARES          REYNALDO,,,,,20260403_corporate.txt
L26000175459,"DANIEL INTEGRITY CONSULTING, LLC",A,FLAL,10814 WESTSIDE STREET,,GLEN ST MARY,,32040,03262026,,MALONEY             FRANK         EJR,MACCLENNY,FL,MGR,DANIEL              JOSHUA,,,,,20260403_corporate.txt
P26000017439,QJOXMA INC,A,DOMP,1636 SE 12TH PL,,GAINESVILLE,,32641,03272026,,NORMAN              NYTERIA,GAINESVILLE,FL,PDST,NORMAN              NYTERIA,,,,,20260403_corporate.txt
L26000175469,NISREEN PROPERTY SOLUTIONS LLC,A,FLAL,22 S TREASURE DR,,TAMPA,,33609,03262026,,ALHASSANI           NISREEN,TAMPA,FL,MGR,ALHASSANI           NISREEN,MBR,ALHASSANI           YASIR,,,20260403_corporate.txt
P26000017449,HPSX HOLDINGS INC.,A,DOMP,7901 4TH ST N STE 300,,ST. PETERSBURG,,33702,03272026,,NORTHWEST REGISTERED AGENT LLC,ST. PETERSBURG,FL,,,,,,,20260403_corporate.txt
L26000175479,PONNAS LLC,A,FLAL,8448 BELVEDERE RD,A3,WEST PALM BEACH,,33411,03262026,,LELIS               NIVONELIO,WEST PALM BEACH,FL,P,LELIS               NIVONELIO,VP,COELHO              ERICA,,,20260403_corporate.txt
L26000175489,EMCC LLC,A,FLAL,6065 NW 104TH PATH,,MEDLEY,,33178,03262026,,MARCACCIO           ELIO,MEDLEY,FL,AMBR,MARCACCIO           ELIO          A,,,,,20260403_corporate.txt
P26000017459,VIBE 56 CORP.,A,DOMP,8626 N. 56TH. STREET,,TEMPLE TERRACE,,33617,04012026,,HIZAM               MOGEEB,TEMPLE TERRACE,FL,PRES,HIZAM               MOGEEB,,,,,20260403_corporate.txt
L26000175499,RICHE PENNY LLC,A,FLAL,1401 NW 202ND ST,,MIAMI,,33169,03262026,,REPUBLIC REGISTERED AGENT LLC,JACKSONVILLE,FL,AMBR,FERTILE             CYENNE,,,,,20260403_corporate.txt
L26000175509,"CLUB SPACE MOTO, LLC",A,FLAL,2500 20TH AVE N,,ST. PETERSBURG,,33713,03232026,,LANE                KEVIN,ST. PETERSBURG,FL,MGR,LANE                KEVIN,,,,,20260403_corporate.txt
P26000017469,MARTINEZ CAPITOLIO CORP,A,DOMP,1271 SW 124TH CT APT 2A,,MIAMI,,33184,03272026,,MARTINEZ            YUNIOR,MIAMI,FL,P,MARTINEZ            YUNIOR,,,,,20260403_corporate.txt
L26000175519,ADELPHIN GROUP LLC,A,FLAL,807 CHINOY RD,,DAVENPORT,,33837,03262026,,ADELPHIN            JOHN,DAVENPORT,FL,MGR,ADELPHIN            JOHN,,,,,20260403_corporate.txt
L26000175529,PET WASTE MANAGEMENT FL LLC,A,FLAL,"2125 BISCAYNE BLVD, STE 204 #25627",,MIAMI,,33137,03262026,,REPUBLIC REGISTERED AGENT LLC,JACKSONVILLE,FL,AMBR,"VLEGACIV, LLC",,,,,20260403_corporate.txt
P26000017479,HOOKEM AND BOOKEM TRANSPORTER INC,A,DOMP,4625 WRICO DR,,JACKSONVILLE,,32209,03272026,,STAFFORD            DEXTER,JACKSONVILLE,FL,P,STAFFORD            DEXTER,,,,,20260403_corporate.txt
L26000175539,NIGHT PLUG LLC,A,FLAL,3186 BAYVIEW LN,,SAINT CLOUD,,34772,03262026,,CORREA MARQUEZ      JOSMAR,SAINT CLOUD,FL,MGR,SOLOMON             KEVIN         W,MGR,WOODSON             KALEB         J,MGR,CORREA MARQUEZ      JOSMAR,20260403_corporate.txt
P26000017489,TAKE ACTION ENTERPRISES CORP,A,DOMP,1297 CHENILLE CIRC,,FORT LAUDERDALE,,33327,03272026,,CCS REPRESENTATIVES LLC,MIAMI,FL,DIRE,WALD                ARIEL,,,,,20260403_corporate.txt
L26000175549,SUNCOR SOLUTIONS LLC,A,FLAL,1018 WOODSHIRE LN,,NAPLES,,34105,04012026,,ROBINSON            ROSS          C,NAPLES,FL,AMBR,ROBINSON            ROSS          C,AMBR,ROBINSON            ANGGIE        C,,,20260403_corporate.txt
P26000017499,QBDCZKCI INC,A,DOMP,2945 LONE PINE LN,,NAPLES,,34119,03302026,,ROSS                DAVID,NAPLES,FL,PDST,ROSS                DAVID,,,,,20260403_corporate.txt
L26000175559,"REI CONSULTANTS, LLC",A,FLAL,5660 STRAND CT,,"NAPLES, FL",,34110,03262026,,KIMBLE              PAMELA,NAPLES,FL,MGR,KIMBLE              PAMELA,,,,,20260403_corporate.txt
N26000004549,EAST PALATKA COMMUNITY DEVELOPMENT CORPORATION,A,DOMNP,160 W LOUIS BROER RD,,EAST PALATKA,,32131,03242026,,SHABAZZ             MURRI         K,EAST PALATKA,FL,P,FINLEY              TYRONE,SEC,ATKINS              MARK           REALTOR,VP,SHABAZZ             MURRI         K,20260403_corporate.txt
L26000175569,NATURE COAST KITTY CUISINE LLC,A,FLAL,310 DEBRA STREET,,INGLIS,,34449,03262026,,MULLIN              CHARLES       J,INGLIS,FL,,,,,,,20260403_corporate.txt
L26000175579,"THE SALVAGE ATELIER, LLC",A,FLAL,3000 NE 151ST ST,ACII SUITE 150,MIAMI,,33181,03232026,,PERSAD              ISABELLA,MIAMI,FL,MGR,PERSAD              ISABELLA,,,,,20260403_corporate.txt
L26000175589,GENERAL RENOVACION LLC,A,FLAL,9674 NW 10TH AVE,LOTE B220,MIAMI,,33150,03272026,,ESPANA BOBADILLA    OLVIN,MIAMI,FL,MGR,ESPANA BOBADILLA    OLVIN,,,,,20260403_corporate.txt
L26000175599,"WATLEN HOLDINGS, LLC",A,FLAL,110 LITHIA PINECREST ROAD,"SUITE C, #1155",BRANDON,,33511,03252026,,"KEI & KAY VIRTUAL SERVICES, LLC",BRANDON,FL,CEO,ALLEN               CLAUDETTE     A,,,,,20260403_corporate.txt
L26000175609,"CAUDLE RANCH, LLC",A,FLAL,18903 STATE ROAD 19,,GROVELAND,,34736--867,04012026,,JANE  MILLER,GROVELAND,FL,MGR,MILLER              JANE,AMBR,ROBERSON            KAY,,,20260403_corporate.txt
L26000175619,DREAMNEST CREATIONS LLC,A,FLAL,2097 VALENCIA BLOSSOM ST,,CLERMONT,,34711,02112021,,MEDEIROS SOUZA CORP,OCOEE,FL,AMBR,SUMMIT PEAK HOLDINGS CORP,,,,,20260403_corporate.txt
M26000005219,TEXCOM PROPERTIES LLC,A,FORL,7901 4TH ST N STE 300,,ST.PETERSBURG,,33702,04022026,474560221,REGISTERED AGENTS INC,ST.PETERSBURG,FL,MBR,OGALA               FABIAN,,,,,20260403_corporate.txt
L26000175629,INSTAGOODS LLC,A,FLAL,2097 VALENCIA BLOSSOM ST,,CLERMONT,,34711,02112021,,MEDEIROS SOUZA CORP,OCOEE,FL,AMBR,SUMMIT PEAK HOLDINGS CORP,,,,,20260403_corporate.txt
N26000004559,"TWIN HEARTS FOUNDATION, INCORPORATED",A,DOMNP,7901 4TH ST. N STE 300,,ST. PETERSBURG,,33702,03272026,,NORTHWEST REGISTERED AGENT LLC,ST. PETERSBURG,FL,P,PHILLIPS            YAMEISE,S,PHILLIPS            WILLIE,VP,DURDEN              SHANTEKIA,20260403_corporate.txt
L26000175639,FRESH STAR HOME CLEANING SERVICES LLC,A,FLAL,2232 EAGLES HAMMOCK BLVD,,MIDDLEBURG,,32068,03262026,,GOMEZ PORTILLO      WENDY,MIDDLEBURG,FL,MGR,GOMEZ PORTILLO      WENDY         Y,,,,,20260403_corporate.txt
L26000175649,1717 CABRERA LLC,A,FLAL,1717 NW 17 AVE,,MIAMI,,33125,03262026,,CABRERA             JUAN          D,MIAMI SPRINGS,FL,MGR,CABRERA             JUAN          D,,,,,20260403_corporate.txt
L26000175659,SABOR RODANTE LLC,A,FLAL,16460 SW 137TH AVE,,MIAMI,,33177,03262026,,QUINONES MONTENEGRO INGRID        Y,MIAMI,FL,MGR,QUINONES MONTENEGRO INGRID        Y,MGR,ROJAS GUEVARA       MICHAEL       S,,,20260403_corporate.txt
L26000175669,EMERALD ELITE HOME IMPROVEMENT LLC,A,FLAL,5450 CHERUB CIR,,MILTON,,32583,03262026,,"LEGALZOOM USCA, INC.",FORT LAUDERDALE,FL,AMBR,GREEN               TRISTAN       J,AMBR,WOODYARD            CONNOR        M,,,20260403_corporate.txt
L26000175679,FRXN LLC,A,FLAL,6247 NW 43RD TERRACE,,BOCA RATON,,33496,03262026,,ZENBUSINESS INC.,TALLAHASSEE,FL,AMBR,REIS                JESSICA,,,,,20260403_corporate.txt
L26000175689,WISE FAMILY FARM LLC,A,FLAL,127 NORTH PARTIN DRIVE,,NICEVILLE,,32578,03262026,,WISE                DAVID         R,NICEVILLE,FL,AMBR,WISE                DAVID         R,,,,,20260403_corporate.txt
L26000175699,RAMI CO LLC,A,FLAL,12428 SAN JOSE BLVD SUITE 1,,JACKSONVILLE,,32223,04012026,,BARKER              MICHAEL       J,JACKSONVILLE,FL,AMBR,BARKER              MICHAEL       J,AMBR,ZIKE                RALEIGH       C,,,20260403_corporate.txt
L26000175709,BOBTH TRADING LLC,A,FLAL,200 SOUTH BISCAYNE BLVD,4100,MIAMI,,33131,03262026,,BELLO               DAVID         AMR,MIAMI,FL,MGR,BELLO               DAVID         AMR,,,,,20260403_corporate.txt
L26000175719,STARLIGHT TRAVEL LLC,A,FLAL,15210 BOOK CLUB ROAD,,WINTER GARDEN,,34787,03262026,,ECHEVARRIA          JUAN          I,WINTER GARDEN,FL,MGR,ECHEVARRIA          JUAN          I,MGR,GARIBALDI           MARIA         J,,,20260403_corporate.txt
L26000175729,"M.P.S MULTISERVICE, LLC",A,FLAL,90 NE 68TH TERRACE,,MIAMI,,33138,03242026,,INC AUTHORITY RA,ORLANDO,FL,MGR,ALEXIS              MACKENSON,,,,,20260403_corporate.txt
F26000001989,"MARKETDESIGN CONSULTING, INC.",A,FORP,"126 N SALINA ST, UNIT 4",,SYRACUSE,,13202,04022026,934325695,"CAPITOL CORPORATE SERVICES, INC.",TALLAHASSEE,FL,P,RUDY                KARA,TS,ANCONA              ELIZABETH,,,20260403_corporate.txt
L26000175739,"PETES PRIVATE TRANSPORTATION, LLC",A,FLAL,1003 S CHIPPEWA CIR,,BOYNTON BEACH,,33436,03242026,,INC AUTHORITY RA,ORLANDO,FL,MGR,METZGER             PETER,,,,,20260403_corporate.txt
L26000175749,"SAFE IMPACT, LLC",A,FLAL,10000 NW 80TH CT,APT 2123,HIALEAH GARDENS,,33016,03242026,,INC AUTHORITY RA,ORLANDO,FL,MGR,DE LA GUARDIA       RODOLFO,MGR,DE LA GUARDIA       RAYDEL,,,20260403_corporate.txt
L26000175759,"BLUE MERIDIAN IMAGING, LLC",A,FLAL,513 SW 9TH ST,,FORT LAUDERDALE,,33315,03242026,,INC AUTHORITY RA,ORLANDO,FL,MGR,HUGHES              EDWARD,,,,,20260403_corporate.txt
P26000017509,"DA'RIEL STORE, INC.",A,DOMP,6528 CHIPPENDALE RD,,LAKELAND,,33809,03262026,,INC AUTHORITY RA,ORLANDO,FL,DIR,LOPEZ-MONTOYA       KELLY,,,,,20260403_corporate.txt
L26000175769,"PALMS OF TURQUOISE MASSAGE STUDIO, LLC",A,FLAL,4211 NW 23 CT.,,LAUDERHILL,,33313,03242026,,INC AUTHORITY RA,ORLANDO,FL,MGR,WALTERS             FITZROY,,,,,20260403_corporate.txt
L26000175779,"JAY & J'S GLOBAL ENTERPRISE, LLC",A,FLAL,556 BIRCH CT,,APOPKA,,32712,03242026,,INC AUTHORITY RA,ORLANDO,FL,MGR,HEARD               JESSE,,,,,20260403_corporate.txt
P26000017519,OCEAN LOBSTER AND SEAFOOD INC.,A,DOMP,3180 NW 95 TERRACE,,MIAMI,,33147,03272026,,NUNEZ ALMANZA       JOSUE,MIAMI,FL,P,NUNEZ ALMANZA       JOSUE,,,,,20260403_corporate.txt
L26000175789,"NXT LVLZ, LLC",A,FLAL,1044 WEST 30TH STREET,,JACKSONVILLE,,32209,03242026,,INC AUTHORITY RA,ORLANDO,FL,MGR,JONES               BRIAN,MGR,JONES               DAVINA,,,20260403_corporate.txt
P26000017529,J H  WINDOW TINTING INC,A,DOMP,941 S PARK RD,201,HOLLYWOOD,,33021,03272026,,HOLGUIN SANCHEZ     JONATHAN,HOLLYWOOD,FL,PRES,HOLGUIN SANCHEZ     JONATHAN,,,,,20260403_corporate.txt
M26000005229,MJC INVESTMENT HOLDINGS LLC,A,FORL,1156 EDINGTON PL.,,MARCO ISLAND,,34145,04022026,413610015,LAW OFFICE OF MATTHEW P. FLORES,NAPLES,FL,MGR,CURTIS              JOSEPH,,,,,20260403_corporate.txt
L26000175799,THE CLIFFORD COHEN GROUP LLC,A,FLAL,803 ROYAL DRIVE,,LARGO,,33770,04012026,,"INCORPORATING SERVICES, LTD",TLLAHASSEE,FL,AMBR,COHEN               ANDREW,AMBR,EGAN                CAROL,,,20260403_corporate.txt
L26000175809,"SALT CAPTAIN MARINERS SERVICES, LLC",A,FLAL,4269 LEWIS AVE,,ST. AUGUSTINE,,32080,03252026,,INC AUTHORITY RA,ORLANDO,FL,MGR,ABBOTT              DALE,,,,,20260403_corporate.txt
L26000175819,"PRETTYBYJT, LLC",A,FLAL,10605 CAMI CT,,RIVERVIEW,,33578,03252026,,INC AUTHORITY RA,ORLANDO,FL,MGR,TORRES LOPEZ        JARIELYS,,,,,20260403_corporate.txt
P26000017539,"HIGH VOLTAGE HERO'S, INC.",A,DOMP,407 FOX VALLEY,,LONGWOOD,,32779,03302026,,HAMEL               CAMERON,LONGWOOD,FL,PRES,HAMEL               CAMERON,VP,HAUN                PATRICK,,,20260403_corporate.txt
L26000175829,"ALIGNED MIND BODY AND SOUL, LLC",A,FLAL,1692 CHERRY RIDGE DR,,LAKE MARY,,32746,03252026,,INC AUTHORITY RA,ORLANDO,FL,MGR,STEVENSON           AMY,,,,,20260403_corporate.txt
P26000017549,CAZZOLY INC,A,DOMP,17380 NE 4TH PL,,NORTH MIAMI,,33162,03282026,,MONVILUS           WISLINE,NORTH MIAMI,FL,P,MONVILUS            WISLINE,,,,,20260403_corporate.txt
L26000175839,"SHOREVIEW LANDSCAPE MANAGEMENT, LLC",A,FLAL,5565 STATE RD 542 W,,WINTER HAVEN,,33880,03252026,,INC AUTHORITY RA,ORLANDO,FL,MGR,VILLARREAL          JULIO,,,,,20260403_corporate.txt
L26000175849,"ORCA LOGISTICS, LLC",A,FLAL,906 W MONROE ST,APT 507,JACKSONVILLE,,32204,03252026,,INC AUTHORITY RA,ORLANDO,FL,MGR,BRADLEY             MARCUS,,,,,20260403_corporate.txt
L26000175859,"SWEET MYNDZ THINK ALIKE, LLC",A,FLAL,8029 W MCNAB RD,1066,TAMARAC,,33321,03252026,,INC AUTHORITY RA,ORLANDO,FL,MGR,HENRY               JUDEEN,,,,,20260403_corporate.txt
L26000175869,"NEVA SATISFIED, LLC",A,FLAL,2713 NW 4TH CT,,POMPANO BEACH,,33069,03242026,,INC AUTHORITY RA,ORLANDO,FL,MGR,STEPHENS            SHAQUILLE,,,,,20260403_corporate.txt
L26000175879,CB INSURANCE LLC,A,FLAL,7150 ESTERO BLVD,903,FORT MYERS BEACH,,33931,03262026,,NEWMAN              TAYLOR,ST PETERSBURG,FL,AMBR,BROUSSEAU           CHRISTOPHER,,,,,20260403_corporate.txt
L26000175889,PRACTICE FLOW SOLUTIONS LLC,A,FLAL,19655 E COUNTRY CLUB DR,APT 602,MIAMI,,33180,03262026,,BARDA               MAURICE       M,MIAMI,FL,MGR,BARDA               MAURICE       M,MGR,ORBACH              MOSHE,MGR,KARIYEV             JOSEPH,20260403_corporate.txt
N26000004569,"SECOND CHANCE SMILES, INC.",A,DOMNP,13707 SWEET MAGNOLIA LANE,,TALLAHASSEE,,32309,03302026,,DAVIS               PAMELA        S,TALLAHASSEE,FL,PRES,DAVIS               PAMELA,SEC,ROBERTS             GENTRY,TREA,DAVIS               DORIS,20260403_corporate.txt
L26000175899,WHITE SANDS COASTAL SURFACES LLC,A,FLAL,510 OAK AVENUE,,NICEVILLE,,32578,03262026,,WHITE               JAMES         R,NICEVILLE,FL,CEO,WHITE               JAMES         R,CEO,WHITE               DAVID         B,,,20260403_corporate.txt
P26000017559,"BENCHMARK HOLDINGS FLORIDA, INC.",A,DOMP,445 DEVLIN ROAD,,NAPA,,94558,04022026,,CORPORATION SERVICE COMPANY,TALLAHASSEE,FL,PRES,PARKER              DAVID         A,SEC,PARKER              DAVID         A,DIR,PARKER              DAVID         A,20260403_corporate.txt
L26000175909,ARTERITANO INSURANCE LLC,A,FLAL,1 MAIN ST,411,MIRAMAR,,33025,03262026,,ARTERITANO          MONICA,MIRAMAR,FL,MGR,ARTERITANO          MONICA,,,,,20260403_corporate.txt
L26000175919,"JP BICOASTAL ANESTHESIA, PLLC",A,FLAL,7901 4TH ST N STE 300,,ST. PETERSBURG,,33702,03262026,,NORTHWEST REGISTERED AGENT LLC,ST. PETERSBURG,FL,AMBR,PALK                JENNIFER,,,,,20260403_corporate.txt
L26000175929,HUMANN ENTERPRISES AKA CREATIVE SHELLS LLC,A,FLAL,17011 CRAWLEY RD,,ODESSA,,33556,03262026,,HUMANN              SUSAN         L,ODESSA,FL,MGR,HUMANN              SUSAN         L,,,,,20260403_corporate.txt
L26000175939,RYSE & KONQUER ATHLETICS LLC,A,FLAL,14391 SPRING HILL DR,SUITE 202,SPRING HILL,,34609,03202026,,BARRETT             ORVILLE       L,SPRING HILL,FL,AMBR,BARRETT             ORVILLE       L,,,,,20260403_corporate.txt
L26000175949,"REGGAE WORLD MUSIC NETWORK, LLC",A,FLAL,4013 SW 69 WAY,,MIRAMAR,,33023,03262026,,DE-ALLIE KEANE      SONIA         E,MIRAMAR,FL,AMBR,DE-ALLIE KEANE      SONIA         E,AMBR,KEANE               WINSTON       M,,,20260403_corporate.txt
L26000175959,SUMINISTRO DE LB&AD LLC,A,FLAL,"2125 BISCAYNE BLVD, STE 204 #25630",,MIAMI,,33137,03262026,,REPUBLIC REGISTERED AGENT LLC,JACKSONVILLE,FL,AMBR,MUNIZ ORTIZ         LUIS MIGUEL,AMBR,BARRETO JIMENEZ     DARY AILYN,,,20260403_corporate.txt
L26000175969,"TRUE HOME DEVELOPMENT, LLC",A,FLAL,1490 SAINT CLAIR RD,,ENGLEWOOD,,34223,03262026,,ANANCHENKO          IVAN,ENGLEWOOD,FL,MGR,ANANCHENKO          IVAN,,,,,20260403_corporate.txt
L26000175979,HIER ASCENDING GROUP LLC,A,FLAL,301 CLONTS ST,,OVIEDO,,32765,03262026,,BAIRSTOW            BENJAMIN      PSR,OVIEDO,FL,AR,OLTMAN              DOMINIC       D,,,,,20260403_corporate.txt
L26000175989,HIG WHPL 2027 BLOCKER LLC,A,FLAL,4450 SCENIC LAKE DR,,ORLANDO,,32808,03262026,,SYLVESTRE           MATHIEU       D,ORLANDO,FL,MGR,SYLVESTRE           MATHIEU       D,,,,,20260403_corporate.txt
L26000175999,"MRDOGOOD, LLC",A,FLAL,12331 SW 42ND WAY,,WEBSTER,,33597,03262026,,INC AUTHORITY RA,ORLANDO,FL,MGR,LEONARD             JOSHUA,,,,,20260403_corporate.txt
M26000005239,EMORY D.I. LLC,A,FORL,3039 PREMIERE PKWY STE 800,,DULUTH,,30097,03052026,994084242,REGISTERED AGENTS INC,ST.PETERSBURG,FL,MBR,NR INVESTMENT HOLDINGS LLC,MGR,ESHAI               UTHMAN,AP,ANTOINE             OLIVIA,20260403_corporate.txt
L26000176009,561 ROOFING SOLUTIONS LLC,A,FLAL,135 TWO PINE DR,,GREENACRES,,33413,03242026,,OSENDI CEBALLO      DARIEL,WEST PALM BEACH,FL,MGR,OSENDI CEBALLO      DARIEL,,,,,20260403_corporate.txt
L26000176019,SLEE HOLDINGS LLC,A,FLAL,7901 4TH ST N STE 300,,ST. PETERSBURG,,33702,03262026,,NORTHWEST REGISTERED AGENT LLC,ST. PETERSBURG,FL,,,,,,,20260403_corporate.txt
L26000176029,STRIDESTYLE BOUTIQUES LLC,A,FLAL,421 SOUTHWEST 79TH TERRACE,,NORTH LAUDERDALE,,33068,03262026,,LOUISSAINT          LOUIS          JR.,NORTH LAUDERDALE,FL,AMBR,LOUISSAINT          LOUIS          SR.,,,,,20260403_corporate.txt
L26000176039,"TACTICAL RENTAL'S, LLC",A,FLAL,200 NE 6TH ST,,BELLE GLADE,,33430,03262026,,INC AUTHORITY RA,ORLANDO,FL,MGR,CAMACHO             JOSE           III,,,,,20260403_corporate.txt
L26000176049,"CLAYBROOK, LLC",A,FLAL,9163 SILVER MARSH LANE,,BOCA RATON,,33434,03262026,,REGISTERED AGENTS INC,ST. PETERSBURG,FL,MGR,FALCON              ADAM,MGR,FALCON              RUI,,,20260403_corporate.txt
L26000176059,MOCO DOJO LLC,A,FLAL,14 SOUTH CT,,INDIALANTIC,,32903,04022026,,CONDON              RICHARD       M,INDIALANTIC,FL,AMBR,CONDON              RICHARD,,,,,20260403_corporate.txt
L26000176069,"GEO'S CAR SERVICE SOLUTIONS, LLC.",A,FLAL,5200 SW 89TH PL,,MIAMI,,33165,03262026,,GOMEZ GOMEZ         GEORGE        E,MIAMI,FL,AMBR,GOMEZ GOMEZ         GEORGE        E,,,,,20260403_corporate.txt
L26000176079,MP OPS LLC,A,FLAL,6215 SW 107TH CT,,MIAMI,,33173,03262026,,PLANAS              MANUEL,MIAMI,FL,,,,,,,20260403_corporate.txt
L26000176089,E & A AVALOS TREE SERVICES LLC,A,FLAL,4543 CASTAWAY DRIVE,1,TAMPA,,33615,03272026,,AVALOS              ALFREDO       A,TAMPA,FL,MGR,AVALOS              ELIZABETH,,,,,20260403_corporate.txt
L26000176099,"PAYTON TRANSPORT SERVICE ""L.L.C""",A,FLAL,127 WESTMORELAND CIR,1,KISSIMMEE,,34744,03222026,,PAYTON              WARREN        PSR.,KISSIMMEE,FL,CEO,PAYTON              WARREN        ASR,CFO,PAYTON              KHABREA       A,CEO,PAYTON              WARREN        P,20260403_corporate.txt
L26000176109,JIMMY'S  HANDYMAN SERVICES  LLC,A,FLAL,32 SE SECOND AVE APT 120,,DELRAY BEACH,,33444,03262026,,PURCARO             JAMES,DELRAY BEACH,FL,MGR,PURCARO             JAMES,,,,,20260403_corporate.txt
L26000176119,ARPOPLAST US LLC,A,FLAL,10380 NW 31ST TER,,DORAL,,33172,03262026,,SALAZAR             RAMON         E,DORAL,FL,AMBR,SALAZAR             RAMON         E,MGR,PENA GODOY          ORLANDO       A,MGR,OJEDA BREA          MARITZA,20260403_corporate.txt
L26000176129,SECOND CHANCE REENTRY TRANSITIONAL LIVING LLC,A,FLAL,613 SEVEN GABLES CIRCLE,,PALM BAY,,32909,03262026,,NORTHWEST REGISTERED AGENT LLC,ST PETERSBURG,FL,AMBR,ROSADO JONES        ANGELA,,,,,20260403_corporate.txt
L26000176139,MODERN SPACE CONSTRUCTION LLC,A,FLAL,1631 N 69TH TERRACE,,HOLLYWOOD,,33024,03262026,,PAZ                 GRASSIELA     Y,HOLLYWOOD,FL,MGR,PAZ                 GRASSIELA     Y,,,,,20260403_corporate.txt
L26000176149,CAO SERVICES UNLIMITED LLC,A,FLAL,4813 WILLOW RUN WEST,,ORLANDO,,32808,03232026,,CAO                 ANTHONY       L,ORLANDO,FL,MGR,BALSKI-SHEPUT       JANEI         M,,,,,20260403_corporate.txt
L26000176159,STEADY BEARING LLC,A,FLAL,13675 VANDERBILT DRIVE,UNIT 309,NAPLES,,34110,03262026,,TAYLOR              KENNETH       P,NAPLES,FL,AMBR,TAYLOR              KENNETH       P,,,,,20260403_corporate.txt
L26000176169,"DAYZERO SOS, LLC",A,FLAL,3051 BORAVICA PL,,MELBOURNE,,32940,03262026,,HENSIEK             LEVI          D,MELBOURNE,FL,AMBR,HENSIEK             LEVI          D,,,,,20260403_corporate.txt
L26000176179,"HEN TO HOME, LLC",A,FLAL,22220 SW 248 ST,,HOMESTEAD,,33031,03262026,,RODRIGUEZ           JESUS         D,MIAMI,FL,MGR,RODRIGUEZ           JESUS         D,MGR,AVELLO-RODRIGUEZ    MARIA         P,MGR,CUELLO              WILIAN        C,20260403_corporate.txt
L26000176189,"SALT & SEA CRAFTS, LLC",A,FLAL,2521 W MARION AVE,APT. 112,PUNTA GORDA,,33950,03262026,,BEAUDRY             REBEKAH       J,PUNTA GORDA,FL,AMBR,BEAUDRY             REBEKAH       J,,,,,20260403_corporate.txt
L26000176199,MOLLY MULLER DRESSAGE LLC,A,FLAL,19684 RUGGED TRUNK TRL,,LOXAHATCHEE,,33470,03262026,,"LEGALZOOM USCA, INC.",FORT LAUDERDALE,FL,AMBR,MULLER              MOLLY         C,,,,,20260403_corporate.txt
M26000005249,RR BOCA OFFICE HOLDCO LLC,A,FORL,"360 S. ROSEMARY AVE., STE. 800",,WEST PALM BEACH,,33401,04022026,413485862,CORPORATION SERVICE COMPANY,TALLAHASSEE,FL,MBR,RELATED SOUTHEAST LLC,,,,,20260403_corporate.txt
L26000176209,APNP MULTISERVICES LLC,A,FLAL,18137 NORTHWEST 61ST PLACE,,HIALEAH,,33015,03222026,,PEREZ CRUZ          HAYVIN,HIALEAH,FL,NP,PEREZ CRUZ          HAYVIN,,,,,20260403_corporate.txt
L26000176219,EDGE VANTAGE LLC,A,FLAL,2222 WEBBER STREET,,SARASOTA,,34239,03262026,,SINJORGO            EDWARD,SARASOTA,FL,MGR,SINJORGO            EDWARD,,,,,20260403_corporate.txt
L26000176229,ARBONA EMERGENCY SERVICES LLC,A,FLAL,7901 4TH ST N STE 300,,ST. PETERSBURG,,33702,03262026,,NORTHWEST REGISTERED AGENT LLC,ST. PETERSBURG,FL,AMBR,ARBONA CALDERON     DAVID,,,,,20260403_corporate.txt
L26000176239,HURRICANE PEDESTAL SYSTEMS LLC,A,FLAL,2251 BLOUNT RD,,POMPANO BEACH,,33069,03262026,,ROWLAND             JERRY,POMPANO BEACH,FL,MGR,ROWLAND             JERRY,,,,,20260403_corporate.txt
L26000176249,LAB CLEANING SOLUTIONS LLC,A,FLAL,8613 BAYSHIRE WAY,#180,ORLANDO,,32817,03202026,,BACHIN  TEJERA      LUIS          A,ORLANDO,FL,AMBR,BACHIN. TEJERA      LUIS          A,,,,,20260403_corporate.txt
L26000176259,CASAAGUA LLC,A,FLAL,4700 NORTH FLAGLER DRIVE,UNIT 205,WEST PALM BEACH,,33407,03262026,,STONEY              MARY          L,WEST PALM BEACH,FL,MGR,STONEY              MARY          L,MGR,BARBRIE             KIM,,,20260403_corporate.txt
L26000176269,COASTAL CHARM CLEANING & SERVICES CO. LLC,A,FLAL,5500 E LIVE OAK LN,,INVERNESS,,34453,03262026,,MASTRONARDI         STARLA,INVERNESS,FL,,,,,,,20260403_corporate.txt
L26000176279,GROUPER RIDGE CONSTRUCTION LLC,A,FLAL,3065 CHAMPION RING RD,,FORT MYERS,,33905,03262026,,GARCIA              ELVIN         U,FORT MYERS,FL,AMBR,GARCIA              ELVIN         U,,,,,20260403_corporate.txt
L26000176289,GENX CREATOR STUDIO LLC,A,FLAL,5320 JOHNSON STREET,,HOLLYWOOD,,33021,03262026,,DIAZ                ANTOINETTE,HOLLYWOOD,FL,MGR,DIAZ                ANTOINETTE,,,,,20260403_corporate.txt
L26000176299,"TROPICAL HORIZON LANDSCAPING & MORE, LLC",A,FLAL,610 E ZACK ST. SUITE 110-3073,,TAMPA,,33602,03262026,,INC AUTHORITY RA,ORLANDO,FL,MGR,EDWARDS             SAMUEL,,,,,20260403_corporate.txt
L26000176309,TRIPLE C QUALITY LLC,A,FLAL,13626 NW 9TH TERR,,MIAMI,,33182,03262026,,WUFFARDEN VILLALOBOSCRISTHIAN,MIAMI,FL,MGR,WUFFARDEN VILLALOBOSCRISTHIAN,,,,,20260403_corporate.txt
L26000176319,THE ORANN GROUP LLC,A,FLAL,1149 99TH STREET,,BAY HARBOR ISLAND,,33154,03262026,,AMAL CAPITAL CORP,BAY HARBOR ISLANDS,FL,MGR,ARIEL               PERETZ        Z,,,,,20260403_corporate.txt
L26000176329,LIDWEIGHT LLC,A,FLAL,36 MARSHVIEW DRIVE,,ST. AUGUSTINE,,32080,03262026,,STEVENS             MARK,ST. AUGUSTINE,FL,AMBR,STEVENS             MARK,,,,,20260403_corporate.txt
L26000176339,JOSE'S BARBER STUDIO LLC,A,FLAL,1060 PLAZA DRIVE,UNIT B SUITE 300,KISSIMMEE,,34743,03262026,,OTERO               JOSE          G,KISSIMMEE,FL,AMBR,OTERO               JOSE          G,,,,,20260403_corporate.txt
L26000176349,"MFM SHOW PIGS, LLC",A,FLAL,6395 COUNTY ROAD 305,,BUNNELL,,32110,03262026,,INC AUTHORITY RA,ORLANDO,FL,MGR,MYERS               MADISON,,,,,20260403_corporate.txt
L26000176359,"BEVERLY HILLS TILE, LLC",A,FLAL,5 DONNA CT,,BEVERLY HILLS,,34465,03232026,,"USACCOUNTING OFFICE, INC.",BROOKSVILLE,FL,MGRM,FITCH               SCOTT         A,,,,,20260403_corporate.txt
L26000176369,"WOMEN IN ACTION COLLECTIVE, LLC",A,FLAL,4040 NORTHWEST 93RD AVENUE,,SUNRISE,,33351,03262026,,ELLIS               CAROLYN       A,SUNRISE,FL,,,,,,,20260403_corporate.txt
L26000176379,"JC IRON FAITH, LLC",A,FLAL,301 SALMON CT,,KISSIMMEE,,34759,03262026,,INC AUTHORITY RA,ORLANDO,FL,MGR,BERMUDEZ            CHRISTIAN,MGR,TORRES              JOAN,,,20260403_corporate.txt
L26000176389,MITCHELL SCOTT WAXLER LLC,A,FLAL,2894 COUNTY ROAD 503,,WILDWOOD,,34785,03262026,,WAXLER              MITCHELL,WILDWOOD,FL,AMBR,WAXLER              MITCHELL,,,,,20260403_corporate.txt
L26000176399,RKCTOOLS LLC,A,FLAL,5719 REVENWOOD DR,,SARASOTA,,34243,03262026,,CHUNG               RYAN          K,SARASOTA,FL,AMBR,CHUNG               RYAN          K,,,,,20260403_corporate.txt
L26000176409,"MCKINNEY HOME MAINTENANCE & REPAIR, LLC",A,FLAL,304 HAMMOCK OAK CIR,,DEBARY,,32713,03262026,,INC AUTHORITY RA,ORLANDO,FL,MGR,MCKINNEY            BRANDON,,,,,20260403_corporate.txt
L26000176419,NEXGEN PLUMBING LLC,A,FLAL,463688 FL-200,SUITE 1 PMB #409,YULEE,,32097,03262026,,"NEXGEN HOLDINGS, LLC",YULEE,FL,MGR,NEXGEN HOLDINGS LLC,AMBR,GALLAGHER           MARK          A,,,20260403_corporate.txt
L26000176429,ANILSA HOME CARE LLC,A,FLAL,5154 HEMINGWAY CIR.,2906,NAPLES,,34116,03262026,,PINO LARAS          ANILSA,NAPLES,FL,MGR,PINO LARAS          ANILSA,,,,,20260403_corporate.txt
L26000176439,"BURGER DADDY FT. PIERCE, LLC",A,FLAL,900 SE INDIAN STREET,,STUART,,34997,03262026,,SABRA               RICHARD       B,HOLLYWOOD,FL,MGR,KERR                RONALD,,,,,20260403_corporate.txt
L26000176449,NEXXT ONE RENTAL LLC,A,FLAL,12684 ENCLAVE DR,,ORLANDO,,32837,03262026,,MEDINA GIL          RAFAEL        J,ORLANDO,FL,MGR,MEDINA GIL          RAFAEL        J,AMBR,MEDINA MARTINEZ     GEORGE        E,,,20260403_corporate.txt
L26000176459,PARAWA VIVE LLC,A,FLAL,66 W FLAGLER STREET,908,MIAMI,,33130,03262026,,ORTIZ               ALBERTO,MIAMI,FL,MGR,ORTIZ               ALBERTO,MGR,PRIWIN              VICTOR,MGR,MILLAN              ALFREDO,20260403_corporate.txt
L26000176469,THE LAURELES RANCH LLC,A,FLAL,3440 NE 56TH STREET,,OCALA,,34479,03262026,,TORREJON            MARTIN        MJR,OCALA,FL,MGR,TORREJON            MARTIN        MJR,AMBR,TORREJON            MARTIN         SR,,,20260403_corporate.txt
L26000176479,B & J DREAM HOMES LLC,A,FLAL,2110 SANTA BARBARA BLVD N,,CAPE CORAL,,33993,03262026,,DE LA ROSA          JULIO         A,CAPE CORAL,FL,AMBR,DE LA ROSA          JULIO         A,,,,,20260403_corporate.txt
L26000176489,VICTORY MULTI-SERVICES LLC,A,FLAL,501 SE WALTER TERRACE,,PORT SAINT LUCI,,34983,03262026,,VICTOR              ADILIA,PORT SAINT LUCI,FL,,,,,,,20260403_corporate.txt
L26000176499,MACK FIREARMS LLC,A,FLAL,12970 FERNWAY RD,,ORLANDO,,32832--642,03262026,,MACK                JUSTIN,ORLANDO,FL,MGR,MACK                JUSTIN,,,,,20260403_corporate.txt
L26000176509,CHESSSTACK LLC,A,FLAL,5004 E COLONIAL DR,APT 2,TAMPA,,33611,03262026,,STARR               KEVIN         R,TAMPA,FL,AMBR,STARR               KEVIN         R,,,,,20260403_corporate.txt
L26000176519,S.C MEAD PROPERTIES LLC,A,FLAL,725 BRIARCREST DR,,ORANGE,,32763,03262026,,MEAD                STEFFEN,ORANGE,FL,MGR,MEAD                STEFFEN,MGR,MEAD                CORI,,,20260403_corporate.txt
L26000176529,TD LEGACY VENTURES LLC,A,FLAL,1726 E 7TH AVE STE 2,,TAMPA,,33605,03262026,,DUBOSE II           ERNEST,SARASOTA,FL,AMBR,DUBOSE              ERNEST,AMBR,DUBOSE              EDWARD,,,20260403_corporate.txt
L26000176539,SYROX LLC,A,FLAL,1000 BRICKELL AVE,SUITE 715 PMB 2133,MIAMI,,33131,04032026,,FAOUZI              RAID          M,MIAMI,FL,MGR,FAOUZI              RAID          M,,,,,20260403_corporate.txt
L26000176549,TUFFTAYSKITCHENLLC,A,FLAL,220 BELMONT RD,,TALLAHASSEE,,32303,03262026,,HUGGINS             TAVIA         N,TALLAHASSEE,FL,,,,,,,20260403_corporate.txt
L26000176559,EPAC HOUSE LLC,A,FLAL,1000 S STATE RD 7,,PLANTATION,,33317,03262026,,TORABI              ESMAELLE,PLANTATION,FL,AMBR,TORABI              ESMAELLE,,,,,20260403_corporate.txt
L26000176569,"MVSRVS LIMITED XI, LLC",A,FLAL,2781 N. E. 21ST TERRACE,,LIGHTHOUSE POINT,,33064,03302026,,VON STEIN           GAYLE,LIGHTHOUSE POINT,FL,AMBR,VON STEIN           GAYLE,,,,,20260403_corporate.txt
L26000176579,"MIND,BODY AND SOUL MENTAL HEALTH COUNSELING LLC",A,FLAL,132 WOODLANDS RD,,PALM SPRINGS,,33461,03262026,,MCKEAN              JENNA,PALM SPRINGS,FL,MGR,MCKEAN              JENNA,AP,GONNELLA            ALTEA,,,20260403_corporate.txt
L26000176589,LA TIA CLEANNING SERVICES LLC,A,FLAL,"2125 BISCAYNE BLVD, STE 204 #25620",,MIAMI,,33137,03262026,,DESIR MATEO         MYLON LAZARO,MIAMI,FL,AMBR,DESIR MATEO         MYLON LAZARO,AMBR,SAURA PEREZ         INDIALA,,,20260403_corporate.txt
L26000176599,TOSBELL TECHNOLOGIES LLC,A,FLAL,150 SE 2ND AVE 1403 #6799,,MIAMI,,33131,04022026,,LUPA ENTERPRISES INC,MIAMI,FL,MGRM,ISSA JOHNNY JADALLA MARIA MIGUEL,,,,,20260403_corporate.txt
L26000176609,"CB BEAUTY SUPPLY, LLC.",A,FLAL,1702 N. 50TH. STREET,,TAMPA,,33617,04012026,,BARBALHO            CAROLINA,TAMPA,FL,MGR,BARBALHO            CAROLINA,MGR,ALI                 AMEEN         S,,,20260403_corporate.txt
L26000176619,"BRICKSTONE REAL ESTATE GROUP, LLC",A,FLAL,2198 MAN OF WAR,,WEST PALM BEACH,,33411,04022026,,AHEARN              MICHAEL,WEST PALM BEACH,FL,MGR,AHEARN              MICHAEL,,,,,20260403_corporate.txt
L26000176629,MARSHSEVEN LLC,A,FLAL,7901 4TH ST N,SUITE 300,ST. PETERSBURG,,33702,03262026,,NORTHWEST REGISTERED AGENT LLC,ST. PETERSBURG,FL,AMBR,MARSH               JOSEPH,AMBR,MARSH               JENNIFER,,,20260403_corporate.txt
L26000176639,JACOBS BRANCH FARMS LLC,A,FLAL,543 MOCKINGBIRD LANE,,CHATTAHOOCHEE,,32324,03262026,,BARINEAU            CHASE         R,TALLAHASSEE,FL,MGR,BARINEAU            CHASE,,,,,20260403_corporate.txt
L26000176649,"VOIGT'S CRANE RENTAL OF GEORGIA, LLC",A,FLAL,2011 SPRINGHILL DRIVE,,VALDOSTA,,31602,03262026,,MATHIS              CHRIS,PERR,FL,MGR,VOIGT               KENNETH       M,,,,,20260403_corporate.txt
L26000176659,PATIENT LLC,A,FLAL,7901 4TH ST N STE 300,,ST. PETERSBURG,,33702,03262026,,NORTHWEST REGISTERED AGENT LLC,ST. PETERSBURG,FL,AMBR,ROCK ETERNAL HOLDINGS LLC,,,,,20260403_corporate.txt
L26000176669,ANS GROUP VENTURES LLC,A,FLAL,12665 PINNACLE LN,,VENICE,,34293,03262026,,WANG                MIN,VENICE,FL,MGR,WANG                MIN,,,,,20260403_corporate.txt
L26000176679,HOLDING NOVO CORPORATE LLC,A,FLAL,2600 SW 27TH AVENUE,1004,MIAMI,,33133,03272026,,CARRILLO            ELIAS,MIAMI BEACH,FL,MBR,RACHID              JESUS,,,,,20260403_corporate.txt
L26000176689,LE GOUT DU BEAU LLC,A,FLAL,10390 SW 167TH STREET,,MIAMI,,33157,03262026,,ALCE                KERY,FORT LAUDERDALE,FL,CEO,SYLVERISTE          NICOLAS,,,,,20260403_corporate.txt
L26000176699,LAGA CONSTRUCTION LLC,A,FLAL,45 BIRCH ST,,HOLLYWOOD,,33023,03262026,,GARCIA ALEGRIA      LUIS          A,HOLLYWOOD,FL,AMBR,GARCIA ALEGRIA      LUIS          A,,,,,20260403_corporate.txt
L26000176709,AMEN 3 FOIS GIFT SHOP LLC,A,FLAL,5348 SILVER STAR RD,,ORLANDO,,32808,03262026,,PIERRE-FILS         MARIO,HAINES CITY,FL,CEO,PREVIL              HERLINE,,,,,20260403_corporate.txt
L26000176719,"THREE JAYS DEVELOPMENT, LLC",A,FLAL,16432 BRAEBURN RIDGE TRAIL,,DELRAY BEACH,,33446,03282026,,HARRIS              LAWRENCE      M,DELRAY BEACH,FL,MGR,HARRIS              LAWRENCE,,,,,20260403_corporate.txt
L26000176729,MITCHELL ENDEAVOR LLC,A,FLAL,101 LAKE AVE,1604,ORLANDO,,32801,03262026,,MITCHELL            DANIEL,ORLANDO,FL,,,,,,,20260403_corporate.txt
L26000176739,D.A.T.T  MULTI-SERVICES LLC,A,FLAL,5508 NW EAST TORINO PKWY,202,PORT SAINT LUCIE,,34986,03212026,,WILLIAMS            DE'VAUGHN     T,PORT SAINT LUCIE,FL,MGR,WILLIAMS            DE'VAUGHN     T,,,,,20260403_corporate.txt
L26000176749,91ST AVE LLC,A,FLAL,10938 91ST AVE,,SEMINOLE,,33772,03262026,,MILLS               ERIC          P,SEMINOLE,FL,MGR,MILLS               ERIC          P,,,,,20260403_corporate.txt
L26000176759,VANTORRX LLC,A,FLAL,2139 N UNIVERSITY DR UNIT #5318,,CORAL SPRINGS,,33071,03262026,,NORTHWEST REGISTERED AGENT LLC,ST. PETERSBURG,FL,,,,,,,20260403_corporate.txt
